x,y,utc,discipline,flight_id
446544.2379287842,6874930.108720405,1307789184.0,paragliders,20106191
446763.8497616311,6874989.338012034,1309441152.0,paragliders,20106918
448673.7129294083,6873177.366890441,1309437184.0,paragliders,20107087
445919.5969174438,6870647.545469617,1336914048.0,paragliders,20114710
447234.1188019403,6870560.651226621,1337185792.0,paragliders,20115003
447672.17868465534,6870084.633330025,1337168640.0,paragliders,20115007
446164.9533586546,6874729.678248386,1338207872.0,paragliders,20115424
447455.4880423964,6871305.329047034,1338208768.0,paragliders,20115424
446725.19990627014,6870406.010453836,1338209408.0,paragliders,20115424
447012.54635444283,6874991.124960548,1343482496.0,paragliders,20118918
447971.6544249569,6874897.722382572,1343647744.0,paragliders,20119019
446984.23581466696,6874898.608417517,1345650944.0,paragliders,20120709
448143.7447028604,6873935.941993419,1345648768.0,paragliders,20120722
445462.3431931612,6870081.607859305,1345737600.0,paragliders,20120838
445904.50074654,6873385.5124529535,1346156800.0,paragliders,20121112
445393.32901653415,6874542.064562336,1349009024.0,paragliders,20122305
447222.81801431923,6870120.36016939,1367154176.0,paragliders,20126880
448191.51699164667,6870066.218279806,1369577216.0,paragliders,20128537
447998.02583916753,6874751.762081112,1372947328.0,paragliders,20130913
447375.43261096015,6870013.3790856935,1377692928.0,paragliders,20135511
448544.1858115364,6872309.298968948,1397043456.0,paragliders,20141276
445177.1266394999,6872764.346580994,1397044480.0,paragliders,20141276
446244.6910464251,6870736.499387921,1397219456.0,paragliders,20141579
446306.35607568664,6870759.111208353,1397219456.0,paragliders,20141592
446694.8634950958,6870038.598649257,1397910144.0,paragliders,20142668
447603.88483685174,6870243.163483765,1402221312.0,paragliders,20147312
446838.8290400265,6870054.298567066,1404302080.0,paragliders,20149423
445786.8952169264,6874503.5642269775,1404383616.0,paragliders,20149460
447336.64138783596,6874941.838500222,1405337856.0,paragliders,20149973
446747.43091794354,6874801.834134857,1405332480.0,paragliders,20149989
446733.28452152485,6874990.337872955,1405348480.0,paragliders,20149997
446902.2683849813,6874899.713416474,1405351680.0,paragliders,20149997
446291.73530497367,6874982.102564775,1405345920.0,paragliders,20150000
449183.59573296894,6873789.512930335,1405347328.0,paragliders,20150000
449248.7566827405,6873773.847990433,1405347328.0,paragliders,20150000
449315.5510543053,6873835.3928091545,1405347328.0,paragliders,20150000
449275.6117953817,6873906.965607643,1405347328.0,paragliders,20150000
449191.6253180555,6873973.043502003,1405347328.0,paragliders,20150000
447057.5620469019,6874878.289566637,1405337856.0,paragliders,20150007
446703.6622608426,6874826.179069351,1405332362.6666667,paragliders,20150027
449950.4106286354,6873284.087533112,1431865472.0,paragliders,20164901
447026.7267228789,6874970.973595047,1432985216.0,paragliders,20166097
448796.13382017,6874551.19702208,1432986368.0,paragliders,20166319
446847.7190386222,6874850.276891566,1433339904.0,paragliders,20166947
445199.5034280432,6873793.651421275,1434190720.0,paragliders,20168006
445923.5837702226,6873751.769795458,1434204672.0,paragliders,20168036
445071.4124716746,6874968.339878086,1434190208.0,paragliders,20168080
445240.3772278758,6873809.988241567,1434190592.0,paragliders,20168080
445242.0008245509,6873817.715493115,1434190592.0,paragliders,20168080
445248.6339362808,6873841.747050441,1434190645.8970091,paragliders,20168080
446311.6723970404,6874961.066639329,1436011392.0,paragliders,20170733
447619.9215998248,6874518.089675308,1435500032.0,paragliders,20173183
448498.71702519216,6874494.232051878,1435500288.0,paragliders,20173183
447781.8604695188,6874133.817313086,1441193984.0,paragliders,20176842
447448.6420073773,6870063.327811903,1441542272.0,paragliders,20177094
447276.29127928923,6870065.1253158,1441536896.0,paragliders,20177117
447135.3598417599,6870022.443908088,1441537024.0,paragliders,20177161
447160.39971267135,6870009.234223339,1441633408.0,paragliders,20177242
445980.35176870954,6870055.1359288525,1443275392.0,paragliders,20178205
446643.46342576895,6870395.614612903,1457788544.0,paragliders,20181215
446665.39021769085,6870236.7438051645,1457788672.0,paragliders,20181220
446532.70075660525,6874708.969565399,1460982272.0,paragliders,20183937
446436.5167917263,6874245.980069047,1460983680.0,paragliders,20183966
445366.9641564953,6872928.265474975,1460984064.0,paragliders,20183966
446939.9922214573,6873924.647775162,1461837568.0,paragliders,20184628
448603.09694225574,6872819.365057376,1461837952.0,paragliders,20184628
448688.214332411,6872772.008318465,1461837952.0,paragliders,20184628
448816.26065595035,6872771.020755719,1461837952.0,paragliders,20184628
447357.26654685737,6874120.650150957,1461836672.0,paragliders,20184656
446923.4627325329,6874954.436744648,1463326976.0,paragliders,20187295
446591.1974790892,6874851.850036757,1463326336.0,paragliders,20187311
447028.6411178575,6874415.9200492855,1463401216.0,paragliders,20187434
445303.1762591355,6870464.360312605,1464095872.0,paragliders,20188533
446764.46248036204,6874646.221495686,1466339712.0,paragliders,20189953
447319.45740955893,6874718.472036695,1466339840.0,paragliders,20189961
447345.276581884,6874957.721041634,1466769792.0,paragliders,20190540
448925.2433169026,6871893.902316288,1466770944.0,paragliders,20190540
446916.56497110997,6874136.556419063,1467981440.0,paragliders,20192455
446867.03874642635,6874983.768018736,1469360640.0,paragliders,20194448
447672.5662684494,6874676.482498977,1469361536.0,paragliders,20194449
447679.63694565697,6874669.618714891,1469361536.0,paragliders,20194449
447683.214841123,6874637.961143356,1469361536.0,paragliders,20194449
448135.82953514747,6874839.105295407,1469361664.0,paragliders,20194449
446841.80338400934,6874966.0901604965,1469360640.0,paragliders,20194453
447672.9649271829,6870021.549724504,1471350656.0,paragliders,20197705
446149.4658124176,6874123.387467155,1471874432.0,paragliders,20198455
449727.56781640707,6874685.196555313,1471875072.0,paragliders,20198455
447243.78442573716,6874068.095680343,1474633344.0,paragliders,20202752
445730.9128196622,6874496.150187175,1474634112.0,paragliders,20202752
446911.0018373474,6870182.240961279,1476189696.0,paragliders,20203236
446884.78092647315,6870134.0485561425,1492594816.0,paragliders,20211572
446938.1832100236,6870357.01125009,1492954880.0,paragliders,20212368
447019.6741750889,6870144.622167545,1492955776.0,paragliders,20212685
446424.374721723,6874810.011360202,1494764928.0,paragliders,20213825
446141.27791625046,6874288.023942237,1494760064.0,paragliders,20213976
446882.56660842866,6874353.140760741,1494772224.0,paragliders,20213982
447865.9340296643,6874661.144712683,1496573440.0,paragliders,20217458
446576.09786846966,6874791.792876876,1496573184.0,paragliders,20217473
446640.88682757976,6874781.580859251,1496573184.0,paragliders,20217473
446746.00972698134,6874832.548138715,1496573184.0,paragliders,20217473
447803.906833467,6874727.897185604,1496573549.9302824,paragliders,20217484
446469.52535898617,6874728.309638915,1496573184.0,paragliders,20217497
447728.5273630471,6870007.202388213,1497700608.0,paragliders,20218817
445291.33462508046,6872600.641179344,1497703936.0,paragliders,20218817
446523.4060292309,6870197.410617341,1497786496.0,paragliders,20218910
447142.8033462811,6874831.455465776,1498229504.0,paragliders,20219690
449720.83380807145,6873767.110754478,1500126720.0,paragliders,20221336
446236.8742378566,6874760.073339223,1500118272.0,paragliders,20221353
446696.5624383807,6870450.544379252,1500299904.0,paragliders,20221663
446914.4247722685,6872777.6472855415,1501507328.0,paragliders,20222297
446205.74779990583,6874239.415595335,1501508480.0,paragliders,20222297
446179.1258734212,6874280.140371831,1501508480.0,paragliders,20222297
446229.7880774435,6874215.4332408905,1501508480.0,paragliders,20222297
445655.64687552303,6874914.607032102,1501592448.0,paragliders,20222312
445658.5061813194,6874909.207737129,1501592448.0,paragliders,20222312
445663.88649266516,6874903.432563285,1501592448.0,paragliders,20222312
446495.22125142335,6874432.838127101,1502020992.0,paragliders,20222733
447755.01820748573,6874885.057687999,1502027520.0,paragliders,20222895
448956.84189841116,6873516.687619459,1502030336.0,paragliders,20223046
446348.9985268889,6874294.330575904,1502460416.0,paragliders,20223190
448674.23578802793,6874686.346261441,1503234304.0,paragliders,20224208
448766.88861400826,6874758.431022575,1503234816.0,paragliders,20224208
447014.26266350865,6874173.087523149,1504364416.0,paragliders,20225457
446842.26555512135,6874267.06624745,1507121024.0,paragliders,20227599
446808.74041664106,6874253.380577557,1507121024.0,paragliders,20227599
446102.4976940538,6874011.584173577,1507121280.0,paragliders,20227599
446534.85948021716,6874973.570749281,1507122560.0,paragliders,20227599
446528.1344461374,6874970.155310298,1507122560.0,paragliders,20227599
446525.28635121987,6874962.128060303,1507122560.0,paragliders,20227599
447795.3826829536,6873536.027673731,1507123456.0,paragliders,20227599
446639.7709841213,6874382.182569625,1522925824.0,paragliders,20231597
446605.0025756694,6874386.124428833,1522925824.0,paragliders,20231597
446594.63863947015,6874338.053533434,1522925824.0,paragliders,20231597
446350.44781016326,6874028.947293346,1522925953.6046288,paragliders,20231597
447211.6492549228,6874509.297580568,1524923008.0,paragliders,20237564
445897.74108087603,6874689.731885622,1525181568.0,paragliders,20237745
446710.28317935613,6870432.652712012,1525439744.0,paragliders,20237946
446310.21082678816,6870438.753785957,1525697664.0,paragliders,20238394
447522.6167277777,6870389.620485774,1525696000.0,paragliders,20238437
448564.7459291237,6872850.590353609,1525870848.0,paragliders,20238598
446725.0528580384,6874482.156070039,1525872256.0,paragliders,20238598
447276.4084150316,6874894.414584759,1525874688.0,paragliders,20238598
446494.2135863943,6874676.458215836,1525872128.0,paragliders,20238633
446013.4824105563,6870524.799613066,1525697792.0,paragliders,20239053
448455.9526958757,6871941.731975917,1526211840.0,paragliders,20239137
445090.2786021193,6870598.701163413,1529493248.0,paragliders,20242042
446025.075315947,6870729.259433959,1529749120.0,paragliders,20242551
446714.7552560185,6870230.53359847,1529756928.0,paragliders,20242563
446686.72337205807,6870244.921212421,1529757056.0,paragliders,20242600
446611.3156416795,6870221.440526422,1529757056.0,paragliders,20242888
445482.7765845971,6871541.88171708,1531667456.0,paragliders,20245584
445775.95213470125,6874915.6323298635,1532264192.0,paragliders,20246260
445776.5981756614,6874914.811620281,1532264192.0,paragliders,20246260
445816.8011796707,6874900.602580405,1532264192.0,paragliders,20246260
446143.9241995075,6874700.421039095,1532264448.0,paragliders,20246304
446258.7067924231,6874510.158833901,1533550592.0,paragliders,20248680
445923.5650704025,6871026.250452166,1533551616.0,paragliders,20248680
449100.29396919673,6874659.154414331,1533566080.0,paragliders,20248693
446843.88237509,6874827.378222888,1533728896.0,paragliders,20248882
446576.2174619746,6870322.663070979,1535893760.0,paragliders,20251530
449428.783150058,6873364.428999945,1536406016.0,paragliders,20251985
445475.39707358956,6874454.5337172635,1537017216.0,paragliders,20253032
446351.3666236869,6874735.361835113,1537103872.0,paragliders,20253224
447413.161730774,6873423.112572045,1537105536.0,paragliders,20253224
445942.76626035525,6870299.838135069,1553347328.0,paragliders,20257845
445666.348180405,6870156.71037304,1553347328.0,paragliders,20257985
445334.9565151319,6870018.458006848,1553347456.0,paragliders,20257985
446869.9451567277,6870038.164446123,1553603584.0,paragliders,20258481
447062.4984882523,6871003.370691152,1553689984.0,paragliders,20258549
447640.8328096638,6870050.577471782,1553690112.0,paragliders,20258587
446575.2060478518,6874783.676544661,1553956992.0,paragliders,20259076
446755.5325096509,6874767.24533716,1553956992.0,paragliders,20259325
445944.8592614801,6870012.834325452,1554033024.0,paragliders,20259535
446155.8276533661,6870086.2258420875,1554036608.0,paragliders,20259736
446986.0718877023,6870406.0444692485,1554036480.0,paragliders,20259972
446484.4691358637,6870015.567419043,1554032896.0,paragliders,20260201
445557.7763869122,6874900.574945862,1554651008.0,paragliders,20260407
446750.272666046,6870206.107575279,1555072000.0,paragliders,20260635
446612.7651106123,6870277.965480265,1555072000.0,paragliders,20260658
445812.2840942984,6871091.787063041,1555152384.0,paragliders,20260850
445768.8903123497,6871090.771817339,1555152384.0,paragliders,20260850
445743.93633879407,6871128.175471125,1555152384.0,paragliders,20260850
446395.54819945636,6874211.337212256,1554637568.0,paragliders,20260966
448282.91322240036,6873664.746240289,1554638208.0,paragliders,20260966
449906.56015498796,6873230.346511973,1554638848.0,paragliders,20260966
446908.51715864666,6871089.928742471,1555152000.0,paragliders,20260989
446599.3730248402,6870119.1615051655,1555676928.0,paragliders,20261501
445995.99824324844,6870363.151485239,1555680512.0,paragliders,20261571
446834.7242634315,6870430.807585049,1555680384.0,paragliders,20261574
447154.3692236321,6870280.608941572,1555853440.0,paragliders,20262096
445356.18347934645,6874479.151407856,1555932800.0,paragliders,20262135
445701.01905472466,6874677.647834297,1555933952.0,paragliders,20262164
446998.1678765849,6870222.870492401,1555853440.0,paragliders,20262264
445399.5066254093,6874938.727831441,1555933184.0,paragliders,20262404
446125.2011581332,6874823.683076106,1555934208.0,paragliders,20262404
446023.6973519459,6874688.798662448,1557145856.0,paragliders,20263638
446953.5932922359,6873292.893382233,1557142784.0,paragliders,20263693
446754.618679972,6870307.745257261,1557656448.0,paragliders,20264038
446490.4884925102,6870061.2741164835,1557656576.0,paragliders,20264117
446758.86613190826,6870087.4791577235,1557657088.0,paragliders,20264117
448521.1872561503,6874504.8137079645,1558529792.0,paragliders,20264603
446724.77727440564,6870212.0630354,1557656448.0,paragliders,20265282
447100.3035443835,6874483.150784321,1559572224.0,paragliders,20267242
447549.6403172949,6874726.736530323,1559572096.0,paragliders,20267355
446333.91710644664,6874846.64264865,1560779904.0,paragliders,20268390
448280.4036710404,6873849.9862458445,1561030656.0,paragliders,20268576
447299.21476170456,6870068.787767798,1562328448.0,paragliders,20270041
446552.29286563816,6870143.060594111,1562327552.0,paragliders,20270100
445369.5097388454,6872118.541847941,1562328192.0,paragliders,20270100
445639.3138486897,6874601.365691258,1562328832.0,paragliders,20270100
448233.83780517086,6870008.158676721,1562333824.0,paragliders,20270100
446660.82437111536,6874905.765954223,1562842112.0,paragliders,20270677
446197.07595801493,6874525.522903795,1562851328.0,paragliders,20270684
447846.8801056558,6874583.567463975,1563365120.0,paragliders,20271316
447834.58475741895,6874607.239806814,1563365120.0,paragliders,20271316
447876.71930190956,6874547.275286994,1563365120.0,paragliders,20271316
446667.601568851,6874911.1965007195,1563716736.0,paragliders,20271913
446676.2946591893,6874922.264413479,1563716736.0,paragliders,20271913
446681.8286245745,6874933.178858345,1563716736.0,paragliders,20271913
446098.508976905,6874983.574364154,1563718016.0,paragliders,20271913
446106.1094818894,6874960.795599362,1563718016.0,paragliders,20271913
447512.2290480112,6874922.481013846,1564307456.0,paragliders,20272907
446797.41730022785,6874180.329324221,1564304896.0,paragliders,20272935
447194.61347191985,6874994.8965199785,1564307456.0,paragliders,20272949
446801.4232727104,6874265.894460181,1564304768.0,paragliders,20272955
446392.7909688363,6874617.392405632,1563718528.0,paragliders,20273742
446054.34382426966,6874903.664713058,1565168896.0,paragliders,20273846
446049.6358146561,6874875.5275700195,1565168896.0,paragliders,20273846
446038.78277150873,6874867.625348689,1565168896.0,paragliders,20273846
448866.01944909955,6873747.300322698,1565172736.0,paragliders,20273846
446542.3467199146,6873948.35344859,1566481408.0,paragliders,20274942
446074.2410909014,6873966.108013113,1566480896.0,paragliders,20274944
446495.7702878442,6873995.583947375,1566481152.0,paragliders,20274944
447961.8604448688,6873915.130342527,1566311040.0,paragliders,20274961
447245.0902168196,6874442.804503147,1566310656.0,paragliders,20275017
447228.14206921833,6874457.717650906,1566310784.0,paragliders,20275325
446686.7973693368,6871365.791088128,1567088128.0,paragliders,20276182
445857.2460181666,6873926.194077247,1567088896.0,paragliders,20276182
449045.5734634847,6871745.617830457,1567095168.0,paragliders,20276182
445046.2809711914,6873505.632892694,1567092608.0,paragliders,20276234
445048.02447288926,6873486.736215431,1567092608.0,paragliders,20276234
445082.2580039835,6873453.961410211,1567092608.0,paragliders,20276234
445103.5556147755,6873460.739467176,1567092608.0,paragliders,20276234
445097.19840861036,6873485.068775025,1567092608.0,paragliders,20276234
445111.74278161896,6873437.403312762,1567092608.0,paragliders,20276234
445111.0448029274,6873439.938845133,1567092608.0,paragliders,20276234
445625.4827004866,6873859.629926107,1567092992.0,paragliders,20276234
446061.6728235629,6873751.66641561,1567179392.0,paragliders,20276277
447597.95307856146,6873302.504301177,1567330816.0,paragliders,20276434
447825.7546157209,6874639.576517372,1567511936.0,paragliders,20276552
447825.04403679084,6874614.21260958,1567511936.0,paragliders,20276552
447849.5570876652,6874681.176728991,1567512025.7470903,paragliders,20276552
449913.13498169254,6874370.52462451,1567512320.0,paragliders,20276552
447250.7000636729,6874386.100420575,1567512064.0,paragliders,20276568
447272.1166040656,6874407.815775072,1567512064.0,paragliders,20276568
447255.1176645553,6874421.83122711,1567512064.0,paragliders,20276568
447692.37812659016,6870197.111726799,1589630208.0,paragliders,20280640
447365.0492029321,6871211.496102173,1589630720.0,paragliders,20280640
446602.8448714818,6874979.901950929,1589811456.0,paragliders,20280783
446417.4995246609,6874940.8015338965,1590330368.0,paragliders,20281625
446730.3955933986,6874927.373161867,1594125056.0,paragliders,20285953
446540.24641954654,6874938.7532561375,1594984704.0,paragliders,20287230
446849.7808975816,6873948.018930987,1594985216.0,paragliders,20287230
446261.86078808573,6874762.028593844,1594992384.0,paragliders,20287233
446192.54291455506,6874791.0436277585,1594992384.0,paragliders,20287233
446005.76789132925,6874476.949702897,1594992512.0,paragliders,20287233
446511.18664769566,6874410.899469417,1595082880.0,paragliders,20287308
446552.58615157264,6874891.520611089,1595163264.0,paragliders,20287502
446471.8784614199,6874035.501905577,1595163520.0,paragliders,20287699
449984.127873314,6873504.247084675,1596032512.0,paragliders,20288943
447743.0491471335,6874820.198706252,1599654528.0,paragliders,20293224
447486.58432924555,6874325.35851926,1599655424.0,paragliders,20293224
447331.739619268,6874655.364788709,1599655808.0,paragliders,20293224
446854.3110975107,6874990.679818988,1616675200.0,paragliders,20297898
449240.6619907233,6873085.129768085,1616677248.0,paragliders,20297898
446453.3507797796,6874707.653714079,1616668928.0,paragliders,20298023
445508.09337538277,6874490.299099713,1616670464.0,paragliders,20298023
447318.79409080814,6874941.542064945,1621345664.0,paragliders,20300579
447188.6265795977,6874935.692695022,1621345664.0,paragliders,20300581
447186.6937922834,6874938.220846142,1621345664.0,paragliders,20300581
445048.23900674493,6870460.643092755,1622288384.0,paragliders,20301575
445420.9990549967,6871201.142151846,1622369024.0,paragliders,20301827
445240.09484551725,6870976.369155217,1622369536.0,paragliders,20301827
447246.1538323869,6870338.179117449,1622372224.0,paragliders,20301827
445814.1182270963,6871325.420280025,1622369408.0,paragliders,20301889
446988.91499432246,6870638.2140267305,1622371200.0,paragliders,20301889
447088.44356513023,6874520.007995874,1625142144.0,paragliders,20304483
446427.4347749038,6874695.44473775,1625141888.0,paragliders,20304496
446241.8097498036,6874920.363114587,1625142656.0,paragliders,20304496
445550.813076104,6874414.667176043,1625144448.0,paragliders,20304496
445069.3426908767,6870305.740328797,1626784640.0,paragliders,20305563
445087.6164399525,6870370.56819571,1626784640.0,paragliders,20305570
445247.8533518051,6870982.635811122,1626780559.3615313,paragliders,20305583
445187.2890637347,6870985.282264287,1626780672.0,paragliders,20305583
445112.4972497391,6870870.577437572,1626780672.0,paragliders,20305583
445059.7326984073,6870579.533535278,1626783744.0,paragliders,20305620
446688.8083024502,6870545.305909816,1626781952.0,paragliders,20305771
446002.89119762066,6870153.811848932,1626882304.0,paragliders,20305780
447043.72744903906,6874614.8473249795,1622895616.0,paragliders,20305862
446780.056964562,6870627.113853859,1626781952.0,paragliders,20306009
446422.0877243087,6874485.074819889,1628775936.0,paragliders,20307192
446378.1092485621,6874499.116359859,1628775936.0,paragliders,20307192
446502.3728022228,6873872.480736823,1628777600.0,paragliders,20307192
447026.2171060635,6873813.071764194,1628870400.0,paragliders,20307334
447155.6252839092,6870552.517818525,1630064000.0,paragliders,20308457
447153.2973369741,6870552.090904025,1630064000.0,paragliders,20308457
447491.98060802795,6870643.135734716,1630064136.00089,paragliders,20308457
447091.86581234,6870713.977885921,1630669952.0,paragliders,20308995
446111.22929670906,6871251.936005546,1630670464.0,paragliders,20308995
446116.931582568,6871289.059251833,1630670464.0,paragliders,20308995
446086.1324970347,6871293.235675216,1630670464.0,paragliders,20308995
446422.960406219,6870549.158273254,1630669056.0,paragliders,20309017
446421.19787702046,6870556.002950191,1630669056.0,paragliders,20309017
446435.3024483055,6870573.058483241,1630669056.0,paragliders,20309017
446508.42436804605,6870761.565463802,1630669696.0,paragliders,20309017
446468.83122115483,6870740.023461675,1630671104.0,paragliders,20309017
445888.7116909131,6874983.647189913,1631365504.0,paragliders,20309787
448348.4571144016,6874500.711263199,1631365760.0,paragliders,20309790
446394.4544559728,6874662.264932577,1631366528.0,paragliders,20309797
446418.1445666119,6874684.176348007,1631366528.0,paragliders,20309797
446501.26758812985,6874657.660353365,1631366528.0,paragliders,20309797
446505.15203906357,6874668.331614526,1631366528.0,paragliders,20309797
447263.2298887051,6874093.91215598,1631369472.0,paragliders,20309823
447531.55214427673,6874097.254246238,1631369600.0,paragliders,20309827
446039.66142785666,6873924.781619647,1631368960.0,paragliders,20309828
446104.3070684205,6873921.817792368,1631368960.0,paragliders,20309828
446217.90584935364,6873889.169386999,1631368960.0,paragliders,20309828
447077.0995030504,6874319.032431155,1631365504.0,paragliders,20309830
449448.66641641746,6871741.692683445,1631367040.0,paragliders,20309830
447663.89218055835,6874168.172799454,1631365632.0,paragliders,20310007
447724.22865597473,6874126.8343914915,1631365632.0,paragliders,20310007
447774.63835582737,6874196.0361542795,1631365632.0,paragliders,20310007
447801.2371612649,6870624.984768434,1650114048.0,paragliders,20317916
447046.13334810844,6870404.14183187,1650115840.0,paragliders,20317965
446632.33531948633,6870116.52532822,1650114560.0,paragliders,20317974
446601.2983867011,6870013.403757291,1650973568.0,paragliders,20318948
445976.9246873076,6870181.329113359,1650969088.0,paragliders,20319004
446804.4637197107,6870576.0455263695,1650973568.0,paragliders,20319011
447299.52375061443,6870005.975331503,1651057152.0,paragliders,20319090
446744.0032629186,6870231.479980142,1651576192.0,paragliders,20319978
446789.3986842675,6870237.2688112045,1651576320.0,paragliders,20320002
447106.32206139894,6870182.925501775,1652022272.0,paragliders,20320278
447858.028620586,6870232.199865808,1652025600.0,paragliders,20320278
445951.9964116388,6873755.696847833,1652101632.0,paragliders,20320406
445743.93497139803,6874046.045433465,1652111104.0,paragliders,20320407
448165.2625132627,6874134.49653774,1652371968.0,paragliders,20320899
447005.36222507455,6874914.167402851,1652368768.0,paragliders,20320901
447036.9224956781,6874829.487927332,1652445824.0,paragliders,20320977
447057.67943363596,6874784.3438792415,1652445824.0,paragliders,20320977
447358.45957062644,6874844.984894924,1652445824.0,paragliders,20320977
446702.44064775895,6874036.987402866,1652446464.0,paragliders,20320977
446523.23972643504,6874860.915821648,1652444160.0,paragliders,20320995
447575.77596736973,6874803.656736942,1652446720.0,paragliders,20320997
447164.6005805527,6874830.999424247,1652445824.0,paragliders,20321003
447572.09723560873,6874781.406776965,1652446720.0,paragliders,20321003
445918.5688785991,6874811.886719764,1652455552.0,paragliders,20321004
447168.2327091405,6873564.520952257,1652454144.0,paragliders,20321006
446147.0018619399,6874791.188143596,1652455552.0,paragliders,20321006
447194.3479142959,6874787.800151714,1652445696.0,paragliders,20321007
447550.94033693324,6874744.389876433,1652445952.0,paragliders,20321016
447636.21087496774,6874560.189452222,1652446080.0,paragliders,20321016
447663.5576906691,6874588.065459962,1652446080.0,paragliders,20321016
447695.18122302217,6874583.579830299,1652446080.0,paragliders,20321016
447690.2495843205,6874594.564140329,1652446208.0,paragliders,20321016
448273.02455449896,6874765.140457299,1652446336.0,paragliders,20321016
446879.2952557115,6874609.718605891,1652455808.0,paragliders,20321017
446074.3906787391,6874804.620559479,1652458752.0,paragliders,20321017
446630.2168665201,6874912.791122208,1652444288.0,paragliders,20321034
448716.17638731014,6874640.2212264445,1652446464.0,paragliders,20321043
446715.3204362765,6874891.992358259,1652361600.0,paragliders,20321448
446263.27390563133,6874584.180775042,1653141632.0,paragliders,20322198
446189.9437642117,6874490.539491549,1653141760.0,paragliders,20322211
445851.89590844704,6873782.141542269,1653148800.0,paragliders,20322211
446247.14570528123,6874455.648115949,1653141888.0,paragliders,20322212
445655.57067576697,6873880.1607400235,1653141376.0,paragliders,20322214
445878.70980207494,6874491.893775631,1653141632.0,paragliders,20322214
445916.1792850667,6874492.735608988,1653141632.0,paragliders,20322214
446281.1662455267,6874460.048008429,1653141760.0,paragliders,20322235
449187.23669055884,6872064.538336689,1654085888.0,paragliders,20323258
449203.25296175975,6872034.164825628,1654085888.0,paragliders,20323258
449231.4525781697,6871972.711007999,1654085888.0,paragliders,20323258
449233.77380699007,6871966.279002549,1654085888.0,paragliders,20323258
445518.11953767634,6874946.301495442,1654518016.0,paragliders,20323434
447428.63636690145,6874730.761645428,1654944896.0,paragliders,20323802
445269.78371164424,6874223.44826614,1655479296.0,paragliders,20324436
446002.763979892,6874285.980490411,1655471488.0,paragliders,20324445
446381.7378315503,6874874.837050789,1655472768.0,paragliders,20324460
448856.6594603583,6874481.838578821,1655473664.0,paragliders,20324460
449818.0592156819,6872213.68431517,1655474304.0,paragliders,20324460
445679.92757557065,6874835.669808375,1655476992.0,paragliders,20324562
446854.9273229837,6874964.718219364,1656777856.0,paragliders,20325247
446233.1132550756,6874446.719559195,1656778496.0,paragliders,20325247
446249.48615209316,6874398.000350359,1656778496.0,paragliders,20325247
446248.25810177793,6874395.921011441,1656778496.0,paragliders,20325247
446343.5981278004,6874668.748246374,1656782720.0,paragliders,20325247
445873.4086407396,6874403.252608736,1656778368.0,paragliders,20325253
446538.87844741053,6874658.990487251,1656765568.0,paragliders,20325262
447546.7748525054,6870003.163341128,1655120128.0,paragliders,20325263
448131.8081341979,6874972.59849881,1656856448.0,paragliders,20325401
446926.60106813733,6870172.980948119,1657280512.0,paragliders,20325809
446861.3563691227,6870337.455974878,1657280384.0,paragliders,20325820
446914.15866938577,6870340.276860457,1657280512.0,paragliders,20325828
447023.35533439415,6870130.204026722,1657280384.0,paragliders,20325836
446855.6847526851,6870282.442766858,1657280384.0,paragliders,20325845
447160.9578502273,6870047.166891869,1657362432.0,paragliders,20325883
446538.74384961656,6874516.521826591,1657712000.0,paragliders,20326363
447390.25421243964,6870654.559305213,1657884416.0,paragliders,20326859
447725.8007574847,6870430.051801328,1657885696.0,paragliders,20326865
446828.3615711813,6870461.656487227,1657882752.0,paragliders,20326884
447143.30985570175,6870092.590003315,1657882496.0,paragliders,20326909
446875.73921587114,6874735.752366256,1657633664.0,paragliders,20326970
446723.62060727284,6870442.908693249,1657967744.0,paragliders,20327101
447217.7797519395,6870333.688817567,1657968384.0,paragliders,20327101
447071.02169762296,6870242.999837867,1657280384.0,paragliders,20328615
445489.524253756,6874707.595345173,1659179904.0,paragliders,20328627
448444.93050811515,6871382.171136645,1659180544.0,paragliders,20328627
446214.226132898,6874975.447541458,1659179392.0,paragliders,20328631
445782.84972763254,6874773.425299937,1659180032.0,paragliders,20328631
447637.6882250197,6874999.059629219,1659179392.0,paragliders,20328652
446671.62560492055,6874375.321009395,1659179520.0,paragliders,20328678
446011.38613183424,6874138.139039118,1659180032.0,paragliders,20328678
449922.630584893,6872612.76209665,1659180544.0,paragliders,20328678
446898.4377929905,6874295.621842053,1659356288.0,paragliders,20329024
446553.57349404145,6874964.336317345,1659358208.0,paragliders,20329024
445548.04116049403,6874042.877998645,1659358848.0,paragliders,20329024
448106.8608607602,6870872.52316401,1659359488.0,paragliders,20329024
446867.5844344837,6874652.405504066,1659442048.0,paragliders,20329202
449607.1955455465,6871348.7955615865,1659443072.0,paragliders,20329202
447434.777178804,6874178.47642786,1659527552.0,paragliders,20329471
446984.72014931,6874924.285737285,1661000448.0,paragliders,20331200
448129.7251551368,6872664.267825095,1661003520.0,paragliders,20331200
447176.75759590784,6874642.505969515,1660999296.0,paragliders,20331204
447194.4863310976,6874653.990950884,1660999296.0,paragliders,20331204
447197.53624432423,6874683.773285173,1660999296.0,paragliders,20331204
446723.36925059493,6874866.671493846,1660999296.0,paragliders,20331205
446900.4345261232,6874884.567096344,1661000448.0,paragliders,20331226
447634.2610304325,6874781.564694382,1661001216.0,paragliders,20331226
446748.1411956081,6874792.894037433,1661006592.0,paragliders,20331228
447054.71009664977,6874920.83520987,1660999424.0,paragliders,20331236
446313.85859324783,6870171.902462324,1661597440.0,paragliders,20331861
446438.7755324069,6870263.208082406,1661597312.0,paragliders,20331871
445980.69392820727,6870328.143050341,1661596800.0,paragliders,20331873
446489.0299982685,6870369.81901175,1661595392.0,paragliders,20331885
446025.9788581237,6870165.894592733,1661597184.0,paragliders,20331904
446546.4996963969,6870157.660271293,1661597440.0,paragliders,20331904
446930.26671969856,6870269.036814191,1661598208.0,paragliders,20331904
446039.8484113881,6870466.903108541,1661596800.0,paragliders,20331919
445804.592887452,6870235.2265408505,1661596928.0,paragliders,20331927
445781.220242985,6870206.890220725,1661596928.0,paragliders,20331927
445734.37254591327,6870174.152977243,1661596928.0,paragliders,20331927
445701.9955058085,6870160.36032844,1661596928.0,paragliders,20331927
446534.7858510041,6870493.144929499,1661595776.0,paragliders,20331932
446543.4662677885,6870474.204439199,1661595776.0,paragliders,20331932
446561.884571226,6870496.272198185,1661595842.4315188,paragliders,20331932
446382.23062066716,6870020.81702855,1661692032.0,paragliders,20332128
446671.2511472952,6870139.423316808,1661602432.0,paragliders,20332319
446409.83928653394,6871713.43919724,1661602944.0,paragliders,20332319
447810.9737016568,6871086.0799076585,1661604608.0,paragliders,20332319
446864.5918643591,6870129.387952074,1661606912.0,paragliders,20332319
446535.23621602985,6870240.362148535,1661607424.0,paragliders,20332319
446662.9617843955,6872527.078917239,1661000832.0,paragliders,20332363
447834.4362844351,6870147.617975779,1663592192.0,paragliders,20333500
446892.8217794947,6870477.962191667,1663770624.0,paragliders,20333524
446962.8150789597,6870432.5132821435,1663770624.0,paragliders,20333543
446975.8062471325,6870450.597473553,1663770624.0,paragliders,20333543
446948.1389329042,6870474.792866681,1663770624.0,paragliders,20333543
446940.2560182557,6870477.427533699,1663770624.0,paragliders,20333543
446894.7610104168,6870476.184628296,1663770624.0,paragliders,20333543
446114.63563470263,6872853.140291277,1665055744.0,paragliders,20334104
447267.3981959006,6874265.167018773,1665058304.0,paragliders,20334115
447966.8340684004,6874559.35834916,1665062016.0,paragliders,20334137
447248.22701760085,6874269.156958873,1665062400.0,paragliders,20334137
446383.5940360299,6874882.285065826,1665142144.0,paragliders,20334227
445599.957714761,6874608.996228943,1665143040.0,paragliders,20334227
446027.1508227571,6874792.3481491245,1665150592.0,paragliders,20334227
448247.1321706392,6874290.826168727,1678892416.0,paragliders,20337259
446259.3886128764,6873799.311241615,1679917440.0,paragliders,20337694
445990.15414421714,6870095.365930816,1680526720.0,paragliders,20337819
447109.2233822495,6870129.32478402,1680526592.0,paragliders,20337823
446898.2439451688,6870461.985464171,1680524032.0,paragliders,20337824
447276.8390745753,6870077.609010465,1680525184.0,paragliders,20337824
446470.21053202,6870076.5275053475,1680528128.0,paragliders,20337829
446791.2861639324,6870768.726109417,1680611072.0,paragliders,20337842
446739.3695898161,6870763.871929148,1680611072.0,paragliders,20337842
446777.4529157935,6870683.920652554,1680611072.0,paragliders,20337842
447198.18785602716,6870229.342078276,1680612224.0,paragliders,20337842
447096.50393655366,6870391.645804722,1680523904.0,paragliders,20337862
446774.6220244613,6870185.976994054,1680524416.0,paragliders,20337862
447297.10208309256,6870112.4266267475,1680525184.0,paragliders,20337862
447119.0460253466,6870359.418499883,1680609920.0,paragliders,20337901
446988.98436921526,6870386.324047198,1680611456.0,paragliders,20337901
445782.68427160603,6873976.54509471,1680701696.0,paragliders,20337922
445987.2767548167,6874970.491573764,1680704640.0,paragliders,20337922
447995.21251066145,6870313.874828166,1680867840.0,paragliders,20338081
447482.61589148943,6870046.728593912,1680869632.0,paragliders,20338149
447365.4696357286,6870910.657770105,1680872192.0,paragliders,20338325
447363.3421521296,6870756.700438023,1680872192.0,paragliders,20338789
446769.52896747406,6870007.815620846,1681729664.0,paragliders,20339388
446545.7118032901,6870664.465482106,1682424832.0,paragliders,20339466
447363.20031365263,6870628.163974505,1682423680.0,paragliders,20341016
446152.9285954742,6870009.619615313,1684321536.0,paragliders,20341178
446986.2432759034,6870171.51278496,1686137728.0,paragliders,20343284
446625.3237711112,6870345.141838206,1686140672.0,paragliders,20343284
447173.142201057,6870037.385048447,1686141568.0,paragliders,20343284
446451.62785039097,6870318.821328509,1686142208.0,paragliders,20343284
446585.5660973727,6870242.777991099,1686139648.0,paragliders,20343287
446985.49526969774,6870667.602581184,1686140416.0,paragliders,20343287
446379.70028891193,6870473.724961668,1686142208.0,paragliders,20343287
445776.39787268837,6870032.418256381,1686142720.0,paragliders,20343287
447806.1008474972,6870089.8594923,1686143360.0,paragliders,20343287
447128.48068693484,6870072.52758464,1686137728.0,paragliders,20343317
447165.5406704822,6870043.513130062,1686137728.0,paragliders,20343317
446152.2064780021,6870931.786952692,1686137984.0,paragliders,20343317
446718.48687340535,6870888.54107396,1686138368.0,paragliders,20343317
446779.7981777439,6870979.312080372,1686139648.0,paragliders,20343317
446713.87435526174,6870971.615475012,1686139648.0,paragliders,20343317
446683.3830026322,6870936.296433315,1686139648.0,paragliders,20343317
446469.04667505884,6870363.250876934,1686140544.0,paragliders,20343317
447646.9258587355,6870113.657098694,1686143488.0,paragliders,20343317
445987.19531870406,6870105.036263149,1686139904.0,paragliders,20343323
447077.76701712835,6870054.383352203,1686137728.0,paragliders,20343409
446705.1707389115,6870891.380107472,1686138368.0,paragliders,20343409
446497.86676399934,6871240.750010352,1686138880.0,paragliders,20343409
446905.34559602395,6871339.478714906,1686139648.0,paragliders,20343409
446792.7716279311,6870487.638088071,1686140515.5545912,paragliders,20343409
446326.0572525608,6870043.667066997,1686143232.0,paragliders,20343409
448047.7040499875,6872636.201310997,1687347456.0,paragliders,20344775
447851.83905694546,6871744.2141284775,1687346816.0,paragliders,20344778
448548.86558895436,6872377.407866335,1687347328.0,paragliders,20344812
446113.71958774957,6874619.1139620375,1687522048.0,paragliders,20344843
446094.47947037645,6874619.32020194,1687522048.0,paragliders,20344843
446129.4683430257,6874576.530847696,1687522048.0,paragliders,20344843
445417.11868898256,6874871.233593783,1687517952.0,paragliders,20344852
446842.7700927018,6874110.647292652,1687525504.0,paragliders,20344872
448091.51470589347,6874780.172320867,1687776128.0,paragliders,20345298
447437.2246164344,6874661.851274982,1687867136.0,paragliders,20345448
447123.9548311906,6874401.582754631,1687869568.0,paragliders,20345560
449977.27928765485,6873748.2218527105,1687870208.0,paragliders,20345560
446949.7228568685,6874757.124869492,1688294528.0,paragliders,20345693
446734.8365127948,6874672.918494576,1688294400.0,paragliders,20345716
446458.7760213396,6873647.4899128005,1688647424.0,paragliders,20346120
448188.82572144666,6873170.205780293,1688647936.0,paragliders,20346120
447702.5627338885,6874656.304004209,1689942656.0,paragliders,20347061
446773.8704936571,6874492.871821309,1691411328.0,paragliders,20348162
447861.1894559544,6873598.211845475,1691411584.0,paragliders,20348190
447863.78395000636,6873589.448023597,1691411584.0,paragliders,20348190
447910.75085021334,6873553.791216185,1691411584.0,paragliders,20348190
449992.0258448657,6872549.486556563,1691412096.0,paragliders,20348190
447992.01022800617,6874488.643902472,1691414144.0,paragliders,20348213
446792.04248260485,6874469.468879151,1691411328.0,paragliders,20348225
446199.60644080257,6872948.678670423,1691498240.0,paragliders,20348262
445037.6386555047,6874019.577103492,1691499008.0,paragliders,20348262
448788.5006880731,6872504.384201734,1691497088.0,paragliders,20348290
449860.4956671527,6871417.636048912,1691497472.0,paragliders,20348290
445186.78982489154,6873810.634505613,1691677312.0,paragliders,20348480
446122.97345634084,6873529.815813958,1691678720.0,paragliders,20348480
445701.61239543674,6874394.940982961,1691681024.0,paragliders,20348487
445364.60681606334,6874073.49274064,1691682944.0,paragliders,20348487
445705.6373818237,6874397.745622328,1691681152.0,paragliders,20348489
445796.2086689859,6874857.244848198,1691936896.0,paragliders,20348927
446668.90564254345,6874902.113291954,1692453888.0,paragliders,20349631
447773.2553513607,6874293.631845827,1692539520.0,paragliders,20349840
446859.2226544551,6874064.824556743,1693309312.0,paragliders,20350819
446117.4282911316,6874961.520960389,1695473664.0,paragliders,20352760
445448.8526543494,6874766.153950449,1695473152.0,paragliders,20352761
445973.86057078827,6873842.181865421,1695476096.0,paragliders,20352761
445056.36952153617,6874713.960622446,1695476864.0,paragliders,20352761
446093.03695816,6874919.496587071,1695473408.0,paragliders,20352768
446098.82708235533,6874909.104805744,1695473408.0,paragliders,20352768
446146.4803560682,6874882.210279254,1695473408.0,paragliders,20352768
446314.5539611913,6873835.857097497,1695476096.0,paragliders,20352768
446345.0865190586,6873769.2955776,1695476224.0,paragliders,20352768
446122.1010593878,6874360.960397527,1695476224.0,paragliders,20352768
446127.10362600355,6874368.283443857,1695476224.0,paragliders,20352768
446170.3297320901,6874392.685719908,1695476224.0,paragliders,20352768
446238.09613755107,6874876.315217642,1695473792.0,paragliders,20352773
445723.76310320816,6873954.12903329,1695475200.0,paragliders,20352773
448785.34169835655,6874083.247172689,1695644800.0,paragliders,20352855
448800.5311458757,6874073.051459178,1695644864.0,paragliders,20352855
449071.7245763227,6874687.612564863,1695645056.0,paragliders,20352855
446719.63914633583,6874702.465506594,1695734784.0,paragliders,20352929
447354.4947284458,6874366.953395218,1709467264.0,paragliders,20355767
447328.3757483791,6874558.976920176,1709467264.0,paragliders,20355773
448815.7186129041,6872822.021410806,1709732736.0,paragliders,20355828
447912.56284227583,6872825.073381916,1712932864.0,paragliders,20356952
447142.8001253313,6874980.359382529,1712934400.0,paragliders,20356982
445072.0503653161,6874348.515535111,1712929920.0,paragliders,20356989
445844.77063919324,6874968.401264242,1712929152.0,paragliders,20357007
446045.14997771895,6874701.3670869805,1712931200.0,paragliders,20357705
445080.6709474521,6872669.050051779,1712932096.0,paragliders,20357705
446715.58982474724,6870118.895603228,1713440640.0,paragliders,20357735
447655.79470923304,6870146.285082946,1713781504.0,paragliders,20357917
446804.8862850682,6874105.539567927,1714737152.0,paragliders,20358444
446813.0166768309,6874117.358041891,1714737152.0,paragliders,20358444
446791.93239431665,6874125.620837195,1714737152.0,paragliders,20358444
446782.8028535044,6870034.418419145,1715078784.0,paragliders,20358574
446137.1031577708,6870193.506084424,1715255552.0,paragliders,20358620
446082.13326064695,6870264.45232635,1715255552.0,paragliders,20358643
446169.20697695634,6870290.0576556055,1715255552.0,paragliders,20358655
446413.727174375,6870245.950375226,1715345024.0,paragliders,20358869
446285.4654268685,6870152.68002979,1716209792.0,paragliders,20360428
446511.60241383914,6870181.608561472,1716209792.0,paragliders,20360431
448675.8470470582,6872120.084909862,1718974208.0,paragliders,20362560
446624.0184868655,6874662.495932896,1719148160.0,paragliders,20362606
445188.9876147814,6874138.1610167,1719156224.0,paragliders,20362606
446592.7494527821,6874570.818268494,1719147520.0,paragliders,20362607
446075.47903667775,6874860.637719402,1719149824.0,paragliders,20362624
446348.8503387384,6874026.805220533,1719151744.0,paragliders,20362624
445311.7835902754,6874170.675312567,1719156224.0,paragliders,20362624
445429.67364222836,6872894.672894651,1719150976.0,paragliders,20362651
448563.5557229926,6870314.8198379455,1719152384.0,paragliders,20362651
446373.8429362286,6874746.097181916,1719154432.0,paragliders,20362651
446377.68174887646,6874746.150147707,1719154432.0,paragliders,20362651
446387.60665530217,6874786.308146156,1719154432.0,paragliders,20362651
446978.5836333136,6870075.876925611,1719313152.0,paragliders,20362713
447414.7376666084,6874991.824686027,1719577088.0,paragliders,20362967
447534.9922857297,6874684.467782133,1719579008.0,paragliders,20362967
446971.8308438053,6873221.305748787,1719574400.0,paragliders,20362995
446725.5034902092,6874469.062828254,1719581568.0,paragliders,20362999
446389.69163043157,6874772.9564346615,1719582464.0,paragliders,20362999
447153.8932312813,6874972.646007585,1719584256.0,paragliders,20363014
447338.9442008073,6874682.133359931,1719585280.0,paragliders,20363082
445410.93909800495,6873184.661124692,1719589504.0,paragliders,20363082
446166.4094631886,6873535.177892374,1720964224.0,paragliders,20363906
445537.8758283323,6874714.477325293,1720967168.0,paragliders,20363934
445016.88653778116,6874816.509033195,1720966656.0,paragliders,20363959
446150.8663395273,6870857.34686986,1722160256.0,paragliders,20365020
447779.9784541034,6872700.598413017,1722603008.0,paragliders,20365466
447108.3974904606,6874659.500156791,1722602112.0,paragliders,20365467
446870.63906645053,6874736.798946765,1722601984.0,paragliders,20365488
446834.36729612295,6874298.275171359,1722784128.0,paragliders,20365647
446443.6702384147,6874864.405267965,1723029760.0,paragliders,20366087
449325.9846930253,6871492.90801669,1723026176.0,paragliders,20366092
446580.96731087146,6874863.367680783,1723029888.0,paragliders,20366100
446368.0330177071,6874850.248286639,1723029760.0,paragliders,20366104
446629.5076414124,6874653.49246573,1723029888.0,paragliders,20366121
446413.1476213122,6874816.752646349,1723029760.0,paragliders,20366255
448255.9318494153,6873122.83274222,1722867840.0,paragliders,20367001
446850.86535293335,6873856.5818948485,1722868480.0,paragliders,20367001
448425.0206116621,6874927.630141868,1723993216.0,paragliders,20367162
445969.56278184627,6873980.968603113,1724070400.0,paragliders,20367216
445298.35688574344,6874376.062293971,1724074880.0,paragliders,20367216
445442.395183952,6871861.86449579,1724076288.0,paragliders,20367216
445525.34841786063,6874877.177036395,1724075136.0,paragliders,20367225
445518.0619859831,6872019.543636462,1724076416.0,paragliders,20367225
446698.8175352138,6874133.381269914,1724238208.0,paragliders,20367305
445930.58383878716,6874989.921354988,1724240640.0,paragliders,20367313
446635.9240166363,6874812.4913466945,1724245504.0,paragliders,20367313
447361.94994211115,6874955.840597977,1724237952.0,paragliders,20367327
446734.6508101776,6874176.251403635,1724238208.0,paragliders,20367327
446906.49662140827,6874113.179791373,1724238208.0,paragliders,20367328
446681.71842910023,6874148.746562139,1724238208.0,paragliders,20367349
446724.8393584025,6874152.863280855,1724238208.0,paragliders,20367369
446695.0859105714,6874191.894921753,1724238208.0,paragliders,20367395
445611.0961411493,6873793.432297393,1724070272.0,paragliders,20367397
445344.612614003,6874373.409247972,1724074880.0,paragliders,20367397
446500.8682268673,6874172.26257728,1723723776.0,paragliders,20367642
445792.97008444765,6874122.195912805,1723724160.0,paragliders,20367642
445698.44431856694,6874553.476104103,1723724800.0,paragliders,20367642
447536.1038915134,6874395.47886126,1724680192.0,paragliders,20367653
449262.1884222784,6872469.780016234,1724681088.0,paragliders,20367653
449481.12717650394,6874289.981143277,1724682112.0,paragliders,20367653
445504.02811508597,6874305.068417499,1724683264.0,paragliders,20367653
447540.81823790236,6874854.499167167,1724680192.0,paragliders,20367695
447557.1431065193,6874819.375371729,1724680192.0,paragliders,20367695
447567.6226590795,6874865.940887944,1724680192.0,paragliders,20367695
448679.7106355539,6874116.377294366,1724681984.0,paragliders,20367695
445416.0699833777,6874550.391132756,1724683136.0,paragliders,20367695
446887.0964005149,6873459.088939366,1726323456.0,paragliders,20368490
445292.19030969765,6871680.015193879,1726404352.0,paragliders,20368561
448151.36609347624,6870858.7904011365,1726405504.0,paragliders,20368561
447065.0178880258,6872358.802261841,1726406272.0,paragliders,20368561
446466.9497695918,6870246.330950741,1726833408.0,paragliders,20368835
447204.56552859594,6874331.003810929,1727790208.0,paragliders,20369012
447407.62165666994,6874502.403720464,1727790976.0,paragliders,20369012
446445.3230453114,6873890.059430978,1729607808.0,paragliders,20369530
446943.7971971,6874900.390465002,1729608576.0,paragliders,20369530
446679.607184114,6874571.48813196,1729604224.0,paragliders,20369533
445842.67578281683,6874639.96374377,1729606016.0,paragliders,20369535
445804.0591289924,6874663.093210323,1729606144.0,paragliders,20369535
445800.13407291414,6874673.521709577,1729606144.0,paragliders,20369535
445811.1827789067,6874725.19103803,1729606144.0,paragliders,20369535
445816.4582582034,6874731.086810501,1729606144.0,paragliders,20369535
446227.63229265716,6874631.610405468,1729608192.0,paragliders,20369535
445942.1311129272,6870592.767451406,1742221696.0,paragliders,20372455
447690.47615683696,6870180.962505931,1743081472.0,paragliders,20372670
447758.4028014053,6870170.563144367,1743081472.0,paragliders,20372680
447777.9213367879,6870136.769400241,1743081600.0,paragliders,20372689
447741.0716997359,6870237.755490739,1743081600.0,paragliders,20372737
446675.8347353043,6874648.101000703,1743260160.0,paragliders,20372751
446560.12669270876,6870716.143099895,1743418368.0,paragliders,20372815
446514.03763985104,6870643.563224587,1743418368.0,paragliders,20372818
446534.52791649237,6870547.146218321,1743418496.0,paragliders,20372819
445994.68546932464,6870255.790660443,1743424128.0,paragliders,20372821
446536.3307965694,6870718.443201286,1743418368.0,paragliders,20372834
446489.9721403821,6870611.195995872,1743418368.0,paragliders,20372862
446427.5102237055,6870665.106394665,1743418496.0,paragliders,20372868
446009.32318794425,6874503.0892015835,1744553856.0,paragliders,20374309
446522.2981835999,6874877.861876704,1744553856.0,paragliders,20374319
447268.40850372345,6874858.516459657,1745332864.0,paragliders,20374707
447344.0236737132,6874851.59255837,1745332864.0,paragliders,20374707
447314.6417960204,6874824.0752380155,1745332992.0,paragliders,20374707
448671.6725339699,6874850.008162852,1745320448.0,paragliders,20374718
447931.1504488409,6874508.279820901,1745323520.0,paragliders,20374719
446705.7925071017,6873879.978854133,1745325312.0,paragliders,20374728
446810.4493219873,6874178.504563599,1745323520.0,paragliders,20374748
448427.9326486356,6874531.5706185745,1745320448.0,paragliders,20374753
448569.8457334728,6874808.437943375,1745320320.0,paragliders,20374774
448561.44325001567,6874802.127095675,1745320320.0,paragliders,20374774
448524.39522520686,6874792.987121486,1745320448.0,paragliders,20374774
446426.6767330081,6874334.942273751,1745323392.0,paragliders,20374779
445618.00246515067,6874460.916735267,1745319936.0,paragliders,20374788
446734.58460599405,6870741.483722174,1746796672.0,paragliders,20376447
446843.0880002295,6870121.790426194,1746794752.0,paragliders,20376456
446233.1347320777,6870132.810901442,1746789504.0,paragliders,20376486
446898.4737033592,6870091.794703412,1747563264.0,paragliders,20377144
446483.25192919123,6870082.695084809,1747563648.0,paragliders,20377144
446576.7832979161,6870086.945217476,1747564858.9468477,paragliders,20377149
446627.67487707175,6870016.758978224,1747566464.0,paragliders,20377151
447003.1524388451,6870137.184311562,1747563264.0,paragliders,20377164
447048.7681534747,6870122.879373773,1747572480.0,paragliders,20377171
446545.5219906664,6870045.774568022,1747563776.0,paragliders,20377325
447725.13088356046,6870227.777608223,1747574528.0,paragliders,20377370
447748.4800639923,6870322.873408115,1747574528.0,paragliders,20377372
447082.8007903134,6870637.7015291,1747652608.0,paragliders,20377576
446507.0192741349,6870759.145977395,1747651200.0,paragliders,20377578
446737.2817260464,6870276.118698297,1747650176.0,paragliders,20377580
446509.85599362606,6870675.589052037,1747650560.0,paragliders,20377580
445542.00738085713,6870381.72647443,1747651200.0,paragliders,20377621
445537.1771013278,6870337.241301186,1747651200.0,paragliders,20377621
445585.59269290115,6870307.026380953,1747651200.0,paragliders,20377621
446163.60525132326,6870545.339008582,1747651456.0,paragliders,20377621
445744.7490200357,6870448.82155499,1747650560.0,paragliders,20377624
446484.6885050874,6870134.779602946,1747563648.0,paragliders,20377634
446594.5887195079,6870459.280766345,1747647744.0,paragliders,20377635
446702.1404526983,6870593.08995442,1747651328.0,paragliders,20377720
446374.93381784786,6870082.742891269,1747652096.0,paragliders,20378134
447026.74028568313,6874996.95211033,1748612864.0,paragliders,20378572
446889.8556593436,6874441.370450393,1748610048.0,paragliders,20378578
446677.7625208188,6874543.984492576,1748858240.0,paragliders,20379038
447503.9294463792,6870593.51769794,1748868096.0,paragliders,20379131
446658.1381169018,6874506.11975399,1748858112.0,paragliders,20379137
446651.80449787254,6874444.523974841,1748858240.0,paragliders,20379247
446650.11025391123,6874094.775150273,1749379200.0,paragliders,20379310
446669.3229270412,6874100.744247718,1749379200.0,paragliders,20379310
446688.8459202615,6874099.871406513,1749379200.0,paragliders,20379310
446690.3192133745,6874826.461158073,1749376000.0,paragliders,20379392
446704.53825684724,6874862.764642451,1749376000.0,paragliders,20379392
446877.2029178795,6874820.570151047,1749376000.0,paragliders,20379392
446872.82091868937,6874789.7633091435,1749376000.0,paragliders,20379392
446868.97651787254,6874780.340607581,1749376000.0,paragliders,20379392
446624.5181445938,6874812.169536803,1749377024.0,paragliders,20379392
446322.7191211803,6874396.400466627,1749470592.0,paragliders,20379405
447411.31045865244,6874814.526212304,1749477888.0,paragliders,20379420
447511.7602973446,6874865.416284398,1749469312.0,paragliders,20379422
447182.4520156493,6874683.347634626,1749481728.0,paragliders,20379432
445889.5825146469,6874903.52961596,1749471616.0,paragliders,20379485
447069.3924375243,6874891.588347606,1749469312.0,paragliders,20379492
446618.5863034808,6874846.333562397,1749375872.0,paragliders,20379505
446620.33639299404,6874864.200986129,1749375872.0,paragliders,20379505
446833.4021180469,6874792.306440692,1749376000.0,paragliders,20379505
446733.8242462147,6874693.582121006,1749377152.0,paragliders,20379505
447183.36981754185,6874112.822948814,1749976448.0,paragliders,20379783
445778.5428466029,6874997.291014977,1750073344.0,paragliders,20379855
447796.55747875484,6870043.245175581,1750173952.0,paragliders,20379864
448296.79467666673,6870880.059272713,1750171776.0,paragliders,20379870
448299.88911900285,6870881.199305013,1750171776.0,paragliders,20379870
448323.2148013751,6870922.353594461,1750171776.0,paragliders,20379870
448979.3647552346,6870238.8339996245,1750171648.0,paragliders,20379877
447421.1148838845,6874630.563920792,1750591360.0,paragliders,20380471
447328.55444008287,6874665.377414153,1750592000.0,paragliders,20380472
447314.40404776396,6874660.243055209,1750592000.0,paragliders,20380472
447307.44912266155,6874655.257833992,1750592000.0,paragliders,20380472
447301.5858640399,6874647.465708271,1750592000.0,paragliders,20380472
447309.2539697699,6874605.796755678,1750592000.0,paragliders,20380472
447261.3908859414,6874602.159187639,1750591872.0,paragliders,20380483
447121.64121133625,6874691.666218547,1750591360.0,paragliders,20380639
447248.3221523071,6874755.6593159605,1750591360.0,paragliders,20380639
447408.54094516835,6874693.543149488,1750591488.0,paragliders,20380639
447775.9987984694,6874438.636080969,1750591744.0,paragliders,20380639
447090.43695765326,6874650.826127569,1750591872.0,paragliders,20380639
449092.9108167091,6874299.771997424,1750590208.0,paragliders,20380644
445901.3536551898,6874624.044999187,1750593920.0,paragliders,20380647
446157.8868844202,6873981.815539682,1750591360.0,paragliders,20380653
447593.13638980896,6874484.843799863,1750591616.0,paragliders,20380653
447616.59894310375,6874497.554479514,1750591616.0,paragliders,20380653
447671.7951221578,6874459.148565848,1750591616.0,paragliders,20380653
446431.8763644051,6874875.100677347,1750596864.0,paragliders,20380696
446904.23491106473,6874660.062385557,1750591744.0,paragliders,20380698
445786.9871678012,6874753.512737176,1750588288.0,paragliders,20380699
448789.78035860276,6873991.296346239,1750766208.0,paragliders,20380898
445326.49256877933,6874631.717264235,1750766848.0,paragliders,20380986
447137.90642438096,6873977.599723549,1751118976.0,paragliders,20381242
447166.37642256555,6870086.20873548,1751539328.0,paragliders,20381774
447362.1286058905,6870721.79231864,1751545088.0,paragliders,20381804
446636.02637246705,6874592.806979698,1752073984.0,paragliders,20382175
445071.2940909987,6874197.644870868,1752076928.0,paragliders,20382175
446869.5445905597,6874733.526611231,1752065152.0,paragliders,20382188
446790.3412230757,6870426.9591788445,1752233728.0,paragliders,20382347
446267.59369419,6870089.780819091,1752316160.0,paragliders,20382445
446973.251582274,6870164.238941711,1752316160.0,paragliders,20382510
446689.4764296448,6870121.76328258,1752321152.0,paragliders,20382650
446534.06701794855,6870576.52531304,1752322432.0,paragliders,20382660
446782.6534505141,6871841.318173637,1752756992.0,paragliders,20382982
447369.1591044902,6870618.533999861,1752757376.0,paragliders,20382982
446105.4704086087,6873465.856560809,1754489984.0,paragliders,20384045
449223.6044946606,6870847.482497627,1754491264.0,paragliders,20384055
449241.12431111897,6870873.499784274,1754491264.0,paragliders,20384062
446344.2974179241,6874803.7181247715,1754485760.0,paragliders,20384063
446293.5683256737,6874983.089379385,1754561536.0,paragliders,20384072
446648.8037121502,6870193.429223196,1754823808.0,paragliders,20384470
446463.22483604995,6870071.509540332,1754823808.0,paragliders,20384471
446288.1502517094,6870067.131681938,1754823936.0,paragliders,20384474
446486.85444432305,6870167.869846036,1754823808.0,paragliders,20384504
446426.9109090137,6870563.012973682,1754819840.0,paragliders,20384506
446419.0383708795,6870552.987872378,1754819840.0,paragliders,20384506
446418.61032141943,6870534.292304276,1754819840.0,paragliders,20384506
446036.97983952146,6870514.514888226,1754819968.0,paragliders,20384513
446397.18141951563,6870446.409750432,1754829184.0,paragliders,20384524
446434.4970839046,6870765.797262316,1754819328.0,paragliders,20384542
445938.40716105583,6870623.204423041,1754819584.0,paragliders,20384542
446050.4761474213,6870598.945266734,1754819584.0,paragliders,20384542
448145.1854497619,6870307.40021527,1755871232.0,paragliders,20385633
447377.9676562167,6870060.148311322,1755856768.0,paragliders,20385676
446349.841636613,6870702.50503651,1756042624.0,paragliders,20385798
445023.37553899677,6870965.583634395,1756042880.0,paragliders,20385798
445555.1477551975,6874674.202590582,1756137344.0,paragliders,20385957
446678.90127706446,6871862.90005635,1756139136.0,paragliders,20385957
447611.32207500155,6873987.646187767,1757076736.0,paragliders,20386273
448254.271904275,6874297.422707442,1757076736.0,paragliders,20386275
445764.17509378237,6874987.574547767,1757076992.0,paragliders,20386276
445156.5484128269,6874809.408111386,1757078272.0,paragliders,20386276
446724.8148075696,6872275.141493244,1757080192.0,paragliders,20386276
447759.33207800763,6874020.814731231,1757079552.0,paragliders,20386286
449196.8498818765,6873209.96652241,1757080064.0,paragliders,20386286
446829.4802012458,6874928.368745313,1757078144.0,paragliders,20386297
447091.289596711,6873220.332251378,1757079168.0,paragliders,20386302
447376.4777451782,6872440.492009357,1757080448.0,paragliders,20386302
449100.614608989,6874034.766960753,1757080960.0,paragliders,20386302
449078.7664686752,6874000.83320874,1757080960.0,paragliders,20386302
449465.87097751483,6874010.088596526,1757080960.0,paragliders,20386302
445823.2176715849,6874804.487973595,1757331328.0,paragliders,20386408
446142.0191083809,6874847.14092464,1757331456.0,paragliders,20386409
446092.6740713137,6874749.657896503,1757329152.0,paragliders,20386424
448440.13940416655,6872963.595750165,1757330176.0,paragliders,20386424
448448.313579881,6872977.85309319,1757330176.0,paragliders,20386424
448449.11714580725,6872988.559346474,1757330176.0,paragliders,20386424
446386.8533832957,6870546.889193441,1774008064.0,paragliders,20390219
446027.4622478254,6871345.198809565,1774013440.0,paragliders,20390231
445608.2630847307,6871499.814961776,1774013568.0,paragliders,20390241
446106.3321184746,6871423.560056488,1774013440.0,paragliders,20390244
446753.0273238884,6870873.489060038,1774012288.0,paragliders,20390255
446190.70238152135,6870779.881476359,1774013056.0,paragliders,20390255
446568.0355173435,6870229.023838962,1774093312.0,paragliders,20390397
446655.09455516346,6870032.069749795,1774093056.0,paragliders,20390400
446763.8842092428,6870394.35401265,1774093184.0,paragliders,20390400
448057.5363120677,6873964.912014293,1774783488.0,paragliders,20390885
446299.98873404704,6874784.35653372,1774785408.0,paragliders,20390906
446489.6125333535,6871209.950233969,1777126784.0,paragliders,20393602
447257.4356755027,6870032.604481901,1777125760.0,paragliders,20393616
445542.3876425892,6872756.868216445,1777128576.0,paragliders,20393629
446785.7306285294,6870089.895270557,1777131008.0,paragliders,20393629
447217.44411630847,6870017.114520899,1777125760.0,paragliders,20393677
446336.57295255945,6871325.871856986,1777129728.0,paragliders,20393677
447123.93465810927,6870359.088062275,1777289472.0,paragliders,20393996
447002.8221582597,6870213.137940657,1777289472.0,paragliders,20394012
446700.11746901064,6870187.8227210175,1777291520.0,paragliders,20394026
446943.357006548,6870249.441581186,1777289600.0,paragliders,20394049
446984.73358644545,6870415.430822901,1777289472.0,paragliders,20394061
446781.4851984886,6870085.064494756,1777291648.0,paragliders,20394125
446789.9710743958,6870095.711061969,1777291520.0,paragliders,20394145
446776.7305645231,6874749.929885752,1778584704.0,paragliders,20395035
446402.2383709772,6874875.110040685,1778588928.0,paragliders,20395048
446353.3878630957,6874871.467389407,1778588928.0,paragliders,20395058
446355.3178661566,6874829.328334126,1778588928.0,paragliders,20395071
446387.773807407,6874799.171582757,1778588928.0,paragliders,20395081
446897.84401253227,6874813.609793211,1778584704.0,paragliders,20395085
446945.45525963337,6874782.433251552,1778590336.0,paragliders,20395086
446470.90101871797,6870625.67802609,1779627776.0,paragliders,20396088
446263.6056622665,6873084.962806684,1780318720.0,paragliders,20397620
447674.15405440575,6872677.324902054,1780319616.0,paragliders,20397620
446730.39416199306,6873999.990220349,1781615104.0,paragliders,20398190
447871.3707952819,6874177.261875233,1781621376.0,paragliders,20398226
447957.4263997566,6874214.132077646,1781621376.0,paragliders,20398226
447960.3322393582,6874213.42167874,1781621376.0,paragliders,20398226
448685.0307244191,6873153.977353989,1781621632.0,paragliders,20398226
448512.5668533393,6874252.292580481,1781622528.0,paragliders,20398226
446888.62449494185,6874045.098311629,1781615360.0,paragliders,20398239
448903.1877897686,6873737.426298504,1781701760.0,paragliders,20398341
446445.7787420455,6874213.51336708,1781695744.0,paragliders,20398383
449835.8042544534,6871292.682897832,1781696640.0,paragliders,20398383
445640.0852176878,6874677.946762676,1781694976.0,paragliders,20398415
449252.4712549133,6874375.459858101,1781693824.0,paragliders,20398475
447165.2686445947,6870846.436248913,1782042496.0,paragliders,20398909
447183.0982346061,6870846.436502868,1782042560.0,paragliders,20398909
447196.37565449695,6870868.408864478,1782042624.0,paragliders,20398909
447195.1439599534,6870873.73617355,1782042624.0,paragliders,20398909
447192.2212754425,6870879.073794656,1782042624.0,paragliders,20398909
447083.24946387374,6870966.543033975,1782044032.0,paragliders,20398909
446394.7399576463,6870691.995309819,1782044672.0,paragliders,20398909
447923.55095163384,6870121.58119928,1782045184.0,paragliders,20398909
