group,flights,clusters,min_resampled_flights,max_resampled_flights,largest_cluster_fraction,H,H_low,H_high,bootstrap_vs_linearized_se_min,bootstrap_vs_linearized_se_max,full_band_width_pct_at_10,band_log10_width_at_10,full_band_width_pct_at_100,band_log10_width_at_100,full_band_width_pct_at_1000,band_log10_width_at_1000,full_band_width_pct_at_10000,band_log10_width_at_10000
all,46273,25682,44731,47511,0.0010157111058284529,0.8822765078884934,0.8814560484165417,0.8831537990842842,0.9762435364561908,1.0010377204219805,0.5489376755696364,0.002383893888607464,0.7846148582551239,0.0034074635809150677,1.1983793391101183,0.0052029613086647586,3.5485873157492676,0.015407472037099416
open,17961,12485,17389,18611,0.0011135237458938811,0.9098750335173963,0.9088386870813913,0.9109563647226663,0.9806882390830509,1.0012593819871025,1.0026295232958866,0.00435440370564473,1.3706747385725553,0.005953271951225853,2.0688224030932316,0.008983668857713362,4.185895352364701,0.018175808941787455
closed,28234,16008,27074,29481,0.001381313310193384,0.8555731734231193,0.8547400026203695,0.8564389081235971,0.9720112237311292,0.9875995929344594,0.5350894429462224,0.0023236419940079766,0.8169381420077189,0.0035468358643818486,1.209574018857002,0.005251193202461578,3.6746057367990157,0.015946823309061556
alt0,1844,1287,1618,2076,0.0070498915401301515,0.9495737534704646,0.948141622187876,0.9509170756767016,0.9966441452982022,1.004725728146417,3.1115073354584424,0.013515364219828999,4.283305563134782,0.01860221537887372,5.473727376117838,0.023773568258537017,6.952281243594522,0.03019295747193976
open_0,1679,1140,1472,1899,0.007742703990470518,0.9534469183293813,0.9522507554745288,0.9545940154377097,0.9853028721847636,0.9968756769974562,3.0831071704168673,0.013389443632359086,4.370500945703959,0.0189796240130245,5.464354076175527,0.023732717245398716,6.403187490086333,0.027806129019672703
closed_0,165,157,130,207,0.012121212121212121,0.8251132326790129,0.8158377303188222,0.8335097722487695,0.9793026688413732,1.0027603173346331,4.695560484381324,0.020378318429606284,8.837665322229839,0.0384153972283146,14.774797617630236,0.06425258776698071,38.22887816506091,0.16709847952704338
alt1,2908,2343,2693,3120,0.0034387895460797797,0.9285149118613788,0.9264951589228654,0.9305017310296554,0.9673824487846289,0.984041439579789,2.6434893688846817,0.01147687919541668,3.7051162596673732,0.016080793907298892,5.382671394031446,0.023366032241602643,8.332069853037993,0.03618109722320888
open_1,2068,1634,1890,2264,0.004835589941972921,0.9443164714744285,0.9428417251023494,0.9458098192840796,0.9802524570706884,0.9915376101833588,3.003749229865588,0.013046244732908203,4.124433697883956,0.017909465913096986,5.490141594735341,0.023837573178252663,7.240408743634138,0.0314177805560321
closed_1,839,756,725,952,0.0059594755661501785,0.8155142025621974,0.8122799978495752,0.81855168952904,0.9661440624369361,1.0008202419884946,2.2761591984638865,0.009879946131558568,3.2914801466094286,0.014286441444542188,5.034582656458491,0.021860755932198696,13.83560445280806,0.0601488155178077
alt2,22097,11881,21060,23147,0.0021269855636511744,0.8660297459125144,0.8649781954376677,0.8671162925983874,0.9687727999662813,1.002604236137687,0.6294680892315461,0.0027337134132135125,0.9531385899222761,0.00413910622209978,1.4383816503575386,0.006246713892576213,4.466141849723862,0.01939307829194502
open_2,7412,5255,7016,7776,0.002698327037236913,0.8934705307302678,0.8921196696098145,0.8948800031348919,0.9678750725684298,0.9915390865784204,1.1311923955062655,0.00491333549206115,1.6565334056480416,0.007195162709686262,2.446093065517577,0.010620362316891088,5.485582598099401,0.023806319362085996
closed_2,14649,7954,13898,15592,0.0023892415864564132,0.845776724049723,0.8445893445364852,0.8471837619033284,0.9798255237134409,0.9995065314993872,0.7045985056997747,0.0030596760938428366,1.1136890546602116,0.004835807722018451,1.7176652129774264,0.007456783944757525,5.602408494041184,0.024279076532351843
alt3,19424,10845,18691,20365,0.002110790774299835,0.8750917993130569,0.8741913509435218,0.8759660033762331,0.9468993729453549,0.9678727778951892,0.653295764900243,0.002837208539346925,0.9572304714262194,0.0041570924548211385,1.405318620597449,0.00610210931059298,3.6291517501235355,0.015763333068944247
open_3,6802,4794,6464,7301,0.0023522493384298734,0.8891615767488436,0.8878580035778548,0.8903873060463121,0.9700467465142758,1.0097469850206087,0.9862837232435424,0.00428384484997231,1.4850672380794274,0.006449850376262471,2.2665241115692645,0.00984151645768477,4.760010455079468,0.02069376169993528
closed_3,12581,7406,11975,13191,0.0028614577537556633,0.8664200885552836,0.8653620666448435,0.8674937882332545,0.952267283332426,0.9610815340821958,0.8135677903493309,0.003533354068500804,1.1721490220307604,0.005089594013696489,1.6973575259235307,0.007367599183301628,4.668020286582876,0.020255486172670513
mountains,41521,22401,39899,42920,0.0011319573228005106,0.8705558282227126,0.8698767299519949,0.8712934820429197,0.9596907302517352,0.9830394508858852,0.46505904691785865,0.0020197265451073507,0.6677683021191462,0.002899784406677589,1.0331719849596386,0.00448590208873932,2.8970968021530417,0.01257826528049835
lowlands,4752,3480,4449,5112,0.003367003367003367,0.9379143176166241,0.9363566576270447,0.93946747021741,1.0024696815256422,1.0109751841026582,2.3762994684552723,0.010322457243439357,3.3534113031927277,0.014565588905324047,4.606607783030669,0.020015799859916143,6.626391985839531,0.028777896244764078
beginners,27609,16454,26528,28668,0.0012677025607591727,0.8698786732345221,0.8690180904094645,0.8708368145335187,0.9422554237246334,0.9767084879792352,0.4733214323330184,0.002055600502335455,0.7262758217127984,0.0031535989309546472,1.1894870164247608,0.005164482349910394,3.720619585230346,0.01614659965593788
beginners_mountains,25691,14960,24639,26805,0.0013623447900042818,0.8624103546702498,0.8615208398984993,0.8632583776460137,0.9576133117238796,0.9898892646758495,0.4559689125397788,0.0019802620324202874,0.727822333757179,0.00316057019345652,1.1844017318515538,0.005142469264426111,3.4833928481066954,0.015130975654025663
beginners_lowlands,1918,1585,1768,2078,0.004171011470281543,0.9281761575309166,0.9262493836790076,0.9300496708811317,1.0023947845344094,1.0126815695443954,2.5480002546139864,0.011067257790425427,3.5053910506801245,0.015226478766292106,5.027899796829077,0.02184458914504847,7.688262979802453,0.03340861778401321
beginners_alt0,703,582,597,813,0.011379800853485065,0.9396226270351107,0.9374268718957008,0.9417880570017703,0.9954098279166097,1.00550912026727,3.481407165700021,0.01511709901524249,5.150384834440411,0.022369413205656077,6.926878000791494,0.030109976005748752,9.552830088517297,0.04148049874891771
beginners_alt1,1215,1059,1098,1341,0.00411522633744856,0.9201659745549249,0.9174738907927368,0.9226375181310685,0.9773816543132857,0.9931359312269343,2.9872893155661457,0.012979929813682563,4.1175823065727455,0.017893252306700674,6.110754166264826,0.02655505081727665,10.215263069371842,0.04450227718063093
beginners_alt2,13757,7887,13052,14686,0.002544159337064767,0.8568831605745167,0.8555704115749194,0.8581366633487174,0.9889387684011934,1.0259144952648962,0.6716193868674752,0.00291673535565995,1.046231261556217,0.004543939755100679,1.6900436208360696,0.007339633730891769,5.476663983214669,0.023820013924133424
beginners_alt3,11934,7271,11331,12554,0.002178649237472767,0.8679627559631672,0.866834256416612,0.8690504524061354,0.952154445901052,0.97850402094161,0.6284772656541314,0.002729401227540686,0.9775843301000501,0.004245230883439196,1.564065916177341,0.006790459568139837,4.4065034123424125,0.0191556277364019
experts,16497,11848,15996,17121,0.0012729587197672304,0.894549937501899,0.8934960547995955,0.8956468365975033,0.9954225583258621,1.014538489127265,0.8586741223658559,0.0037286072915815307,1.1233061546426093,0.0048776458511063875,1.636849964555997,0.0071063460402503945,4.6360374606917345,0.020123714658624944
experts_mountains,14038,9953,13544,14585,0.0014959395925345492,0.8806300089723648,0.8797971687399602,0.8816058184532974,0.9565692007375106,0.9953145799652654,0.7283185832490677,0.003162520733602064,0.9676926054377316,0.004201799958315759,1.3698564855237492,0.005946913592765238,3.974757666510391,0.017230505881550607
experts_lowlands,2459,1949,2251,2645,0.004473363155754371,0.9416163959274049,0.9397432592201276,0.9433599331778169,1.0144194914161277,1.0183874678999867,2.982005908021308,0.012951957013372404,4.047561195623187,0.017579341378807845,5.64150272443421,0.02451714632718528,7.890723089246579,0.03430800245204437
experts_alt0,955,725,825,1088,0.009424083769633508,0.9527392732808454,0.9510947768294914,0.9542859256228592,0.9934350343525131,1.0105354636836508,3.876341498999011,0.016835735482926557,5.453596754317892,0.02369238252941533,6.840000078103702,0.029717566225311257,8.377120407875667,0.0364437020359673
experts_alt1,1504,1281,1365,1649,0.005319148936170213,0.932693321140079,0.9300860851521454,0.9353082753323906,0.9971989349552325,1.0067483987732142,3.6259877916548606,0.01574118844544509,5.052272529479827,0.021916844389766103,7.127850476915823,0.0309065664055637,10.84947050126154,0.04706553660372315
experts_alt2,7390,5230,7000,7746,0.002841677943166441,0.8775395582142614,0.8762290842280757,0.8789819470512368,0.9689228556022272,0.9959382116173923,0.9591934139432876,0.004165463735926943,1.313983835908349,0.0057049845264272704,1.8880718614419472,0.008197374961802503,5.908800271000688,0.025644453955393623
experts_alt3,6648,4796,6266,6992,0.0025571600481347776,0.8837081882077896,0.8826172687218474,0.8848434786663572,0.9750878578085618,0.9996277726007753,0.9727638613797628,0.0042238087021794464,1.3778064047137937,0.005984228735804355,1.9146788991938528,0.008315489233775135,4.765667867615179,0.02069227818395219
alps,32790,16744,31473,34106,0.0014333638304361085,0.870241481021981,0.869548271950855,0.870992397727894,0.9572070040272124,0.9847310825006386,0.5122281017058604,0.002224657905244721,0.7732988204937628,0.003358136594838937,1.1238242963494844,0.004879947416332084,3.107743565286914,0.013494516471466754
pyrenees,2257,1462,2045,2544,0.008861320336730172,0.8332766107311814,0.8292498912742949,0.837337525017221,0.984141630448649,1.0110299263928444,1.8010218979266606,0.007822785359263739,2.9652237988820427,0.012878847211437549,4.788849127789934,0.02079124573256138,16.29333953543043,0.07077342310671683
channel_coast,1068,634,881,1245,0.0149812734082397,0.9530846559284128,0.9508046487178959,0.9552606742242787,0.9879694128656888,1.0004127136661352,5.622665881417223,0.024393927837281955,7.988619537041924,0.03465726899048716,10.216589627921863,0.04429598893800145,11.772464375501348,0.051040211427989736
champagne_lorraine,798,498,648,960,0.010025062656641603,0.955097939587085,0.9533174124486674,0.9567605550749271,0.9561387080135444,0.9733127923332022,3.9950209680121693,0.01734094394305376,5.620135289413366,0.024377387625170496,7.07889776181875,0.030717901554628956,8.855190283120455,0.03848451586701516
