configuration,seed,contrast,point,low,high,se,se_ratio,contains_zero,site_day_contains_zero
calendar_1day_all_sites,20260921,open_closed,0.054301860094277066,0.05214679515984989,0.05667663165103619,0.001398355859077777,1.7117987693010484,False,False
calendar_1day_all_sites,20260921,experts_beginners,0.02467126426737687,0.02322631052016219,0.02606416085903156,0.0008409828679016517,1.1525245363564918,False,False
calendar_1day_all_sites,20260921,equipment_alt0,0.01311664624573572,0.010607558190813748,0.01562953284831852,0.0015225883061925796,1.076438835516515,False,False
calendar_1day_all_sites,20260921,alt0_alt1,0.021058841609085444,0.018735612073790882,0.023442892678343256,0.001464791383082623,1.1032982217904812,False,False
calendar_1day_all_sites,20260921,equipment_interaction_0_1,0.0005892996605817435,-0.003583689149508562,0.004986238509293388,0.002565919948736574,1.0353490779604324,True,True
calendar_1day_all_sites,20260921,alt0_alt2,0.0835440075579501,0.08145508133157632,0.08576420152806186,0.0013273873981599427,1.2709015069536043,False,False
calendar_1day_all_sites,20260921,equipment_interaction_0_2,-0.007539751394009309,-0.01055653840544436,-0.004418641770113835,0.0018532148878175941,1.0907477374947683,False,False
calendar_1day_all_sites,20260921,alt0_alt3,0.07448195415740744,0.07214363677924018,0.07684493364245003,0.0013883488634323668,1.378120083394562,False,False
calendar_1day_all_sites,20260921,equipment_interaction_0_3,-0.002628785998886496,-0.00548222206468893,0.00044189412158272985,0.0017526067883227201,1.0832910958318966,True,True
calendar_1day_all_sites,20260921,equipment_alt1,0.012527346585153976,0.008833194807707279,0.016057584828330668,0.0021868469868426654,1.0225825535050412,False,False
calendar_1day_all_sites,20260921,alt1_alt2,0.06248516594886466,0.05972666540975654,0.06531164264197062,0.0017527275146706615,1.2573131080494648,False,False
calendar_1day_all_sites,20260921,equipment_interaction_1_2,-0.008129051054591052,-0.012096652861651297,-0.004036014099857161,0.0024245024451198262,1.0260692020589597,False,False
calendar_1day_all_sites,20260921,alt1_alt3,0.053423112548321994,0.050415089149195895,0.05630499975287433,0.001826209762957097,1.3358411752605286,False,False
calendar_1day_all_sites,20260921,equipment_interaction_1_3,-0.0032180856594682394,-0.007047458650220245,0.0006605172229674047,0.0023622865037221307,1.0103253294147678,True,True
calendar_1day_all_sites,20260921,equipment_alt2,0.020656397639745028,0.018867732083594747,0.022391692407248903,0.0010543362744458956,1.0859122287944278,False,False
calendar_1day_all_sites,20260921,alt2_alt3,-0.009062053400542669,-0.01085702187476606,-0.007318885994019071,0.0010559831089916418,1.2583621875779805,False,False
calendar_1day_all_sites,20260921,equipment_interaction_2_3,0.004910965395122813,0.002804462048442652,0.007273600300988097,0.0013469607682227878,1.047565134656714,False,False
calendar_1day_all_sites,20260921,equipment_alt3,0.015745432244622215,0.014293528942718837,0.017168269156856923,0.0008833447858840988,1.0596355358121579,False,False
calendar_1day_all_sites,20260921,mountain_regions,0.03696487029079909,0.032584887028002725,0.04132261601684047,0.00267628280731584,1.1106117435186227,False,False
calendar_1day_all_sites,20260921,lowland_regions,-0.0020132836586727043,-0.005152957171752054,0.0012479558672461523,0.0019687684629314953,1.1767139062601375,True,True
calendar_1day_all_sites,20260921,circuit_altitude_open_minus_closed_0,0.12833368565036885,0.11838434272728454,0.13858756145573747,0.005803661999938131,1.0699021431943796,False,False
calendar_1day_all_sites,20260921,circuit_altitude_open_minus_closed_1,0.12880226891223145,0.12490568328152679,0.1326369276351865,0.0023468609768753598,1.0585097428133403,False,False
calendar_1day_all_sites,20260921,circuit_altitude_open_minus_closed_2,0.04769380668054535,0.04534024724783137,0.05037223960345757,0.0015073178499757879,1.3854596285116199,False,False
calendar_1day_all_sites,20260921,circuit_altitude_open_minus_closed_3,0.022741488193559256,0.020643108835516004,0.02479557646026701,0.0012603487524440987,1.3432495902719968,False,False
calendar_1day_all_sites,20260921,circuit_altitude_open_0_minus_2,0.05997638759911361,0.05782987864923015,0.062203081311467144,0.0012890838203098896,1.213456964250585,False,False
calendar_1day_all_sites,20260921,circuit_altitude_open_0_minus_3,0.06428534158053845,0.06216176272324187,0.0664847186697887,0.001317990643296352,1.2475691210603306,False,False
calendar_1day_all_sites,20260921,circuit_altitude_open_1_minus_2,0.05084594074416049,0.048536846210041215,0.053257053301469494,0.0014373822342233678,1.2064034930835863,False,False
calendar_1day_all_sites,20260921,circuit_altitude_open_1_minus_3,0.055154894725585324,0.052654461590257086,0.05759801312376381,0.0014938152616552854,1.2452769350541102,False,False
calendar_1day_all_sites,20260921,circuit_altitude_closed_0_minus_2,-0.020663491370709886,-0.030381022012440223,-0.011456850537469088,0.005628295615296447,1.0456217940080164,False,False
calendar_1day_all_sites,20260921,circuit_altitude_closed_0_minus_3,-0.04130685587627114,-0.051405737342674215,-0.03203796783527386,0.005869724343697758,1.089114488673196,False,False
calendar_1day_all_sites,20260921,circuit_altitude_closed_1_minus_2,-0.030262521487525618,-0.03401101121189269,-0.026676396555047607,0.002245454263945313,1.0686326462799824,False,False
calendar_1day_all_sites,20260921,circuit_altitude_closed_1_minus_3,-0.050905885993086875,-0.05463675574620206,-0.047280192661604395,0.0022836589566465467,1.0803957240268924,False,False
calendar_1day_all_sites,20260922,open_closed,0.054301860094277066,0.05199927720690283,0.056620173160947376,0.001381297250230738,1.6909164556605079,False,False
calendar_1day_all_sites,20260922,experts_beginners,0.02467126426737687,0.02338872048423582,0.026066543670340496,0.0008132337707804,1.114495800558604,False,False
calendar_1day_all_sites,20260922,equipment_alt0,0.01311664624573572,0.010896171819719696,0.015480471121371953,0.0014399843581368176,1.018039531323406,False,False
calendar_1day_all_sites,20260922,alt0_alt1,0.021058841609085444,0.018608412575048527,0.023496316841873744,0.0014646235985257237,1.1031718444746335,False,False
calendar_1day_all_sites,20260922,equipment_interaction_0_1,0.0005892996605817435,-0.0037075904842527926,0.005034710073298488,0.002667192230605545,1.0762124586390136,True,True
calendar_1day_all_sites,20260922,alt0_alt2,0.0835440075579501,0.08131949892067365,0.08583290643702021,0.001349788252969579,1.2923491116047263,False,False
calendar_1day_all_sites,20260922,equipment_interaction_0_2,-0.007539751394009309,-0.010286982812912815,-0.0045479652835119745,0.0017806785935299844,1.048055009630037,False,False
calendar_1day_all_sites,20260922,alt0_alt3,0.07448195415740744,0.072282415659298,0.07674328606773466,0.001395223942453387,1.3849445096777142,False,False
calendar_1day_all_sites,20260922,equipment_interaction_0_3,-0.002628785998886496,-0.005459945041688402,0.00012384882482923123,0.0017062258947471646,1.054622937428145,True,True
calendar_1day_all_sites,20260922,equipment_alt1,0.012527346585153976,0.008844180709610383,0.01621826212249482,0.002280186079439968,1.0662284639067552,False,False
calendar_1day_all_sites,20260922,alt1_alt2,0.06248516594886466,0.059621022315919085,0.06522587397098806,0.001681091821653704,1.205925487851495,False,False
calendar_1day_all_sites,20260922,equipment_interaction_1_2,-0.008129051054591052,-0.012115329231135225,-0.004050988650007981,0.0024321859414968773,1.0293209203702747,False,False
calendar_1day_all_sites,20260922,alt1_alt3,0.053423112548321994,0.05059947021812494,0.056255701109701746,0.0017219034984396865,1.2595429285824735,False,False
calendar_1day_all_sites,20260922,equipment_interaction_1_3,-0.0032180856594682394,-0.007151216936615207,0.0009927345829511649,0.0025264778107702618,1.0805482410383433,True,True
calendar_1day_all_sites,20260922,equipment_alt2,0.020656397639745028,0.01901279480478345,0.022348136039810562,0.0010257756802471653,1.0564962831860536,False,False
calendar_1day_all_sites,20260922,alt2_alt3,-0.009062053400542669,-0.010775258830993251,-0.007372814851284682,0.0010611409360605326,1.2645085117931056,False,False
calendar_1day_all_sites,20260922,equipment_interaction_2_3,0.004910965395122813,0.0028630299291249493,0.007184620153642129,0.0013031722339717701,1.0135096945419948,False,False
calendar_1day_all_sites,20260922,equipment_alt3,0.015745432244622215,0.014356228086255501,0.01703025078566019,0.0008239334498908385,0.9883673697975405,False,False
calendar_1day_all_sites,20260922,mountain_regions,0.03696487029079909,0.03258728935773918,0.0410318072023373,0.0025785981427269094,1.0700742729054353,False,False
calendar_1day_all_sites,20260922,lowland_regions,-0.0020132836586727043,-0.005202133577033507,0.0013280446111687545,0.0019438156367334223,1.161799842904996,True,True
calendar_1day_all_sites,20260922,circuit_altitude_open_minus_closed_0,0.12833368565036885,0.11903766015570491,0.1382285600526751,0.005871223185243038,1.0823570134048162,False,False
calendar_1day_all_sites,20260922,circuit_altitude_open_minus_closed_1,0.12880226891223145,0.12454417500194721,0.13254699146484145,0.0023877111146342702,1.0769344681120006,False,False
calendar_1day_all_sites,20260922,circuit_altitude_open_minus_closed_2,0.04769380668054535,0.04518826134247211,0.05042150543483665,0.0015637291305854034,1.4373103724529313,False,False
calendar_1day_all_sites,20260922,circuit_altitude_open_minus_closed_3,0.022741488193559256,0.0204944393736226,0.02499436678016325,0.0013390952818060767,1.427175759989462,False,False
calendar_1day_all_sites,20260922,circuit_altitude_open_0_minus_2,0.05997638759911361,0.05775232056460606,0.06206694130223647,0.0013245879152337906,1.2468781356019287,False,False
calendar_1day_all_sites,20260922,circuit_altitude_open_0_minus_3,0.06428534158053845,0.06199869571411164,0.06661395723560828,0.0013731839081030808,1.299813356035448,False,False
calendar_1day_all_sites,20260922,circuit_altitude_open_1_minus_2,0.05084594074416049,0.04852451079905253,0.05315492708959396,0.0014151780547310836,1.18776739263462,False,False
calendar_1day_all_sites,20260922,circuit_altitude_open_1_minus_3,0.055154894725585324,0.052769026456629245,0.057561539235082476,0.0014550512647769306,1.2129624230376543,False,False
calendar_1day_all_sites,20260922,circuit_altitude_closed_0_minus_2,-0.020663491370709886,-0.03011767588218216,-0.011439242444367082,0.0057180967774993555,1.062305006608189,False,False
calendar_1day_all_sites,20260922,circuit_altitude_closed_0_minus_3,-0.04130685587627114,-0.051485273382918764,-0.031761389060401025,0.005933752386456569,1.10099475169183,False,False
calendar_1day_all_sites,20260922,circuit_altitude_closed_1_minus_2,-0.030262521487525618,-0.03390307216364358,-0.026359396433928484,0.002263193098604148,1.077074723292091,False,False
calendar_1day_all_sites,20260922,circuit_altitude_closed_1_minus_3,-0.050905885993086875,-0.05464406114870587,-0.04681199295976672,0.0023405866208891356,1.107328119009744,False,False
calendar_3day_all_sites,20260921,open_closed,0.054301860094277066,0.0517757157695716,0.056746541859530146,0.0014973469644746094,1.8329788332239778,False,False
calendar_3day_all_sites,20260921,experts_beginners,0.02467126426737709,0.023140931930146,0.02617140698933938,0.0009223653347279096,1.264055095927236,False,False
calendar_3day_all_sites,20260921,equipment_alt0,0.013116646245735608,0.010726301939192912,0.015822908233350204,0.0015648214947393498,1.1062968372590327,False,False
calendar_3day_all_sites,20260921,alt0_alt1,0.021058841609085333,0.018633182584956658,0.02363310515777297,0.0015494663667133877,1.167076422528771,False,False
calendar_3day_all_sites,20260921,equipment_interaction_0_1,0.0005892996605814105,-0.003766642824873195,0.005153560764258788,0.0027288103928842745,1.1010753962112911,True,True
calendar_3day_all_sites,20260921,alt0_alt2,0.08354400755794988,0.08110511416793474,0.08564282867846847,0.001367233689554918,1.309052171824,False,False
calendar_3day_all_sites,20260921,equipment_interaction_0_2,-0.007539751394009309,-0.01048396451665871,-0.00411184385651639,0.0019504113939888884,1.1479547402528696,False,False
calendar_3day_all_sites,20260921,alt0_alt3,0.07448195415740744,0.07183195938690477,0.07674413927333512,0.0014646312238181893,1.453840426908615,False,False
calendar_3day_all_sites,20260921,equipment_interaction_0_3,-0.002628785998886829,-0.005499894974384673,0.0006073435350107513,0.001859484139480253,1.149352281733075,True,True
calendar_3day_all_sites,20260921,equipment_alt1,0.012527346585154198,0.008821373460122062,0.016244671328696756,0.002235030263459369,1.0451133379336701,False,False
calendar_3day_all_sites,20260921,alt1_alt2,0.06248516594886455,0.059592228575777846,0.06537725941275235,0.0017829936533139397,1.2790244194356997,False,False
calendar_3day_all_sites,20260921,equipment_interaction_1_2,-0.008129051054590719,-0.011983063199993666,-0.003856373429613264,0.0024754725631967556,1.0476401715951282,False,False
calendar_3day_all_sites,20260921,alt1_alt3,0.053423112548322105,0.05005247244000287,0.05650877256348938,0.0019361304904155965,1.4162463054553691,False,False
calendar_3day_all_sites,20260921,equipment_interaction_1_3,-0.0032180856594682394,-0.007189967578735107,0.0009565954847651102,0.0024434945703936143,1.045057173575807,True,True
calendar_3day_all_sites,20260921,equipment_alt2,0.020656397639744917,0.018639392854465236,0.022578690549225264,0.0011767596910595636,1.2120020621935907,False,False
calendar_3day_all_sites,20260921,alt2_alt3,-0.009062053400542447,-0.010892031587374706,-0.007420239937077295,0.0010826430376051953,1.2901314893832516,False,False
calendar_3day_all_sites,20260921,equipment_interaction_2_3,0.00491096539512248,0.0023739063791725747,0.007348415127520694,0.0014816618198890054,1.1523255171831508,False,False
calendar_3day_all_sites,20260921,equipment_alt3,0.015745432244622437,0.01414913198276111,0.017272558047784336,0.0009350146395752651,1.1216172376077673,False,False
calendar_3day_all_sites,20260921,mountain_regions,0.03696487029079909,0.031966652701861345,0.04184905399248035,0.0030496214427192503,1.2655409130573605,False,False
calendar_3day_all_sites,20260921,lowland_regions,-0.0020132836586727043,-0.005088895991264541,0.0011530583816532648,0.0019529041032703791,1.16723193162542,True,True
calendar_3day_all_sites,20260921,circuit_altitude_open_minus_closed_0,0.12833368565036885,0.11930438263173786,0.13848754906573849,0.00583234366548051,1.075189593675559,False,False
calendar_3day_all_sites,20260921,circuit_altitude_open_minus_closed_1,0.12880226891223123,0.12464806611770442,0.13272332867022338,0.002427420375910082,1.094844621442144,False,False
calendar_3day_all_sites,20260921,circuit_altitude_open_minus_closed_2,0.04769380668054546,0.04508404747258317,0.05035649441034299,0.0016045836284171962,1.4748620125333387,False,False
calendar_3day_all_sites,20260921,circuit_altitude_open_minus_closed_3,0.022741488193559367,0.020387157447383192,0.024920651207345094,0.0013601633832796872,1.4496296392172205,False,False
calendar_3day_all_sites,20260921,circuit_altitude_open_0_minus_2,0.05997638759911339,0.05767603670219191,0.06199863976040074,0.0013033513277913799,1.2268874379274246,False,False
calendar_3day_all_sites,20260921,circuit_altitude_open_0_minus_3,0.06428534158053834,0.061991110586118926,0.06642508825501992,0.0013644368321597744,1.291533644869103,False,False
calendar_3day_all_sites,20260921,circuit_altitude_open_1_minus_2,0.050845940744160156,0.04843770266816762,0.05300990715304659,0.0014081792053782082,1.1818932165763378,False,False
calendar_3day_all_sites,20260921,circuit_altitude_open_1_minus_3,0.0551548947255851,0.05231981666001611,0.05772555550598827,0.0016061945900538246,1.338958790651503,False,False
calendar_3day_all_sites,20260921,circuit_altitude_closed_0_minus_2,-0.020663491370709997,-0.03032352009161408,-0.01200150775030447,0.005503734423472912,1.0224808814190742,False,False
calendar_3day_all_sites,20260921,circuit_altitude_closed_0_minus_3,-0.04130685587627114,-0.05185724033917454,-0.03240897739900362,0.005816152252212495,1.0791743044995097,False,False
calendar_3day_all_sites,20260921,circuit_altitude_closed_1_minus_2,-0.030262521487525618,-0.03386668759009101,-0.02664628450939709,0.002210185665458176,1.051847991015762,False,False
calendar_3day_all_sites,20260921,circuit_altitude_closed_1_minus_3,-0.050905885993086764,-0.054777685269710094,-0.0473415814058895,0.0023156175857271966,1.0955153048662303,False,False
calendar_3day_all_sites,20260922,open_closed,0.054301860094277066,0.05188084013461704,0.05668434697945402,0.0014607704331278423,1.7882036345946462,False,False
calendar_3day_all_sites,20260922,experts_beginners,0.02467126426737709,0.02326939333774535,0.026162472754263165,0.0008941605786990609,1.2254019026151002,False,False
calendar_3day_all_sites,20260922,equipment_alt0,0.013116646245735608,0.010642464232463667,0.015715538979242903,0.0015559265884044955,1.1000083201476263,False,False
calendar_3day_all_sites,20260922,alt0_alt1,0.021058841609085333,0.018546347686199966,0.023587822246923233,0.0014966588421793405,1.127301169486963,False,False
calendar_3day_all_sites,20260922,equipment_interaction_0_1,0.0005892996605814105,-0.0037801093599464986,0.0053046993394529115,0.0027319837236028117,1.1023558356244998,True,True
calendar_3day_all_sites,20260922,alt0_alt2,0.08354400755794988,0.08095865841764617,0.0858247535851289,0.001451327231686364,1.3895671816606712,False,False
calendar_3day_all_sites,20260922,equipment_interaction_0_2,-0.007539751394009309,-0.010615830319530856,-0.004287244051335521,0.0018972993471787088,1.1166945527415648,False,False
calendar_3day_all_sites,20260922,alt0_alt3,0.07448195415740744,0.07210330969958581,0.0767401076071419,0.0014455911201201991,1.4349406028173959,False,False
calendar_3day_all_sites,20260922,equipment_interaction_0_3,-0.002628785998886829,-0.005551242234605453,0.0005275081921834896,0.0018734933363145807,1.1580114049839367,True,True
calendar_3day_all_sites,20260922,equipment_alt1,0.012527346585154198,0.008876790426423942,0.01621428465198029,0.0022820387013752774,1.0670947608542263,False,False
calendar_3day_all_sites,20260922,alt1_alt2,0.06248516594886455,0.05939157177907154,0.06525468450794154,0.0017914190833214535,1.2850683729314551,False,False
calendar_3day_all_sites,20260922,equipment_interaction_1_2,-0.008129051054590719,-0.012139485197611372,-0.003938870656884919,0.002530211799262006,1.0708062625940642,False,False
calendar_3day_all_sites,20260922,alt1_alt3,0.053423112548322105,0.05040255483613068,0.056306254223507976,0.0018330851607610886,1.340870411041196,False,False
calendar_3day_all_sites,20260922,equipment_interaction_1_3,-0.0032180856594682394,-0.00726069428659275,0.0009043388743286269,0.002500704180166701,1.0695251277162598,True,True
calendar_3day_all_sites,20260922,equipment_alt2,0.020656397639744917,0.018942871014232525,0.022455153105060143,0.0010763395340533568,1.1085744564538507,False,False
calendar_3day_all_sites,20260922,alt2_alt3,-0.009062053400542447,-0.010697162924029219,-0.007414983889087562,0.0010142468007409017,1.2086271191809292,False,False
calendar_3day_all_sites,20260922,equipment_interaction_2_3,0.00491096539512248,0.0026261112436870683,0.007190450277203052,0.001390577604961779,1.0814870413148179,False,False
calendar_3day_all_sites,20260922,equipment_alt3,0.015745432244622437,0.014158151690272087,0.01729823137189057,0.0009420523972988659,1.1300595336347938,False,False
calendar_3day_all_sites,20260922,mountain_regions,0.03696487029079909,0.031923503819956685,0.04154697393860896,0.0029436187130258596,1.2215515872205351,False,False
calendar_3day_all_sites,20260922,lowland_regions,-0.0020132836586727043,-0.005396901337578191,0.001174046949097456,0.0020296953750764133,1.2131293335367725,True,True
calendar_3day_all_sites,20260922,circuit_altitude_open_minus_closed_0,0.12833368565036885,0.1191615631553253,0.13849242868152895,0.005925460976128468,1.092355722618252,False,False
calendar_3day_all_sites,20260922,circuit_altitude_open_minus_closed_1,0.12880226891223123,0.12467807791582777,0.13261235974279204,0.0024413453593911355,1.101125236624912,False,False
calendar_3day_all_sites,20260922,circuit_altitude_open_minus_closed_2,0.04769380668054546,0.04511431602698237,0.05056165630624719,0.001622725005165386,1.4915367603913567,False,False
calendar_3day_all_sites,20260922,circuit_altitude_open_minus_closed_3,0.022741488193559367,0.020488043543445016,0.02473985733644743,0.0013160122468020472,1.402574412742306,False,False
calendar_3day_all_sites,20260922,circuit_altitude_open_0_minus_2,0.05997638759911339,0.05760308390700476,0.06209659174956687,0.0013683931803976307,1.288113471308126,False,False
calendar_3day_all_sites,20260922,circuit_altitude_open_0_minus_3,0.06428534158053834,0.06201182040043585,0.06641991102521372,0.001362386162404789,1.2895925443940546,False,False
calendar_3day_all_sites,20260922,circuit_altitude_open_1_minus_2,0.050845940744160156,0.048299736641386815,0.053139810664213985,0.0014989277902131444,1.258059045769581,False,False
calendar_3day_all_sites,20260922,circuit_altitude_open_1_minus_3,0.0551548947255851,0.05249803191573668,0.0575753954036439,0.001572673965928837,1.3110152683546354,False,False
calendar_3day_all_sites,20260922,circuit_altitude_closed_0_minus_2,-0.020663491370709997,-0.030393303950893052,-0.011896020151124887,0.005619485595361905,1.0439850731463463,False,False
calendar_3day_all_sites,20260922,circuit_altitude_closed_0_minus_3,-0.04130685587627114,-0.052070922020147355,-0.032133013303779885,0.0059907177030921405,1.1115645413560193,False,False
calendar_3day_all_sites,20260922,circuit_altitude_closed_1_minus_2,-0.030262521487525618,-0.03379996666260015,-0.026484813458630015,0.002214763329663997,1.0540265441453425,False,False
calendar_3day_all_sites,20260922,circuit_altitude_closed_1_minus_3,-0.050905885993086764,-0.05469408589829342,-0.04712434261289727,0.002318733829477444,1.0969895952426432,False,False
grid50km_altitude_month_all_years,20260921,open_closed,0.054301860094276955,0.04952976252333295,0.05990574300433523,0.003154415033268545,3.8614804212820095,False,False
grid50km_altitude_month_all_years,20260921,experts_beginners,0.02467126426737709,0.02222081050149886,0.026827847469363796,0.0014202086856846803,1.9463242587595928,False,False
grid50km_altitude_month_all_years,20260921,equipment_alt0,0.013116646245735608,0.010292425720351606,0.015991582457053673,0.001722909291640228,1.2180616809224443,False,False
grid50km_altitude_month_all_years,20260921,alt0_alt1,0.021058841609085555,0.014491701103688425,0.027082209806230214,0.0038285312674223404,2.8836951037539427,False,False
grid50km_altitude_month_all_years,20260921,equipment_interaction_0_1,0.0005892996605816325,-0.005560958596879795,0.006702475576484633,0.003806812089882283,1.5360492400275125,True,True
grid50km_altitude_month_all_years,20260921,alt0_alt2,0.08354400755795022,0.07861474331606443,0.0880283812663467,0.0028285483225549764,2.7081817490579003,False,False
grid50km_altitude_month_all_years,20260921,equipment_interaction_0_2,-0.007539751394009531,-0.011046158781815535,-0.003468908116404935,0.0022994235693970157,1.3533730342602355,False,False
grid50km_altitude_month_all_years,20260921,alt0_alt3,0.07448195415740744,0.06955977461204227,0.0792286690074066,0.0029922477356293447,2.970202092266549,False,False
grid50km_altitude_month_all_years,20260921,equipment_interaction_0_3,-0.00262878599888694,-0.006585694773246342,0.0013769033313888398,0.0024173929033971097,1.4941972294216046,True,True
grid50km_altitude_month_all_years,20260921,equipment_alt1,0.012527346585153976,0.00719154473581819,0.01777585184268292,0.00333138007939032,1.5577729803570715,False,False
grid50km_altitude_month_all_years,20260921,alt1_alt2,0.06248516594886466,0.05578579695437663,0.06901072350581008,0.004028391984411144,2.8897532582600176,False,False
grid50km_altitude_month_all_years,20260921,equipment_interaction_1_2,-0.008129051054591163,-0.013892483086768076,-0.002106020449572222,0.003603480446605526,1.525022304648927,False,False
grid50km_altitude_month_all_years,20260921,alt1_alt3,0.05342311254832188,0.04710740326265867,0.06018824799493357,0.004091579141011807,2.992920090160027,False,False
grid50km_altitude_month_all_years,20260921,equipment_interaction_1_3,-0.0032180856594685725,-0.009443520098942532,0.00318976650841705,0.003754331733243469,1.6056885729757764,True,True
grid50km_altitude_month_all_years,20260921,equipment_alt2,0.02065639763974514,0.01779884503539676,0.02277753385571426,0.001562924009773369,1.6097314832322187,False,False
grid50km_altitude_month_all_years,20260921,alt2_alt3,-0.00906205340054278,-0.0139571949960195,-0.004059540012071912,0.0030674082605388116,3.6552768089370438,False,False
grid50km_altitude_month_all_years,20260921,equipment_interaction_2_3,0.004910965395122591,0.0010235430061845963,0.0085782408271578,0.002316412350663703,1.801531917848804,False,False
grid50km_altitude_month_all_years,20260921,equipment_alt3,0.015745432244622548,0.012525051985885698,0.01837959209093466,0.001749249007327941,2.0983498615364318,False,False
grid50km_altitude_month_all_years,20260921,mountain_regions,0.0369648702907992,0.02786703442463659,0.04596933576821603,0.005454113831444659,2.2633642659629905,False,False
grid50km_altitude_month_all_years,20260921,lowland_regions,-0.0020132836586727043,-0.008005262506433075,0.004315356313878463,0.0038154640295501147,2.2804660207334813,True,True
grid50km_altitude_month_all_years,20260921,circuit_altitude_open_minus_closed_0,0.12833368565036885,0.11600306259113002,0.14206210957219068,0.007939989279218492,1.4637329925255504,False,False
grid50km_altitude_month_all_years,20260921,circuit_altitude_open_minus_closed_1,0.12880226891223123,0.12198809074150796,0.13587619119831587,0.004205928342170467,1.8970088861802417,False,False
grid50km_altitude_month_all_years,20260921,circuit_altitude_open_minus_closed_2,0.04769380668054535,0.041387458925649524,0.05606391078955411,0.004553712077910332,4.185569914077424,False,False
grid50km_altitude_month_all_years,20260921,circuit_altitude_open_minus_closed_3,0.022741488193559367,0.01847064711612839,0.02779993819388729,0.0028060827824978878,2.99065599148659,False,False
grid50km_altitude_month_all_years,20260921,circuit_altitude_open_0_minus_2,0.05997638759911361,0.05473535224242079,0.06447233569317577,0.003036308832357838,2.8581772885447134,False,False
grid50km_altitude_month_all_years,20260921,circuit_altitude_open_0_minus_3,0.06428534158053845,0.05926074215896292,0.06890937435251485,0.0029741269859005254,2.815216487760326,False,False
grid50km_altitude_month_all_years,20260921,circuit_altitude_open_1_minus_2,0.050845940744160156,0.04501193162381857,0.05589274112165233,0.003330279933022781,2.7951238358776833,False,False
grid50km_altitude_month_all_years,20260921,circuit_altitude_open_1_minus_3,0.05515489472558499,0.04961875694829774,0.06058455044680637,0.0032839998481804895,2.737613793775832,False,False
grid50km_altitude_month_all_years,20260921,circuit_altitude_closed_0_minus_2,-0.020663491370709886,-0.034630969777537886,-0.006359125614604695,0.008585711086871796,1.5950488821324207,False,False
grid50km_altitude_month_all_years,20260921,circuit_altitude_closed_0_minus_3,-0.04130685587627103,-0.055319885720232845,-0.028144632494608534,0.008322004173514499,1.5441296370084099,False,False
grid50km_altitude_month_all_years,20260921,circuit_altitude_closed_1_minus_2,-0.03026252148752573,-0.0379927763092775,-0.020948967185290414,0.00519123663774389,2.470557977836844,False,False
grid50km_altitude_month_all_years,20260921,circuit_altitude_closed_1_minus_3,-0.050905885993086875,-0.05820683795201913,-0.04310469095115561,0.004661407218234984,2.2053049610895292,False,False
grid50km_altitude_month_all_years,20260922,open_closed,0.054301860094276955,0.04940204515404764,0.059997609985308516,0.003182400736513837,3.8957391488171518,False,False
grid50km_altitude_month_all_years,20260922,experts_beginners,0.02467126426737709,0.022519404086582533,0.026985975898078583,0.0013853104508782205,1.8984979909185709,False,False
grid50km_altitude_month_all_years,20260922,equipment_alt0,0.013116646245735608,0.010492696248804334,0.016209422416152353,0.001782271126991862,1.2600292861248148,False,False
grid50km_altitude_month_all_years,20260922,alt0_alt1,0.021058841609085555,0.014597328960841737,0.027272944240912582,0.003914803040802383,2.9486760254471056,False,False
grid50km_altitude_month_all_years,20260922,equipment_interaction_0_1,0.0005892996605816325,-0.005369373351854684,0.0068497648455541505,0.003789644034660111,1.529121927211927,True,True
grid50km_altitude_month_all_years,20260922,alt0_alt2,0.08354400755795022,0.07889558962785656,0.0878345868914581,0.0027554559826488555,2.638199794232787,False,False
grid50km_altitude_month_all_years,20260922,equipment_interaction_0_2,-0.007539751394009531,-0.011063761226821673,-0.003452523870445268,0.002311132774542245,1.3602647277729405,False,False
grid50km_altitude_month_all_years,20260922,alt0_alt3,0.07448195415740744,0.06946973771526893,0.07953968616154897,0.0030500639158649906,3.0275923068059405,False,False
grid50km_altitude_month_all_years,20260922,equipment_interaction_0_3,-0.00262878599888694,-0.006302487519324118,0.0014826542479507642,0.0024156511295754524,1.4931206342123848,True,True
grid50km_altitude_month_all_years,20260922,equipment_alt1,0.012527346585153976,0.0070139006355501915,0.018227958352651025,0.0033793715182184733,1.5802140603039259,False,False
grid50km_altitude_month_all_years,20260922,alt1_alt2,0.06248516594886466,0.05568470784619451,0.0689207957990852,0.004033665171756991,2.8935359612276152,False,False
grid50km_altitude_month_all_years,20260922,equipment_interaction_1_2,-0.008129051054591163,-0.01435081008243036,-0.0020681262600277775,0.003743513311958887,1.5842853549726612,False,False
grid50km_altitude_month_all_years,20260922,alt1_alt3,0.05342311254832188,0.04631336106170121,0.06017402300062064,0.0042174231405912605,3.0849728212907017,False,False
grid50km_altitude_month_all_years,20260922,equipment_interaction_1_3,-0.0032180856594685725,-0.00921896264403938,0.0029295114708927953,0.0037748557835384513,1.6144664954854002,True,True
grid50km_altitude_month_all_years,20260922,equipment_alt2,0.02065639763974514,0.018203987827420783,0.022908862297579935,0.0014633261073571833,1.507150757502327,False,False
grid50km_altitude_month_all_years,20260922,alt2_alt3,-0.00906205340054278,-0.014241908636604938,-0.003821396240973822,0.0031917064702805037,3.8033967606585635,False,False
grid50km_altitude_month_all_years,20260922,equipment_interaction_2_3,0.004910965395122591,0.001239671018269256,0.008513022972589662,0.0022264189717437484,1.7315418124718804,False,False
grid50km_altitude_month_all_years,20260922,equipment_alt3,0.015745432244622548,0.012960248476005094,0.01853973499089547,0.0016728131657482972,2.0066595779214835,False,False
grid50km_altitude_month_all_years,20260922,mountain_regions,0.0369648702907992,0.02791220797638398,0.04577332511582388,0.005537778352065569,2.2980836158252087,False,False
grid50km_altitude_month_all_years,20260922,lowland_regions,-0.0020132836586727043,-0.007852048993937332,0.004266085521101396,0.0037940299415982,2.2676550732625604,True,True
grid50km_altitude_month_all_years,20260922,circuit_altitude_open_minus_closed_0,0.12833368565036885,0.1153444551959577,0.14141074266199716,0.007994800804247549,1.4738374693370817,False,False
grid50km_altitude_month_all_years,20260922,circuit_altitude_open_minus_closed_1,0.12880226891223123,0.1220994823943518,0.13577124149434835,0.004089046467385011,1.8442914033647844,False,False
grid50km_altitude_month_all_years,20260922,circuit_altitude_open_minus_closed_2,0.04769380668054535,0.04141887884947095,0.055873936083751255,0.004427727725836078,4.069770692549013,False,False
grid50km_altitude_month_all_years,20260922,circuit_altitude_open_minus_closed_3,0.022741488193559367,0.018686701172067992,0.027532468981080808,0.0027351660394264237,2.915074620941778,False,False
grid50km_altitude_month_all_years,20260922,circuit_altitude_open_0_minus_2,0.05997638759911361,0.05517376991459007,0.0645460303911299,0.0029200709302846487,2.748758731304051,False,False
grid50km_altitude_month_all_years,20260922,circuit_altitude_open_0_minus_3,0.06428534158053845,0.05903535889816809,0.06902530408962944,0.0030813291467936556,2.9166907329087706,False,False
grid50km_altitude_month_all_years,20260922,circuit_altitude_open_1_minus_2,0.050845940744160156,0.04521023978900071,0.05602710636869669,0.003269699043769028,2.744277933744125,False,False
grid50km_altitude_month_all_years,20260922,circuit_altitude_open_1_minus_3,0.05515489472558499,0.049669469227087995,0.0608773297305553,0.003366959439698401,2.8067707159941064,False,False
grid50km_altitude_month_all_years,20260922,circuit_altitude_closed_0_minus_2,-0.020663491370709886,-0.03425278859978166,-0.006051000968720095,0.00870581637096365,1.6173619785306725,False,False
grid50km_altitude_month_all_years,20260922,circuit_altitude_closed_0_minus_3,-0.04130685587627103,-0.05515318721439475,-0.02739140313018686,0.008337734402075782,1.5470483464456988,False,False
grid50km_altitude_month_all_years,20260922,circuit_altitude_closed_1_minus_2,-0.03026252148752573,-0.03741462167899354,-0.021895081514994554,0.004872763054022122,2.318993426285973,False,False
grid50km_altitude_month_all_years,20260922,circuit_altitude_closed_1_minus_3,-0.050905885993086875,-0.058127640885382845,-0.04348345646076002,0.004470798578919785,2.1151282916357297,False,False
