discipline,altitude_band,control,control_index,h_eff,slope,intercept_log_m2,h_eff_bootstrap_se,n_flights_min,n_clusters_min,n_lags,status,resamples,n_finite_resamples,requested_low_s,requested_high_s,actual_low_s,actual_high_s,ci95_low,ci95_high
paragliders,Plains,available segments,0,0.9098539796082977,1.8197079592165954,4.969975154890556,0.0007019175499281174,8692,5468,20,ok,2000,2000,10,100,10.0,95.0,0.9084641406745277,0.9112523939850342
paragliders,Plains,available segments,0,0.9308052777450372,1.8616105554900744,4.819241877048146,0.0007066553340679351,8639,5434,19,ok,2000,2000,100,1000,107.0,931.0,0.9293706392607084,0.9322005551111319
paragliders,Plains,available segments,0,1.094199585341123,2.188399170682246,2.4082728214939024,0.006104025547029896,417,319,20,ok,2000,2000,1000,10000,1049.0,10000.0,1.0821287469908816,1.1059790672507581
paragliders,Plains,fixed long segments,1,0.9441788912808307,1.8883577825616613,5.105580373344595,0.0018417368180663459,417,319,20,ok,2000,2000,10,100,10.0,95.0,0.940562453097148,0.947809229804291
paragliders,Plains,fixed long segments,1,0.9486214021073966,1.8972428042147933,5.09064674748233,0.0014276094591905942,417,319,19,ok,2000,2000,100,1000,107.0,931.0,0.9458694979973532,0.9514928507883088
paragliders,Plains,fixed long segments,1,0.9837102259490839,1.9674204518981677,4.596823772646157,0.0014999920877670082,417,319,20,ok,2000,2000,1000,10000,1049.0,10000.0,0.9807133126102114,0.9864440146189433
paragliders,Hills,available segments,0,0.9042144701630344,1.8084289403260687,4.8647221483956535,0.00043212141709321125,18163,13039,20,ok,2000,2000,10,100,10.0,95.0,0.90336611613285,0.9050425021912544
paragliders,Hills,available segments,0,0.9045703602235741,1.8091407204471481,4.907975662243633,0.0007540444203802889,18022,12950,19,ok,2000,2000,100,1000,107.0,931.0,0.903131786732157,0.9061250386479853
paragliders,Hills,available segments,0,1.1035254143587632,2.2070508287175263,1.8923739890181182,0.006989143774215946,514,434,20,ok,2000,2000,1000,10000,1049.0,10000.0,1.0895502932165468,1.116472431546488
paragliders,Hills,fixed long segments,1,0.9434439343523806,1.8868878687047612,5.078351630014547,0.0014119753922848984,514,434,20,ok,2000,2000,10,100,10.0,95.0,0.9404563619739323,0.9461190341844746
paragliders,Hills,fixed long segments,1,0.9422275384744933,1.8844550769489865,5.117380631300293,0.0015404101266598606,514,434,19,ok,2000,2000,100,1000,107.0,931.0,0.9391058427534319,0.9449916184240198
paragliders,Hills,fixed long segments,1,0.9656322654251742,1.9312645308503484,4.788125581049501,0.002528855734488581,514,434,20,ok,2000,2000,1000,10000,1049.0,10000.0,0.9604431387489324,0.9702794317337957
paragliders,Low mountains,available segments,0,0.9039046465573716,1.8078092931147431,4.770109681210667,0.00023910119509242044,78506,41244,20,ok,2000,2000,10,100,10.0,95.0,0.9034243375403918,0.9043708512883238
paragliders,Low mountains,available segments,0,0.868959227585075,1.73791845517015,5.146460761633593,0.00037136162359575816,78085,41036,19,ok,2000,2000,100,1000,107.0,931.0,0.8682302195820061,0.8696877073231444
paragliders,Low mountains,available segments,0,0.8935427823861161,1.7870855647722321,4.650367677347626,0.0026528202247920927,5452,3140,20,ok,2000,2000,1000,10000,1049.0,10000.0,0.8883164265239163,0.8985206065081053
paragliders,Low mountains,fixed long segments,1,0.9348915196672478,1.8697830393344956,4.781145960340489,0.00047853993834579586,5452,3140,20,ok,2000,2000,10,100,10.0,95.0,0.9339429446339601,0.9358072290568421
paragliders,Low mountains,fixed long segments,1,0.90568354109682,1.81136708219364,5.088803111933466,0.0005034927096027124,5452,3140,19,ok,2000,2000,100,1000,107.0,931.0,0.9046724110641348,0.9066429322878518
paragliders,Low mountains,fixed long segments,1,0.8108325492698877,1.6216650985397754,6.457166392111201,0.002098997818657841,5452,3140,20,ok,2000,2000,1000,10000,1049.0,10000.0,0.8068021991890196,0.8149162531036862
paragliders,High mountains,available segments,0,0.9095736260791675,1.819147252158335,4.800048972009015,0.0002817852015370662,49648,27265,20,ok,2000,2000,10,100,10.0,95.0,0.9090085591377074,0.910131381000474
paragliders,High mountains,available segments,0,0.8711423500579795,1.742284700115959,5.2106774528079,0.0004108098089856827,49412,27149,19,ok,2000,2000,100,1000,107.0,931.0,0.8703169991337105,0.8719700277429235
paragliders,High mountains,available segments,0,0.9061751534988015,1.812350306997603,4.591668182803167,0.001932454907856043,7982,4796,20,ok,2000,2000,1000,10000,1049.0,10000.0,0.9024111306402123,0.9100229739977794
paragliders,High mountains,fixed long segments,1,0.9381703434644859,1.8763406869289718,4.811729752614206,0.0003295881339218465,7982,4796,20,ok,2000,2000,10,100,10.0,95.0,0.9375149302860962,0.9388029575883143
paragliders,High mountains,fixed long segments,1,0.9056351829415782,1.8112703658831564,5.150723068827208,0.0003671008377368903,7982,4796,19,ok,2000,2000,100,1000,107.0,931.0,0.9048972718444902,0.9063350342964048
paragliders,High mountains,fixed long segments,1,0.8189064959657568,1.6378129919315136,6.402593070785571,0.0013521450497938473,7982,4796,20,ok,2000,2000,1000,10000,1049.0,10000.0,0.8162929721044628,0.8216270049966877
hang gliders,Plains,available segments,0,0.9058162409575053,1.8116324819150107,5.862712472881764,0.002664031383712861,343,322,20,ok,2000,2000,10,100,10.0,95.0,0.9005982983143707,0.9108846407842554
hang gliders,Plains,available segments,0,0.8845809534710908,1.7691619069421816,6.096363189058101,0.004842381525163978,343,322,19,ok,2000,2000,100,1000,107.0,931.0,0.8747302775109779,0.8936579340803139
hang gliders,Plains,available segments,0,0.9423760876411672,1.8847521752823344,5.217471726923012,0.03121414097632781,45,42,20,ok,2000,2000,1000,10000,1049.0,10000.0,0.8791593665801108,0.9980756915297891
hang gliders,Plains,fixed long segments,1,0.9067234058580189,1.8134468117160378,6.130849330099177,0.004093603368071688,45,42,20,ok,2000,2000,10,100,10.0,95.0,0.8978761232854582,0.9140226872757699
hang gliders,Plains,fixed long segments,1,0.8897907385471923,1.7795814770943845,6.351157550906091,0.00821476832452486,45,42,19,ok,2000,2000,100,1000,107.0,931.0,0.8756078620657652,0.9056709735795765
hang gliders,Plains,fixed long segments,1,0.8660467999246108,1.7320935998492215,6.732180999630369,0.028786340461448748,45,42,20,ok,2000,2000,1000,10000,1049.0,10000.0,0.8046379369909854,0.9130446549804208
hang gliders,Hills,available segments,0,0.9064182674527751,1.8128365349055502,5.822155754062171,0.002813489850286233,426,370,20,ok,2000,2000,10,100,10.0,95.0,0.9008641708379687,0.9119534202684014
hang gliders,Hills,available segments,0,0.8740530172701846,1.7481060345403692,6.151465184280378,0.004077044268599165,420,365,19,ok,2000,2000,100,1000,107.0,931.0,0.8659463920801201,0.8820390968305122
hang gliders,Hills,available segments,0,0.9870498631805328,1.9740997263610656,4.515219043221629,0.021503984387967086,68,63,20,ok,2000,2000,1000,10000,1049.0,10000.0,0.9428417484367907,1.0256945878194215
hang gliders,Hills,fixed long segments,1,0.9328560576539651,1.8657121153079301,6.085236082029426,0.0037154245518995588,68,63,20,ok,2000,2000,10,100,10.0,95.0,0.9254080548160183,0.9398469719738355
hang gliders,Hills,fixed long segments,1,0.9001079804287072,1.8002159608574144,6.418602498253769,0.004931788289556177,68,63,19,ok,2000,2000,100,1000,107.0,931.0,0.8901687713692492,0.9095401867431134
hang gliders,Hills,fixed long segments,1,0.8702473267165087,1.7404946534330175,6.8772320200756205,0.017855231121888325,68,63,20,ok,2000,2000,1000,10000,1049.0,10000.0,0.8306593155011056,0.9015637963486017
hang gliders,Low mountains,available segments,0,0.9070042751220699,1.8140085502441399,5.694346147014347,0.0009581105380281168,3318,2341,20,ok,2000,2000,10,100,10.0,95.0,0.9051478474192024,0.908898161307856
hang gliders,Low mountains,available segments,0,0.8531244379644911,1.7062488759289822,6.237299868763998,0.001146382896302243,3300,2331,19,ok,2000,2000,100,1000,107.0,931.0,0.8508764350590546,0.8553679065314831
hang gliders,Low mountains,available segments,0,0.8667658840403754,1.7335317680807507,5.939716989635658,0.006715609765681137,348,315,20,ok,2000,2000,1000,10000,1049.0,10000.0,0.8539687857488003,0.8797336577739643
hang gliders,Low mountains,fixed long segments,1,0.9345059694407511,1.8690119388815023,5.896470034131284,0.0018894942405559803,348,315,20,ok,2000,2000,10,100,10.0,95.0,0.9308572842275846,0.9383291838634064
hang gliders,Low mountains,fixed long segments,1,0.8845068831277901,1.7690137662555803,6.385971490649656,0.0013973443197928084,348,315,19,ok,2000,2000,100,1000,107.0,931.0,0.8817203065496788,0.8872501610467654
hang gliders,Low mountains,fixed long segments,1,0.76505010043316,1.53010020086632,8.143879344997748,0.003942623026824869,348,315,20,ok,2000,2000,1000,10000,1049.0,10000.0,0.7571189746640491,0.7725273104414178
hang gliders,High mountains,available segments,0,0.8927769536624478,1.7855539073248956,5.6798500802558305,0.0013764597621491092,1973,1285,20,ok,2000,2000,10,100,10.0,95.0,0.8900487147951957,0.8953754270622233
hang gliders,High mountains,available segments,0,0.8346502591800482,1.6693005183600964,6.271704274913883,0.001786396499765294,1962,1277,19,ok,2000,2000,100,1000,107.0,931.0,0.8310743084626445,0.8382073384987817
hang gliders,High mountains,available segments,0,0.8658049075215637,1.7316098150431274,5.715200452550157,0.013877529434827847,102,77,20,ok,2000,2000,1000,10000,1049.0,10000.0,0.8380602380171596,0.892584801368694
hang gliders,High mountains,fixed long segments,1,0.9301362751091553,1.8602725502183106,5.677447604263527,0.0037232827746206346,102,77,20,ok,2000,2000,10,100,10.0,95.0,0.9230228387525082,0.9374355823503878
hang gliders,High mountains,fixed long segments,1,0.8774090116304509,1.7548180232609019,6.194348550174018,0.002744416412724921,102,77,19,ok,2000,2000,100,1000,107.0,931.0,0.8718636646358503,0.8825924765432317
hang gliders,High mountains,fixed long segments,1,0.7862276825133935,1.572455365026787,7.5407709053472765,0.01307475744519605,102,77,20,ok,2000,2000,1000,10000,1049.0,10000.0,0.7597271933358564,0.8095731519709319
