lag,C_v,C_theta,task,flights,min_glides
0,1.0,1.0,all,3370,50
1,0.6647004660081943,0.5845294670640901,all,3370,50
2,0.5594494073785675,0.4831861635959949,all,3370,50
3,0.4947866082224754,0.421881243926647,all,3370,50
4,0.4423882220936444,0.37285108995537114,all,3370,50
5,0.39405580203877544,0.32786830715707177,all,3370,50
6,0.3492126199833429,0.28621362172822795,all,3370,50
7,0.3077941079418195,0.24911170367962757,all,3370,50
8,0.26632808646366407,0.21164407507449767,all,3370,50
9,0.2280292550049083,0.1762100181124101,all,3370,50
10,0.19209420900093419,0.14350993590614936,all,3370,50
11,0.15804381012884344,0.11182925336490555,all,3370,50
12,0.12466162543225656,0.08072014939060035,all,3370,50
13,0.09402228155789602,0.05356430133626861,all,3370,50
14,0.06407548343517269,0.024981335370733136,all,3370,50
15,0.037553499469193466,-6.146717277982956e-05,all,3370,50
16,0.013385859268312445,-0.022850124698578413,all,3370,50
17,-0.009588649076924237,-0.04543436066708014,all,3370,50
18,-0.030166430571659582,-0.06341752335135627,all,3370,50
19,-0.04904392640223367,-0.08129302226220989,all,3370,50
20,-0.06537242494254629,-0.09710905640962116,all,3370,50
21,-0.07987154931766458,-0.11043496388009738,all,3370,50
22,-0.09250441489920244,-0.12279581294920368,all,3370,50
23,-0.10146918214941454,-0.12934929349036395,all,3370,50
24,-0.10863259407027125,-0.13679604917976085,all,3370,50
25,-0.11185476334542843,-0.13978434039951101,all,3370,50
26,-0.1142079692789265,-0.14093617008105394,all,3370,50
27,-0.11646046197445216,-0.14362482087406117,all,3370,50
28,-0.1163713175924,-0.14263259944074763,all,3370,50
29,-0.11421873703528011,-0.13936757569448274,all,3370,50
30,-0.1106241573040094,-0.13376890782818052,all,3370,50
31,-0.10376196433391376,-0.12580722953046822,all,3370,50
32,-0.09694344320167476,-0.12027222884266733,all,3370,50
33,-0.09422830188860123,-0.11614214396785506,all,3370,50
34,-0.08698759625689445,-0.10580170297087961,all,3370,50
35,-0.07560638976749297,-0.09336746472536013,all,3370,50
36,-0.06948989061992185,-0.08461289262185319,all,3370,50
37,-0.06070165899027838,-0.0752664856176104,all,3370,50
38,-0.051264584525599406,-0.06484284111095817,all,3370,50
39,-0.04279161646210767,-0.053583593982756555,all,3370,50
40,-0.03236837735766646,-0.043470926796370976,all,3370,50
41,-0.024444410290853993,-0.03568590140059103,all,3370,50
42,-0.011244696243348581,-0.022554556708444518,all,3370,50
43,-0.0022230871560727605,-0.01290598404234282,all,3370,50
44,0.00949572342124387,-0.0011515219307489692,all,3370,50
45,0.022024331918749262,0.012701158092104595,all,3370,50
46,0.03137351159349506,0.022932061339261345,all,3370,50
47,0.03972902853376251,0.03100905656480082,all,3370,50
48,0.05004801397720844,0.04366817700342803,all,3370,50
49,0.049729829511436834,0.044107198974226956,all,3370,50
0,1.0,1.0,open,963,50
1,0.70550431222499,0.5948670314187026,open,963,50
2,0.6311537640162842,0.516269492351479,open,963,50
3,0.5892417941102867,0.46894485825634885,open,963,50
4,0.559616172220837,0.4363870949141496,open,963,50
5,0.5311851036673813,0.40495222155539906,open,963,50
6,0.5047495041287617,0.3760418620673773,open,963,50
7,0.47958342636625195,0.3495002534594402,open,963,50
8,0.45792421175735987,0.32762861222120016,open,963,50
9,0.43950460304483874,0.30741453880753017,open,963,50
10,0.4209622501328252,0.2887738189759602,open,963,50
11,0.4048186075713649,0.2718878578792389,open,963,50
12,0.38591894939203386,0.24942095937206377,open,963,50
13,0.37030404478134643,0.23518682839721117,open,963,50
14,0.3542085052432909,0.21752118640051984,open,963,50
15,0.3379873083998848,0.20114983092559896,open,963,50
16,0.3246450252936082,0.18677239395229803,open,963,50
17,0.3122410700503367,0.17294394460517262,open,963,50
18,0.29979213386496356,0.1600535202462668,open,963,50
19,0.2879373593657836,0.1483115820967715,open,963,50
20,0.27764718512903913,0.13787095622815784,open,963,50
21,0.2693393289942165,0.13041087410875774,open,963,50
22,0.257564343024272,0.11824059438638125,open,963,50
23,0.2516106228926023,0.11377490560815588,open,963,50
24,0.24171611087148195,0.10212002141605521,open,963,50
25,0.23541480613075927,0.0974421597739204,open,963,50
26,0.22803203262593874,0.08985544063129976,open,963,50
27,0.2206838081178423,0.08262927944030372,open,963,50
28,0.21541867318290134,0.07861729070670795,open,963,50
29,0.20880055203634387,0.07323429075978746,open,963,50
30,0.20449946357583054,0.07213697849918788,open,963,50
31,0.20227932892918887,0.0707521485736124,open,963,50
32,0.20212184003833647,0.06930719795245689,open,963,50
33,0.1967902586893207,0.06576809290804173,open,963,50
34,0.19592415569212082,0.0702504970491818,open,963,50
35,0.198559162799655,0.07571750325534207,open,963,50
36,0.19825277052930776,0.07869922268312808,open,963,50
37,0.19980567001375257,0.08220662213517942,open,963,50
38,0.19523172037983116,0.08340915790789159,open,963,50
39,0.19133351205863736,0.08573742382219826,open,963,50
40,0.19102884523732686,0.08566291581464161,open,963,50
41,0.18771168865513813,0.08450504468486035,open,963,50
42,0.1943351163477829,0.09313747171394644,open,963,50
43,0.19838864721405428,0.10168022711900816,open,963,50
44,0.19850004942984187,0.10074733086243595,open,963,50
45,0.2007075778752091,0.10463010597675786,open,963,50
46,0.1996175329285903,0.11215159022402287,open,963,50
47,0.19525010704148657,0.11172916204461726,open,963,50
48,0.19280011586373358,0.11683272194991803,open,963,50
49,0.16496787008668895,0.09195530968620992,open,963,50
0,1.0,1.0,closed,2407,50
1,0.6462669071113657,0.5803935823638449,closed,2407,50
2,0.5270562237993067,0.46995008316743936,closed,2407,50
3,0.4521155025888787,0.4030518876327126,closed,2407,50
4,0.3894292850477869,0.34743140870264716,closed,2407,50
5,0.33210622393720235,0.2970283364193952,closed,2407,50
6,0.2789472263905283,0.25027486167562946,closed,2407,50
7,0.2301865093297228,0.20894794238425496,closed,2407,50
8,0.17977255830975677,0.16524062294642428,closed,2407,50
9,0.13249308268895388,0.12371730792154927,closed,2407,50
10,0.08870070797185667,0.08539231255915004,closed,2407,50
11,0.04656074701903975,0.04779251213212455,closed,2407,50
12,0.006635931411820294,0.01322580788160626,closed,2407,50
13,-0.030790858052529197,-0.019099800682712595,closed,2407,50
14,-0.06699510527843477,-0.052050603366983736,closed,2407,50
15,-0.0981705762000016,-0.0805627052570088,closed,2407,50
16,-0.12722868325840264,-0.10671654990040376,closed,2407,50
17,-0.15497854812620473,-0.1328038280443878,closed,2407,50
18,-0.17922861943345414,-0.15282450921945406,closed,2407,50
19,-0.20127870214690438,-0.17315394207845375,closed,2407,50
20,-0.22033507604721556,-0.19112058618535102,closed,2407,50
21,-0.23763116978515253,-0.20679331119346156,closed,2407,50
22,-0.25065159134027903,-0.21923040383585427,closed,2407,50
23,-0.260976630220422,-0.22661917455886169,closed,2407,50
24,-0.26690623946777925,-0.23238232918963633,closed,2407,50
25,-0.2687373774991107,-0.23469465185236346,closed,2407,50
26,-0.2688184243435137,-0.23327199106817337,closed,2407,50
27,-0.26876886757070184,-0.2341452606757782,closed,2407,50
28,-0.2662608722152522,-0.23115093937095113,closed,2407,50
29,-0.26014603659123864,-0.22442598757460866,closed,2407,50
30,-0.2529845072182657,-0.21614837128196354,closed,2407,50
31,-0.2420192789569889,-0.20444731308436487,closed,2407,50
32,-0.23204927325777347,-0.1961197519019545,closed,2407,50
33,-0.22569894188614578,-0.18892135381890945,closed,2407,50
34,-0.21479590173988636,-0.17623721132954936,closed,2407,50
35,-0.19946350936049592,-0.16101550135411635,closed,2407,50
36,-0.19044540268771568,-0.14995130850830785,closed,2407,50
37,-0.1783885350444962,-0.13826881331430227,closed,2407,50
38,-0.16262183575586817,-0.1241559591230698,closed,2407,50
39,-0.1485600610073755,-0.10932357742528727,closed,2407,50
40,-0.13329037961729054,-0.09513519369890758,closed,2407,50
41,-0.12028811885851988,-0.08377226661882492,closed,2407,50
42,-0.10411749953898049,-0.06884098104195621,closed,2407,50
43,-0.09285150981159652,-0.058749989587993406,closed,2407,50
44,-0.07588893264093066,-0.04191952992403412,closed,2407,50
45,-0.05869766964734816,-0.02407805952855225,closed,2407,50
46,-0.04463246244733587,-0.012763163553146332,closed,2407,50
47,-0.03052922469900432,-0.0012856927401693572,closed,2407,50
48,-0.014441722205755717,0.014396279710752554,closed,2407,50
49,-0.0023301453451659558,0.024963978942801817,closed,2407,50
