discipline,estimator,t_s,msd_m2,n_flights,sem_m2
paragliders,segment,1.0,102.89848639950472,134795.0,
paragliders,segment,2.0,404.12041713458314,149728.0,
paragliders,segment,3.0,950.3035810212307,158996.0,
paragliders,segment,4.0,1512.413182961205,162217.0,
paragliders,segment,5.0,2300.1795758259814,182087.0,
paragliders,segment,6.0,3222.7103996454634,183155.0,
paragliders,segment,7.0,4212.594218190373,183617.0,
paragliders,segment,8.0,5883.758813964642,184743.0,
paragliders,segment,9.0,6890.3878241490465,184880.0,
paragliders,segment,10.0,8113.019823363759,190762.0,
paragliders,segment,11.0,9760.551577690894,191427.0,
paragliders,segment,12.0,10969.08666184203,191964.0,
paragliders,segment,14.0,14944.76001765185,192353.0,
paragliders,segment,16.0,18625.816741344108,192787.0,
paragliders,segment,18.0,23563.672302043728,192807.0,
paragliders,segment,20.0,27770.475531411925,193254.0,
paragliders,segment,23.0,36352.93361539882,193298.0,
paragliders,segment,25.0,40491.11390404223,193369.0,
paragliders,segment,29.0,54542.76613010669,193435.0,
paragliders,segment,32.0,64296.982891481915,193664.0,
paragliders,segment,37.0,83850.7363243443,193700.0,
paragliders,segment,41.0,101840.32771479047,193727.0,
paragliders,segment,46.0,127233.35219548513,193753.0,
paragliders,segment,52.0,157674.78094478475,193186.0,
paragliders,segment,59.0,202873.98986067166,192248.0,
paragliders,segment,67.0,254093.08146240216,191365.0,
paragliders,segment,75.0,315891.495038823,190263.0,
paragliders,segment,85.0,393518.02243639156,189150.0,
paragliders,segment,95.0,488801.0813951274,188190.0,
paragliders,segment,107.0,604480.7562503535,187312.0,
paragliders,segment,121.0,754228.6679370471,186088.0,
paragliders,segment,137.0,948859.3253422213,184393.0,
paragliders,segment,154.0,1175430.540926605,183110.0,
paragliders,segment,174.0,1468166.03585676,181975.0,
paragliders,segment,196.0,1818105.7039203383,180867.0,
paragliders,segment,221.0,2251828.6736436505,179743.0,
paragliders,segment,249.0,2788807.350325099,178554.0,
paragliders,segment,281.0,3448066.7350556855,177356.0,
paragliders,segment,316.0,4241975.981862482,176006.0,
paragliders,segment,357.0,5244796.704658048,174747.0,
paragliders,segment,402.0,6442318.16278732,173278.0,
paragliders,segment,453.0,7931242.851615256,172005.0,
paragliders,segment,511.0,9748695.994119735,170740.0,
paragliders,segment,576.0,11966999.050934631,169482.0,
paragliders,segment,649.0,14657385.193856947,168121.0,
paragliders,segment,732.0,17975332.393071756,166941.0,
paragliders,segment,825.0,21999796.971811824,165729.0,
paragliders,segment,931.0,26975220.06908786,164463.0,
paragliders,segment,1049.0,32954079.161349013,163326.0,
paragliders,segment,1183.0,40279490.098056346,162131.0,
paragliders,segment,1334.0,49091143.05702704,160182.0,
paragliders,segment,1504.0,59742826.79710771,157551.0,
paragliders,segment,1695.0,72734792.24285735,154121.0,
paragliders,segment,1911.0,88530981.95629163,149610.0,
paragliders,segment,2155.0,108145152.94599259,143864.0,
paragliders,segment,2429.0,132545916.42487651,136668.0,
paragliders,segment,2739.0,163248869.83309388,128163.0,
paragliders,segment,3088.0,202042641.18481994,118191.0,
paragliders,segment,3481.0,251464482.88646328,107081.0,
paragliders,segment,3925.0,315930322.0773197,94859.0,
paragliders,segment,4425.0,398704262.46953744,82308.0,
paragliders,segment,4989.0,506499280.9403815,69343.0,
paragliders,segment,5624.0,647297164.4138608,57061.0,
paragliders,segment,6341.0,829588037.3660038,45533.0,
paragliders,segment,7149.0,1056839403.4349701,35451.0,
paragliders,segment,8059.0,1352229658.3294923,26740.0,
paragliders,segment,9086.0,1729406838.500409,19408.0,
paragliders,segment,10000.0,2111980424.4693134,14480.0,
paragliders,segment,10244.0,2223202005.7979097,13363.0,
paragliders,segment,11549.0,2879974042.5588236,8449.0,
paragliders,segment,13021.0,3797589894.769918,4870.0,
paragliders,segment,14680.0,5002798591.583059,2432.0,
paragliders,segment,16550.0,6794325222.834242,917.0,
paragliders,segment,18659.0,8585898404.371585,183.0,
paragliders,segment,21037.0,7991955712.0,6.0,
paragliders,segment,23717.0,,0.0,
paragliders,segment,26739.0,,0.0,
paragliders,segment,30146.0,,0.0,
paragliders,segment,33987.0,,0.0,
paragliders,segment,38318.0,,0.0,
paragliders,segment,43200.0,,0.0,
paragliders,flight,1.0,101.31888655508152,109364.0,
paragliders,flight,2.0,398.68874830060724,122248.0,
paragliders,flight,3.0,942.5784030076381,130505.0,
paragliders,flight,4.0,1492.29280326035,133113.0,
paragliders,flight,5.0,2279.9077566249966,149564.0,
paragliders,flight,6.0,3192.651086298602,150221.0,
paragliders,flight,7.0,4175.521677662901,150464.0,
paragliders,flight,8.0,5858.756335515155,150792.0,
paragliders,flight,9.0,6840.434176827298,150851.0,
paragliders,flight,10.0,8054.928990378881,155085.0,
paragliders,flight,11.0,9711.355623934114,155212.0,
paragliders,flight,12.0,10861.46355864466,155300.0,
paragliders,flight,14.0,14871.735092218245,155357.0,
paragliders,flight,16.0,18449.444302044278,155639.0,
paragliders,flight,18.0,23289.743193272254,155648.0,
paragliders,flight,20.0,27473.991548102626,155957.0,
paragliders,flight,23.0,35983.93469157782,155990.0,
paragliders,flight,25.0,40057.06310596194,156026.0,
paragliders,flight,29.0,53851.83223838428,156041.0,
paragliders,flight,32.0,63476.16095714234,156227.0,
paragliders,flight,37.0,82639.81908839756,156243.0,
paragliders,flight,41.0,100489.13852757387,156254.0,
paragliders,flight,46.0,125297.90138989498,156281.0,
paragliders,flight,52.0,155439.70742948374,156289.0,
paragliders,flight,59.0,200107.0331052347,156277.0,
paragliders,flight,67.0,250098.80437966983,156348.0,
paragliders,flight,75.0,310693.8111434279,156344.0,
paragliders,flight,85.0,386929.04257331643,156331.0,
paragliders,flight,95.0,480646.2594536943,156316.0,
paragliders,flight,107.0,594692.6046251087,156292.0,
paragliders,flight,121.0,741333.6949124512,156279.0,
paragliders,flight,137.0,932100.7194708482,156250.0,
paragliders,flight,154.0,1154307.401479443,156218.0,
paragliders,flight,174.0,1441951.4913318139,156186.0,
paragliders,flight,196.0,1785293.0124563596,156173.0,
paragliders,flight,221.0,2211610.436109071,156142.0,
paragliders,flight,249.0,2740015.8476930764,156101.0,
paragliders,flight,281.0,3390100.7471942594,156058.0,
paragliders,flight,316.0,4172915.1213763864,156019.0,
paragliders,flight,357.0,5161786.656013897,155971.0,
paragliders,flight,402.0,6344422.121816498,155904.0,
paragliders,flight,453.0,7814066.48556606,155843.0,
paragliders,flight,511.0,9611014.896312704,155770.0,
paragliders,flight,576.0,11802736.166625094,155699.0,
paragliders,flight,649.0,14468214.478738656,155606.0,
paragliders,flight,732.0,17743848.058085885,155518.0,
paragliders,flight,825.0,21730864.93774801,155413.0,
paragliders,flight,931.0,26648312.123875406,155262.0,
paragliders,flight,1049.0,32568112.33807618,155097.0,
paragliders,flight,1183.0,39818943.14541406,154891.0,
paragliders,flight,1334.0,48527652.36514825,153881.0,
paragliders,flight,1504.0,59055275.03688409,152124.0,
paragliders,flight,1695.0,71884962.17428757,149545.0,
paragliders,flight,1911.0,87543846.51112655,145806.0,
paragliders,flight,2155.0,107006197.75797458,140790.0,
paragliders,flight,2429.0,131233126.68733901,134205.0,
paragliders,flight,2739.0,161774035.80262852,126259.0,
paragliders,flight,3088.0,200373950.4082845,116746.0,
paragliders,flight,3481.0,249622328.4660001,106009.0,
paragliders,flight,3925.0,313938563.5782554,94107.0,
paragliders,flight,4425.0,396649943.4577248,81804.0,
paragliders,flight,4989.0,504380815.0472937,69024.0,
paragliders,flight,5624.0,645459474.080769,56881.0,
paragliders,flight,6341.0,828049657.936579,45452.0,
paragliders,flight,7149.0,1055583885.6830205,35413.0,
paragliders,flight,8059.0,1351696296.7684753,26728.0,
paragliders,flight,9086.0,1729378091.645722,19407.0,
paragliders,flight,10000.0,2111980424.4693134,14480.0,
paragliders,flight,10244.0,2223202005.7979097,13363.0,
paragliders,flight,11549.0,2879974042.5588236,8449.0,
paragliders,flight,13021.0,3797589894.769918,4870.0,
paragliders,flight,14680.0,5002798591.583059,2432.0,
paragliders,flight,16550.0,6794325222.834242,917.0,
paragliders,flight,18659.0,8585898404.371585,183.0,
paragliders,flight,21037.0,7991955712.0,6.0,
paragliders,flight,23717.0,,0.0,
paragliders,flight,26739.0,,0.0,
paragliders,flight,30146.0,,0.0,
paragliders,flight,33987.0,,0.0,
paragliders,flight,38318.0,,0.0,
paragliders,flight,43200.0,,0.0,
paragliders,window,1.0,105.4956476162454,1222499531.0,
paragliders,window,2.0,415.89127427986455,1289819766.0,
paragliders,window,3.0,952.8858466009672,1318699358.0,
paragliders,window,4.0,1587.742495811335,1326187394.0,
paragliders,window,5.0,2415.2648496381726,1361189556.0,
paragliders,window,6.0,3421.161803385422,1362128268.0,
paragliders,window,7.0,4552.236892419442,1362252824.0,
paragliders,window,8.0,5906.128696728288,1362599757.0,
paragliders,window,9.0,7140.310000060966,1362527499.0,
paragliders,window,10.0,8593.198460170739,1367584839.0,
paragliders,window,11.0,10287.292205187323,1367515378.0,
paragliders,window,12.0,11789.131970899038,1367431926.0,
paragliders,window,14.0,15606.33683514721,1367132874.0,
paragliders,window,16.0,19523.73931661728,1367043372.0,
paragliders,window,18.0,24203.86346815191,1366730989.0,
paragliders,window,20.0,29102.400877184104,1366640255.0,
paragliders,window,23.0,37745.24279089093,1366183233.0,
paragliders,window,25.0,43273.97249220165,1365930013.0,
paragliders,window,29.0,57248.22912931685,1365312615.0,
paragliders,window,32.0,68563.93754379712,1364936950.0,
paragliders,window,37.0,89449.39990171455,1364194845.0,
paragliders,window,41.0,108567.86658461268,1363583439.0,
paragliders,window,46.0,134768.83273375884,1362823865.0,
paragliders,window,52.0,168999.35440682928,1361902155.0,
paragliders,window,59.0,215099.1174666517,1360785131.0,
paragliders,window,67.0,271654.3237032336,1359578350.0,
paragliders,window,75.0,335756.36104518303,1358315309.0,
paragliders,window,85.0,422132.43918123783,1356792708.0,
paragliders,window,95.0,520832.2095670203,1355233473.0,
paragliders,window,107.0,648285.7754212673,1353418303.0,
paragliders,window,121.0,811683.340036652,1351289009.0,
paragliders,window,137.0,1020619.585905005,1348802288.0,
paragliders,window,154.0,1265421.1049440075,1346230353.0,
paragliders,window,174.0,1581971.7263029558,1343239675.0,
paragliders,window,196.0,1962892.838923895,1339976001.0,
paragliders,window,221.0,2438120.876979029,1336284054.0,
paragliders,window,249.0,3022561.410389422,1332154741.0,
paragliders,window,281.0,3751764.309965942,1327467264.0,
paragliders,window,316.0,4624897.117550064,1322317360.0,
paragliders,window,357.0,5739131.3696009675,1316373301.0,
paragliders,window,402.0,7076459.493341312,1309781902.0,
paragliders,window,453.0,8729930.37670434,1302444740.0,
paragliders,window,511.0,10778236.329453263,1294158888.0,
paragliders,window,576.0,13279441.57271607,1284948320.0,
paragliders,window,649.0,16338995.167147331,1274620767.0,
paragliders,window,732.0,20132592.34367328,1263032284.0,
paragliders,window,825.0,24764957.901023176,1250125345.0,
paragliders,window,931.0,30527365.149506293,1235466201.0,
paragliders,window,1049.0,37515387.894354254,1219374904.0,
paragliders,window,1183.0,46171115.63704145,1201121091.0,
paragliders,window,1334.0,56794479.152016506,1179927642.0,
paragliders,window,1504.0,69838250.67765372,1155615822.0,
paragliders,window,1695.0,85862040.50025457,1127730498.0,
paragliders,window,1911.0,105654553.00008348,1095338904.0,
paragliders,window,2155.0,130207922.26315011,1057783125.0,
paragliders,window,2429.0,160567043.97179526,1014348552.0,
paragliders,window,2739.0,198514959.97980508,964630593.0,
paragliders,window,3088.0,245914702.45080072,908113877.0,
paragliders,window,3481.0,305439920.81628734,844778000.0,
paragliders,window,3925.0,381214100.0349168,774314110.0,
paragliders,window,4425.0,476769768.2112299,698470655.0,
paragliders,window,4989.0,598738059.6067454,617267889.0,
paragliders,window,5624.0,754072486.7758722,534816092.0,
paragliders,window,6341.0,951621422.3767992,451666192.0,
paragliders,window,7149.0,1197765676.454736,372147852.0,
paragliders,window,8059.0,1511327892.2832031,297480453.0,
paragliders,window,9086.0,1904462835.4328916,228621276.0,
paragliders,window,10000.0,2296946541.367067,178897818.0,
paragliders,window,10244.0,2408345735.7136455,167076837.0,
paragliders,window,11549.0,3063612367.0338573,112497385.0,
paragliders,window,13021.0,3938497576.1157074,69479836.0,
paragliders,window,14680.0,5036894089.497875,37368416.0,
paragliders,window,16550.0,6673014696.42122,15362672.0,
paragliders,window,18659.0,8188075426.543972,3371823.0,
paragliders,window,21037.0,8015311223.470879,129649.0,
paragliders,window,23717.0,,0.0,
paragliders,window,26739.0,,0.0,
paragliders,window,30146.0,,0.0,
paragliders,window,33987.0,,0.0,
paragliders,window,38318.0,,0.0,
paragliders,window,43200.0,,0.0,
hang gliders,segment,1.0,276.26538849474866,2552.0,
hang gliders,segment,2.0,1069.8885453769926,3460.0,
hang gliders,segment,3.0,2715.6331144655096,4197.0,
hang gliders,segment,4.0,3856.0425014435136,4435.0,
hang gliders,segment,5.0,5943.149962630036,6390.0,
hang gliders,segment,6.0,8107.165326318562,6416.0,
hang gliders,segment,7.0,10083.29293204636,6445.0,
hang gliders,segment,8.0,16826.38744081709,6463.0,
hang gliders,segment,9.0,18302.4195967644,6477.0,
hang gliders,segment,10.0,20068.945971953795,7620.0,
hang gliders,segment,11.0,24120.760522167162,7647.0,
hang gliders,segment,12.0,25584.534252294383,7648.0,
hang gliders,segment,14.0,37109.4004975132,7648.0,
hang gliders,segment,16.0,48367.91522172183,7655.0,
hang gliders,segment,18.0,61707.9918579678,7656.0,
hang gliders,segment,20.0,69639.20158602779,7660.0,
hang gliders,segment,23.0,90972.16589366885,7660.0,
hang gliders,segment,25.0,96001.68565299592,7660.0,
hang gliders,segment,29.0,136977.14977550934,7660.0,
hang gliders,segment,32.0,154604.5657047061,7660.0,
hang gliders,segment,37.0,205416.64090300602,7660.0,
hang gliders,segment,41.0,247307.38895616762,7660.0,
hang gliders,segment,46.0,314948.0735471936,7659.0,
hang gliders,segment,52.0,377172.1137580754,7633.0,
hang gliders,segment,59.0,499485.156073443,7586.0,
hang gliders,segment,67.0,617954.4831747402,7555.0,
hang gliders,segment,75.0,775984.0290497757,7509.0,
hang gliders,segment,85.0,935218.9124593796,7472.0,
hang gliders,segment,95.0,1190704.8775090934,7423.0,
hang gliders,segment,107.0,1452932.6689413146,7389.0,
hang gliders,segment,121.0,1789815.615030681,7352.0,
hang gliders,segment,137.0,2251935.949941914,7305.0,
hang gliders,segment,154.0,2761469.034487084,7256.0,
hang gliders,segment,174.0,3443517.4355257396,7208.0,
hang gliders,segment,196.0,4261879.882121491,7151.0,
hang gliders,segment,221.0,5227885.789879422,7096.0,
hang gliders,segment,249.0,6446632.619640055,7051.0,
hang gliders,segment,281.0,7880570.022912431,7008.0,
hang gliders,segment,316.0,9666169.13031734,6958.0,
hang gliders,segment,357.0,11859346.735073457,6879.0,
hang gliders,segment,402.0,14433156.695704095,6843.0,
hang gliders,segment,453.0,17662282.35197187,6794.0,
hang gliders,segment,511.0,21557481.930123266,6741.0,
hang gliders,segment,576.0,26329856.181086805,6683.0,
hang gliders,segment,649.0,31974902.178441413,6627.0,
hang gliders,segment,732.0,38897565.89522744,6576.0,
hang gliders,segment,825.0,47287637.33741224,6516.0,
hang gliders,segment,931.0,57595210.186371826,6454.0,
hang gliders,segment,1049.0,69866525.4427742,6405.0,
hang gliders,segment,1183.0,85008130.566469,6350.0,
hang gliders,segment,1334.0,103528424.65890968,6286.0,
hang gliders,segment,1504.0,125672959.59306628,6216.0,
hang gliders,segment,1695.0,152408914.71913278,6123.0,
hang gliders,segment,1911.0,185565407.4794793,5997.0,
hang gliders,segment,2155.0,227006619.46254283,5835.0,
hang gliders,segment,2429.0,275064836.056595,5652.0,
hang gliders,segment,2739.0,334834235.78407884,5424.0,
hang gliders,segment,3088.0,409861520.8031907,5136.0,
hang gliders,segment,3481.0,504405123.0173473,4763.0,
hang gliders,segment,3925.0,624625606.8158023,4334.0,
hang gliders,segment,4425.0,775937603.8292785,3874.0,
hang gliders,segment,4989.0,970081752.6609659,3353.0,
hang gliders,segment,5624.0,1226788124.5595407,2809.0,
hang gliders,segment,6341.0,1545738452.7327738,2264.0,
hang gliders,segment,7149.0,1970815156.4236662,1762.0,
hang gliders,segment,8059.0,2587541434.5266614,1219.0,
hang gliders,segment,9086.0,3479020834.119403,804.0,
hang gliders,segment,10000.0,4288448629.720354,565.0,
hang gliders,segment,10244.0,4601860395.803536,509.0,
hang gliders,segment,11549.0,5796813727.351352,296.0,
hang gliders,segment,13021.0,7500840957.023255,129.0,
hang gliders,segment,14680.0,9490786688.0,34.0,
hang gliders,segment,16550.0,11481142710.857143,7.0,
hang gliders,segment,18659.0,15398623744.0,6.0,
hang gliders,segment,21037.0,18152209536.0,4.0,
hang gliders,segment,23717.0,34695195392.0,2.0,
hang gliders,segment,26739.0,81150918656.0,1.0,
hang gliders,segment,30146.0,,0.0,
hang gliders,segment,33987.0,,0.0,
hang gliders,segment,38318.0,,0.0,
hang gliders,segment,43200.0,,0.0,
hang gliders,flight,1.0,266.4701242809326,1709.0,
hang gliders,flight,2.0,1033.8333712309898,2544.0,
hang gliders,flight,3.0,2707.8046593203076,3152.0,
hang gliders,flight,4.0,3713.610304197329,3336.0,
hang gliders,flight,5.0,5720.935867794758,5014.0,
hang gliders,flight,6.0,7801.0998249663635,5040.0,
hang gliders,flight,7.0,9688.37118935933,5062.0,
hang gliders,flight,8.0,16554.220325731025,5080.0,
hang gliders,flight,9.0,17795.627343602133,5086.0,
hang gliders,flight,10.0,19502.012168599293,6060.0,
hang gliders,flight,11.0,23373.96013640281,6080.0,
hang gliders,flight,12.0,24587.82004671213,6081.0,
hang gliders,flight,14.0,35881.60091803897,6081.0,
hang gliders,flight,16.0,47209.306084791606,6088.0,
hang gliders,flight,18.0,60321.730649364064,6089.0,
hang gliders,flight,20.0,67602.8176970864,6092.0,
hang gliders,flight,23.0,88439.18926153661,6092.0,
hang gliders,flight,25.0,92492.28018073399,6092.0,
hang gliders,flight,29.0,133215.71362894023,6092.0,
hang gliders,flight,32.0,149361.74454474432,6092.0,
hang gliders,flight,37.0,199297.16328673114,6092.0,
hang gliders,flight,41.0,239388.6773629378,6092.0,
hang gliders,flight,46.0,306228.7126239155,6092.0,
hang gliders,flight,52.0,365036.10988870735,6092.0,
hang gliders,flight,59.0,485531.4628792256,6092.0,
hang gliders,flight,67.0,599761.9128381549,6094.0,
hang gliders,flight,75.0,753877.3497216927,6094.0,
hang gliders,flight,85.0,904749.9137659429,6094.0,
hang gliders,flight,95.0,1156035.444074998,6094.0,
hang gliders,flight,107.0,1408293.833867822,6093.0,
hang gliders,flight,121.0,1731577.964447334,6093.0,
hang gliders,flight,137.0,2181613.268548166,6093.0,
hang gliders,flight,154.0,2672578.3013205878,6092.0,
hang gliders,flight,174.0,3328722.989463563,6092.0,
hang gliders,flight,196.0,4121508.848499251,6091.0,
hang gliders,flight,221.0,5048699.91318298,6091.0,
hang gliders,flight,249.0,6236448.413454133,6090.0,
hang gliders,flight,281.0,7635350.807757437,6089.0,
hang gliders,flight,316.0,9362033.387373807,6088.0,
hang gliders,flight,357.0,11479258.527015146,6087.0,
hang gliders,flight,402.0,13971186.756632537,6084.0,
hang gliders,flight,453.0,17111827.436606903,6083.0,
hang gliders,flight,511.0,20889702.317053273,6082.0,
hang gliders,flight,576.0,25523989.396437924,6081.0,
hang gliders,flight,649.0,31073208.387073144,6077.0,
hang gliders,flight,732.0,37807085.04142721,6071.0,
hang gliders,flight,825.0,46042353.95382783,6064.0,
hang gliders,flight,931.0,56214842.70437215,6058.0,
hang gliders,flight,1049.0,68452636.06703575,6052.0,
hang gliders,flight,1183.0,83268426.80725965,6042.0,
hang gliders,flight,1334.0,101409401.81792784,6009.0,
hang gliders,flight,1504.0,123227025.79283935,5972.0,
hang gliders,flight,1695.0,149894134.29397547,5910.0,
hang gliders,flight,1911.0,182391300.1519732,5817.0,
hang gliders,flight,2155.0,223173966.99514046,5684.0,
hang gliders,flight,2429.0,270071591.05467045,5533.0,
hang gliders,flight,2739.0,330132020.25468385,5331.0,
hang gliders,flight,3088.0,404762221.82217914,5067.0,
hang gliders,flight,3481.0,499663907.39183503,4714.0,
hang gliders,flight,3925.0,621167164.5934032,4301.0,
hang gliders,flight,4425.0,772643853.2012718,3853.0,
hang gliders,flight,4989.0,968791661.9322158,3343.0,
hang gliders,flight,5624.0,1225833312.40406,2805.0,
hang gliders,flight,6341.0,1545738452.7327738,2264.0,
hang gliders,flight,7149.0,1970815156.4236662,1762.0,
hang gliders,flight,8059.0,2587541434.5266614,1219.0,
hang gliders,flight,9086.0,3479020834.119403,804.0,
hang gliders,flight,10000.0,4288448629.720354,565.0,
hang gliders,flight,10244.0,4601860395.803536,509.0,
hang gliders,flight,11549.0,5796813727.351352,296.0,
hang gliders,flight,13021.0,7500840957.023255,129.0,
hang gliders,flight,14680.0,9490786688.0,34.0,
hang gliders,flight,16550.0,11481142710.857143,7.0,
hang gliders,flight,18659.0,15398623744.0,6.0,
hang gliders,flight,21037.0,18152209536.0,4.0,
hang gliders,flight,23717.0,34695195392.0,2.0,
hang gliders,flight,26739.0,81150918656.0,1.0,
hang gliders,flight,30146.0,,0.0,
hang gliders,flight,33987.0,,0.0,
hang gliders,flight,38318.0,,0.0,
hang gliders,flight,43200.0,,0.0,
hang gliders,window,1.0,291.8507889370926,21440171.0,
hang gliders,window,2.0,1137.5613562537203,26157744.0,
hang gliders,window,3.0,2797.0787502155467,28760829.0,
hang gliders,window,4.0,4256.180136892368,29442558.0,
hang gliders,window,5.0,6431.590820486359,33220359.0,
hang gliders,window,6.0,9216.580614519176,33268111.0,
hang gliders,window,7.0,12099.163617665285,33295299.0,
hang gliders,window,8.0,16748.01953172144,33320192.0,
hang gliders,window,9.0,19192.285668742268,33328244.0,
hang gliders,window,10.0,22591.563813704393,34501007.0,
hang gliders,window,11.0,27739.335356847005,34515925.0,
hang gliders,window,12.0,30553.151354715174,34514020.0,
hang gliders,window,14.0,41769.512966234266,34505064.0,
hang gliders,window,16.0,51413.19416248964,34503643.0,
hang gliders,window,18.0,64396.68646686812,34495358.0,
hang gliders,window,20.0,76226.49024594284,34490330.0,
hang gliders,window,23.0,99559.17363599979,34477863.0,
hang gliders,window,25.0,109519.7712758115,34472730.0,
hang gliders,window,29.0,147870.13114644328,34455824.0,
hang gliders,window,32.0,174741.6978014152,34445329.0,
hang gliders,window,37.0,226642.24899369638,34426636.0,
hang gliders,window,41.0,275866.9963347209,34410842.0,
hang gliders,window,46.0,344412.6278261211,34390927.0,
hang gliders,window,52.0,426350.471784703,34368148.0,
hang gliders,window,59.0,550544.5497340857,34337605.0,
hang gliders,window,67.0,687704.8935918881,34307750.0,
hang gliders,window,75.0,853102.046525809,34274819.0,
hang gliders,window,85.0,1056396.6024894156,34237735.0,
hang gliders,window,95.0,1315578.7322108578,34195212.0,
hang gliders,window,107.0,1625376.7962787608,34149984.0,
hang gliders,window,121.0,2015744.9234084985,34097806.0,
hang gliders,window,137.0,2530290.0872370848,34035210.0,
hang gliders,window,154.0,3122302.0760244024,33969213.0,
hang gliders,window,174.0,3891332.2515679896,33892483.0,
hang gliders,window,196.0,4800789.079022173,33808566.0,
hang gliders,window,221.0,5923159.866157829,33714939.0,
hang gliders,window,249.0,7305265.1940446,33611065.0,
hang gliders,window,281.0,8999720.210410057,33495180.0,
hang gliders,window,316.0,11029098.84877005,33367073.0,
hang gliders,window,357.0,13581025.762689713,33213815.0,
hang gliders,window,402.0,16623954.543131698,33057267.0,
hang gliders,window,453.0,20384260.88768447,32876974.0,
hang gliders,window,511.0,24995168.872965492,32676048.0,
hang gliders,window,576.0,30607103.720064253,32447585.0,
hang gliders,window,649.0,37424470.929427244,32198047.0,
hang gliders,window,732.0,45854075.117316045,31918795.0,
hang gliders,window,825.0,56139927.22542083,31603389.0,
hang gliders,window,931.0,68926371.54796712,31245554.0,
hang gliders,window,1049.0,84401189.80215263,30861950.0,
hang gliders,window,1183.0,103545560.88413404,30426628.0,
hang gliders,window,1334.0,127034912.05437647,29938057.0,
hang gliders,window,1504.0,155713484.84046245,29387258.0,
hang gliders,window,1695.0,190808493.13355798,28760272.0,
hang gliders,window,1911.0,233878797.04841253,28038339.0,
hang gliders,window,2155.0,286876216.9615917,27217882.0,
hang gliders,window,2429.0,351074939.97809213,26283858.0,
hang gliders,window,2739.0,429503221.26234025,25219098.0,
hang gliders,window,3088.0,526463301.39783263,23968390.0,
hang gliders,window,3481.0,645131867.2869008,22499472.0,
hang gliders,window,3925.0,792351750.6949656,20820165.0,
hang gliders,window,4425.0,973017644.5816913,18995711.0,
hang gliders,window,4989.0,1198122724.225192,16997202.0,
hang gliders,window,5624.0,1485160823.937746,14769714.0,
hang gliders,window,6341.0,1836229495.86359,12443367.0,
hang gliders,window,7149.0,2281993502.5274177,10185506.0,
hang gliders,window,8059.0,2861791810.092806,7693217.0,
hang gliders,window,9086.0,3628079659.78903,5511686.0,
hang gliders,window,10000.0,4323295298.907936,3981688.0,
hang gliders,window,10244.0,4594813150.269337,3567136.0,
hang gliders,window,11549.0,5586821048.588548,2168510.0,
hang gliders,window,13021.0,6917054247.545257,989816.0,
hang gliders,window,14680.0,9155694763.835064,273076.0,
hang gliders,window,16550.0,10370043064.587694,53783.0,
hang gliders,window,18659.0,16741988278.108397,31846.0,
hang gliders,window,21037.0,20710122186.39423,21495.0,
hang gliders,window,23717.0,38050382714.76406,10952.0,
hang gliders,window,26739.0,81150918656.0,5505.0,
hang gliders,window,30146.0,,0.0,
hang gliders,window,33987.0,,0.0,
hang gliders,window,38318.0,,0.0,
hang gliders,window,43200.0,,0.0,
