configuration,window_s,contrast,point,low,high,se,sim_low,sim_high
site_day,10_10000,circuit_alt0_beginners,0.13290226837995622,0.12100362709312966,0.14694515896808907,0.007940065900649084,0.11140170520172986,0.1544028315581826
site_day,10_10000,circuit_alt0_experts,0.12707664932398,0.11426988447852401,0.14119263782407074,0.008190839063556698,0.10489702827646591,0.14925627037149408
site_day,10_10000,circuit_alt1_beginners,0.11904960038803358,0.11277905345249573,0.12550998780307301,0.003846908914402417,0.1086327210837661,0.12946647969230107
site_day,10_10000,circuit_alt1_experts,0.1356107538508634,0.1311370637170378,0.14025473841013975,0.0027292412080526904,0.12822035888983938,0.14300114881188744
site_day,10_10000,circuit_alt2_beginners,0.048601292064439305,0.04625997044818221,0.05059147599347048,0.001295222931704987,0.045094013558005984,0.05210857057087263
site_day,10_10000,circuit_alt2_experts,0.04832042738698006,0.04586711691047013,0.050644491575802655,0.0014492348655354825,0.04439610658455614,0.05224474818940398
site_day,10_10000,circuit_alt3_beginners,0.029285167214572305,0.0274493962823066,0.031151753086378013,0.0011305210276996928,0.026223877914897397,0.03234645651424721
site_day,10_10000,circuit_alt3_experts,0.01793187520246775,0.01566108123733161,0.020070950332726156,0.00135311254111993,0.014267839910868822,0.02159591049406668
site_day,10_10000,equipment_alt0_open,0.009649132513091963,0.007724295068765608,0.011480224598972116,0.0011327155485899123,0.006581900764621732,0.012716364261562193
site_day,10_10000,equipment_alt0_closed,0.01547475156906819,-0.0026664165732307077,0.03458708411039319,0.011322078210431429,-0.015183817379622912,0.04613332051775929
site_day,10_10000,equipment_alt1_open,0.01801494250066127,0.015359913563551226,0.02058233825629615,0.0015936105735327435,0.013699672924003304,0.022330212077319233
site_day,10_10000,equipment_alt1_closed,0.0014537890378314433,-0.00555256660332531,0.00860348357083407,0.0042958141805769946,-0.010178661542190312,0.013086239617853199
site_day,10_10000,equipment_alt2_open,0.02266885988579359,0.020325191478138643,0.02488641532175631,0.0013644019625236189,0.018974254455209318,0.026363465316377864
site_day,10_10000,equipment_alt2_closed,0.022949724563252838,0.021347329806579635,0.024592706145783415,0.0009985926628080898,0.020245678412418814,0.025653770714086862
site_day,10_10000,equipment_alt3_open,0.011002880222677147,0.008873433452236606,0.013193328996859372,0.0013030895564096132,0.007474300021323716,0.014531460424030578
site_day,10_10000,equipment_alt3_closed,0.0223561722347817,0.020792944793487318,0.024066816256376404,0.0009909500807142575,0.019672821103511658,0.025039523366051746
site_day,10_10000,attenuation_beginners,0.10361710116538392,0.09147600185013477,0.11788788034096423,0.007995001210160332,0.08196778102372158,0.12526642130704624
site_day,10_10000,attenuation_experts,0.10914477412151224,0.09610890557934475,0.12377297119048117,0.0083309532833467,0.08658574380051637,0.13170380444250812
site_day,10_10000,attenuation_experts_minus_beginners,0.005527672956128327,-0.013860053487015508,0.02419332424304389,0.011513620525069636,-0.02564956519363903,0.03670491110589569
site_day,10_100,circuit_alt0_beginners,0.025647286622056953,0.017344559490773404,0.0346519999851268,0.005113437964020549,0.011893177148977007,0.0394013960951369
site_day,10_100,circuit_alt0_experts,0.033028241473831876,0.025589983964229866,0.04089618538578831,0.004644379210781937,0.02053580477095948,0.04552067817670427
site_day,10_100,circuit_alt1_beginners,0.01695822944531722,0.01324801365639643,0.020695380800217145,0.0022542229549356524,0.01089482757810526,0.023021631312529177
site_day,10_100,circuit_alt1_experts,0.02995641163940488,0.02724600822815058,0.032631133542268986,0.0016334405038232647,0.02556278847130776,0.034350034807502
site_day,10_100,circuit_alt2_beginners,-0.0008275904792348632,-0.0018140700902947783,0.00023283922817367452,0.0006190233310023321,-0.0024926375025690964,0.0008374565440993703
site_day,10_100,circuit_alt2_experts,-0.0025719298047185424,-0.0037089486158978944,-0.0015459722608757945,0.0006802920852110353,-0.0044017773318615954,-0.0007420822775754895
site_day,10_100,circuit_alt3_beginners,-0.0012268972465180328,-0.0023085902970514383,-0.00021861409262434215,0.0006202756270716455,-0.002895312691910231,0.00044151819887416574
site_day,10_100,circuit_alt3_experts,-0.006539266408112754,-0.007801821778007595,-0.005377811352414719,0.000729938356974007,-0.008502652322063826,-0.004575880494161681
site_day,10_100,equipment_alt0_open,0.01689878498345032,0.01452841444519649,0.0192016660177713,0.0014665986954674598,0.01295393239064108,0.020843637576259563
site_day,10_100,equipment_alt0_closed,0.009517830131675398,-0.0011224595869883342,0.019980331876919215,0.006551954036696005,-0.00810559538309296,0.027141255646443756
site_day,10_100,equipment_alt1_open,0.01907920132994334,0.016873312289121478,0.021514957498575387,0.001397999502782379,0.015318866631473358,0.02283953602841332
site_day,10_100,equipment_alt1_closed,0.006081019135855681,0.00218675778425898,0.010212060166759062,0.00240050260001927,-0.00037584526406322146,0.012537883535774584
site_day,10_100,equipment_alt2_open,0.014538846094186209,0.013373668634265878,0.015736156202083205,0.0007345915366204492,0.012562944072147897,0.01651474811622452
site_day,10_100,equipment_alt2_closed,0.016283185419669888,0.01544739674869971,0.017100974263631774,0.0004995347728143338,0.014939538347144093,0.017626832492195682
site_day,10_100,equipment_alt3_open,0.01106945492072775,0.009867718598528696,0.01225281242765946,0.0007387543755808789,0.009082355707448746,0.013056554134006755
site_day,10_100,equipment_alt3_closed,0.01638182408232247,0.015522675350396864,0.017234584010467506,0.0005126680044486401,0.015002851284344532,0.01776079688030041
site_day,10_100,attenuation_beginners,0.026874183868574986,0.018536930383432793,0.035942640149697815,0.00516800304471315,0.012973305411783077,0.040775062325366894
site_day,10_100,attenuation_experts,0.03956750788194463,0.03215275883420435,0.04730679443781377,0.004736651841255718,0.026826876545669946,0.052308139218219314
site_day,10_100,attenuation_experts_minus_beginners,0.012693324013369645,0.0019085646345843755,0.023687496354638803,0.00676209559216881,-0.005495339601313723,0.030881987628053012
site_day,100_1000,circuit_alt0_beginners,0.07803593547485732,0.0692690268953013,0.08893677466787736,0.006024495815226341,0.06166959538061394,0.0944022755691007
site_day,100_1000,circuit_alt0_experts,0.07938275412077511,0.06974457802488779,0.08949622458224324,0.005920780126636923,0.06329817141912097,0.09546733682242925
site_day,100_1000,circuit_alt1_beginners,0.058521654833720516,0.05357105987939282,0.0636251404054589,0.003063906130523971,0.05019814838820917,0.06684516127923186
site_day,100_1000,circuit_alt1_experts,0.07901133670109528,0.07565355516986969,0.08251845829791352,0.0021333997649260546,0.07321567393019386,0.0848069994719967
site_day,100_1000,circuit_alt2_beginners,0.012434044031939928,0.011058857015087424,0.013675323154999941,0.0007950681847709659,0.010274136097870678,0.014593951966009178
site_day,100_1000,circuit_alt2_experts,0.015234527367372075,0.013589783357550983,0.016730071476464936,0.0009633079436682766,0.012617573865352099,0.01785148086939205
site_day,100_1000,circuit_alt3_beginners,0.008227638463560671,0.006803006623222624,0.009483205585685767,0.0008189589142781007,0.0060028282013621335,0.01045244872575921
site_day,100_1000,circuit_alt3_experts,0.0029726355807430105,0.0013574258792554861,0.004523705934075078,0.0009600680035781795,0.00036448380471402683,0.005580787356771994
site_day,100_1000,equipment_alt0_open,0.00892007510579984,0.006852219117798403,0.010988271120665215,0.001229473262073813,0.005580048295087737,0.012260101916511945
site_day,100_1000,equipment_alt0_closed,0.0075732564598820495,-0.004974092385661739,0.02200490010651235,0.008124205040578767,-0.014497221596294178,0.029643734516058277
site_day,100_1000,equipment_alt1_open,0.01701969625519839,0.014313466917641288,0.01966274611206376,0.0016268219919172192,0.012600219039325952,0.02143917347107083
site_day,100_1000,equipment_alt1_closed,-0.003469985612176374,-0.008707795008142633,0.0017510777867406444,0.0031759366759826686,-0.012097837859254477,0.005157866634901729
site_day,100_1000,equipment_alt2_open,0.013497287491341603,0.011923225958031936,0.014979505674938247,0.0009488084753086709,0.01091972371381264,0.016074851268870566
site_day,100_1000,equipment_alt2_closed,0.010696804155909456,0.009669606698590854,0.011652133265291053,0.0006189494911225323,0.009015345958649565,0.012378262353169347
site_day,100_1000,equipment_alt3_open,0.006093636813656711,0.004576930804095397,0.007643961093938395,0.0009520385012036459,0.003507298243359735,0.008679975383953688
site_day,100_1000,equipment_alt3_closed,0.011348639696474372,0.01022836878248754,0.012483966874550844,0.0006754122079480625,0.009513793057334243,0.013183486335614501
site_day,100_1000,attenuation_beginners,0.06980829701129665,0.060928216731114725,0.08061502309686779,0.006084794057764869,0.053278148762024496,0.0863384452605688
site_day,100_1000,attenuation_experts,0.0764101185400321,0.0666209986010391,0.08687276320548709,0.0060162964295807485,0.06006605316190694,0.09275418391815726
site_day,100_1000,attenuation_experts_minus_beginners,0.006601821528735452,-0.007927656534965468,0.019076303051148213,0.008368116770763578,-0.016131275018948513,0.029334918076419417
site_day,1000_10000,circuit_alt0_beginners,0.36248751914409827,0.3254934406197297,0.4045554514142838,0.02466341620880417,0.2949973638444102,0.4299776744437863
site_day,1000_10000,circuit_alt0_experts,0.32664630393057936,0.29088939078818016,0.3681563885792511,0.023346824251796273,0.2627589340233327,0.390533673837826
site_day,1000_10000,circuit_alt1_beginners,0.3673820782511966,0.3494741070753116,0.3853952813721566,0.011072076217027174,0.3370839177266868,0.39768023877570646
site_day,1000_10000,circuit_alt1_experts,0.3770912061139009,0.36415375477018186,0.39022333431133915,0.008017120233035474,0.3551527737003618,0.39902963852744
site_day,1000_10000,circuit_alt2_beginners,0.1880661506990836,0.18105932654141432,0.19399682418936265,0.003815367006386534,0.17762559738699163,0.1985067040111756
site_day,1000_10000,circuit_alt2_experts,0.17666813355444622,0.16986167830576115,0.1832411670970819,0.004038530367533363,0.1656169053150251,0.18771936179386733
site_day,1000_10000,circuit_alt3_beginners,0.11477680244921418,0.1100313759927718,0.12004250340005596,0.0029684390192322575,0.10665382351111707,0.12289978138731128
site_day,1000_10000,circuit_alt3_experts,0.0807265539919566,0.07479965371316437,0.08632516968082163,0.0035549165881215822,0.07099870969907567,0.09045439828483755
site_day,1000_10000,equipment_alt0_open,0.007924333837114661,0.005320067044109328,0.010528875962500345,0.001575086926786287,0.003614190408510163,0.012234477265719159
site_day,1000_10000,equipment_alt0_closed,0.04376554905063357,-0.014969193918265445,0.1032931343120868,0.035108467262689194,-0.05230694503666446,0.13983804313793158
site_day,1000_10000,equipment_alt1_open,0.020716195867310883,0.01671774032741121,0.024734843947724888,0.00245764185536297,0.013990986793060635,0.02744140494156113
site_day,1000_10000,equipment_alt1_closed,0.011007068004606602,-0.010319297170498478,0.03376213192952708,0.013405714443654102,-0.025676972115614635,0.04769110812482784
site_day,1000_10000,equipment_alt2_open,0.04762087407054061,0.041834545396518194,0.05345906193435627,0.0035584120284373505,0.03788346468709173,0.05735828345398949
site_day,1000_10000,equipment_alt2_closed,0.059018891215178004,0.0535664129248562,0.06416939375017222,0.0032154443147760243,0.05021999513669127,0.06781778729366474
site_day,1000_10000,equipment_alt3_open,0.021496380594511644,0.015908519089144195,0.027016629753919386,0.003393114593712327,0.012211299041310771,0.03078146214771252
site_day,1000_10000,equipment_alt3_closed,0.055546629051769214,0.051199043936854226,0.06003665279328438,0.002665979490189555,0.048251314878931834,0.0628419432246066
site_day,1000_10000,attenuation_beginners,0.2477107166948841,0.20949020896937706,0.28987932353153584,0.024780131868230745,0.17990117506550365,0.31552025832426456
site_day,1000_10000,attenuation_experts,0.24591974993862276,0.20871047624968964,0.2880457789011668,0.02363279137064418,0.18124984588856907,0.31058965398867644
site_day,1000_10000,attenuation_experts_minus_beginners,-0.0017909667562613363,-0.06112917395642409,0.056872256947841184,0.035390947474140094,-0.09863645324568669,0.09505451973316402
calendar_1day_seed20260921,10_10000,circuit_alt0_beginners,0.13290226837995622,0.12034405910903653,0.14691085140735693,0.008030808900854398,0.11159316646754133,0.1542113702923711
calendar_1day_seed20260921,10_10000,circuit_alt0_experts,0.12707664932398,0.11297479384028582,0.14201892192887572,0.008928074760515317,0.10338672502093259,0.1507665736270274
calendar_1day_seed20260921,10_10000,circuit_alt1_beginners,0.1190496003880337,0.11312129120492737,0.1255233951034955,0.0038044441406990064,0.10895481555189847,0.12914438522416893
calendar_1day_seed20260921,10_10000,circuit_alt1_experts,0.1356107538508634,0.13070917698402257,0.14041178735184776,0.0029659559747250465,0.12774082954891322,0.1434806781528136
calendar_1day_seed20260921,10_10000,circuit_alt2_beginners,0.04860129206443986,0.046027142833165655,0.051517778596999374,0.0016480525840613745,0.044228317821826985,0.052974266307052736
calendar_1day_seed20260921,10_10000,circuit_alt2_experts,0.04832042738698017,0.045363889683423905,0.051835078324938146,0.0019854747152559713,0.04305213080885947,0.053588723965100865
calendar_1day_seed20260921,10_10000,circuit_alt3_beginners,0.02928516721457264,0.026970004057670277,0.03155869100156132,0.0014388284995715693,0.025467352158782226,0.03310298227036305
calendar_1day_seed20260921,10_10000,circuit_alt3_experts,0.017931875202468195,0.015314875028107355,0.02064454537957943,0.001633193981632493,0.013598327059684364,0.022265423345252028
calendar_1day_seed20260921,10_10000,equipment_alt0_open,0.009649132513091963,0.007573637275619632,0.011576749965550937,0.0011916029107957244,0.006487310562307546,0.01281095446387638
calendar_1day_seed20260921,10_10000,equipment_alt0_closed,0.01547475156906819,-0.004976013725965686,0.03596481271230702,0.01231418388092307,-0.017199939427362962,0.04814944256549934
calendar_1day_seed20260921,10_10000,equipment_alt1_open,0.018014942500661157,0.015136729929964976,0.020674711542293348,0.001675062973467824,0.013570298374271712,0.022459586627050603
calendar_1day_seed20260921,10_10000,equipment_alt1_closed,0.0014537890378314433,-0.0054184720547443,0.008776608222481332,0.0043372963103358395,-0.010054875935064935,0.012962454010727821
calendar_1day_seed20260921,10_10000,equipment_alt2_open,0.02266885988579337,0.020162020331730236,0.025155191213852995,0.001492728958552092,0.018708024321393953,0.026629695450192784
calendar_1day_seed20260921,10_10000,equipment_alt2_closed,0.02294972456325306,0.020875746432004415,0.024866389595945754,0.0012304300459314668,0.019684877949599798,0.026214571176906322
calendar_1day_seed20260921,10_10000,equipment_alt3_open,0.01100288022267737,0.008805927405446085,0.01327585827618723,0.0013508881607420522,0.007418407743639233,0.014587352701715506
calendar_1day_seed20260921,10_10000,equipment_alt3_closed,0.022356172234781813,0.020710539641313967,0.023893963984327454,0.0009720883092537931,0.019776814525553747,0.02493552994400988
calendar_1day_seed20260921,10_10000,attenuation_beginners,0.10361710116538358,0.09097701768992385,0.11767293290485871,0.008092078422107199,0.08214542553360626,0.1250887767971609
calendar_1day_seed20260921,10_10000,attenuation_experts,0.1091447741215118,0.09376309562064652,0.1242984389152388,0.009126545909634656,0.08492822267598463,0.13336132556703897
calendar_1day_seed20260921,10_10000,attenuation_experts_minus_beginners,0.005527672956128216,-0.015746655306218344,0.02546592241320831,0.0124426321172473,-0.027487845046908932,0.03854319095916536
calendar_1day_seed20260921,10_100,circuit_alt0_beginners,0.025647286622056953,0.017064147424994076,0.03461605517545834,0.005261688260528464,0.011499185212430759,0.03979538803168314
calendar_1day_seed20260921,10_100,circuit_alt0_experts,0.033028241473831876,0.02508324044891404,0.0408549080541833,0.004856561050254385,0.01996948260427113,0.04608700034339262
calendar_1day_seed20260921,10_100,circuit_alt1_beginners,0.01695822944531722,0.013046374957779338,0.0207103772776338,0.0023399341965881387,0.010666403577652422,0.023250055312982014
calendar_1day_seed20260921,10_100,circuit_alt1_experts,0.02995641163940488,0.027009942600036214,0.03290716425183587,0.0018177675775245803,0.025068634417999273,0.034844188860810484
calendar_1day_seed20260921,10_100,circuit_alt2_beginners,-0.0008275904792347522,-0.001970157039153464,0.0004959825795375845,0.0007415184721273393,-0.002821452148970957,0.0011662711905014527
calendar_1day_seed20260921,10_100,circuit_alt2_experts,-0.0025719298047188754,-0.003857182456894265,-0.001262277783493299,0.0007744256787405589,-0.004654275336139541,-0.0004895842732982095
calendar_1day_seed20260921,10_100,circuit_alt3_beginners,-0.001226897246518588,-0.00244003656330668,-1.4536812932447837e-05,0.0007463284307601378,-0.003233692366345982,0.0007798978733088062
calendar_1day_seed20260921,10_100,circuit_alt3_experts,-0.006539266408112754,-0.0077446301599215115,-0.005194885111861221,0.0007681915636996304,-0.008604849089392717,-0.004473683726832791
calendar_1day_seed20260921,10_100,equipment_alt0_open,0.01689878498345032,0.014370127826284596,0.019192475154117837,0.0014766610158712917,0.01292820581460949,0.020869364152291153
calendar_1day_seed20260921,10_100,equipment_alt0_closed,0.009517830131675398,-0.0012554988366041133,0.02087103680514938,0.0067062155105549566,-0.00851444628232299,0.027550106545673785
calendar_1day_seed20260921,10_100,equipment_alt1_open,0.01907920132994334,0.016562261700852933,0.021377424161715456,0.0014459694695878437,0.015191148355687979,0.0229672543041987
calendar_1day_seed20260921,10_100,equipment_alt1_closed,0.006081019135855681,0.002138240843168515,0.009813456199242081,0.0023710411241680326,-0.00029444984104532064,0.012456488112756682
calendar_1day_seed20260921,10_100,equipment_alt2_open,0.014538846094185875,0.013244412186513666,0.0158173191360547,0.0008009563028830815,0.012385162630481212,0.01669252955789054
calendar_1day_seed20260921,10_100,equipment_alt2_closed,0.01628318541967,0.01534204520314858,0.017317729367407803,0.0005722400023877598,0.014744494949320161,0.017821875890019837
calendar_1day_seed20260921,10_100,equipment_alt3_open,0.011069454920728083,0.009816594127085253,0.012341107797836131,0.0007734155609155282,0.008989825485114806,0.013149084356341361
calendar_1day_seed20260921,10_100,equipment_alt3_closed,0.01638182408232225,0.015423977288468343,0.017164086709544175,0.0005226713201029598,0.014976418350440831,0.017787229814203668
calendar_1day_seed20260921,10_100,attenuation_beginners,0.02687418386857554,0.018596090119046043,0.035951255002022245,0.005274944357769417,0.012690438270473227,0.041057929466677856
calendar_1day_seed20260921,10_100,attenuation_experts,0.03956750788194463,0.03139857391344345,0.04772230055434282,0.004913444385259871,0.026355795976718003,0.05277921978717126
calendar_1day_seed20260921,10_100,attenuation_experts_minus_beginners,0.01269332401336909,0.0009150559021757431,0.0237129124902875,0.006783531971467394,-0.005546847866012249,0.030933495892750427
calendar_1day_seed20260921,100_1000,circuit_alt0_beginners,0.07803593547485721,0.06857968304533052,0.08856478863214845,0.006003872326632664,0.06215716217986386,0.09391470876985056
calendar_1day_seed20260921,100_1000,circuit_alt0_experts,0.07938275412077511,0.06868480321949526,0.08955481866921158,0.006391833202588736,0.06247791923394765,0.09628758900760256
calendar_1day_seed20260921,100_1000,circuit_alt1_beginners,0.058521654833720516,0.053813036447834334,0.06385753891072454,0.0030506585001782278,0.050453409526455134,0.0665899001409859
calendar_1day_seed20260921,100_1000,circuit_alt1_experts,0.07901133670109561,0.07541063246554493,0.0831336698413704,0.002351183988381949,0.07279303033226675,0.08522964306992448
calendar_1day_seed20260921,100_1000,circuit_alt2_beginners,0.01243404403194015,0.010918000075738515,0.01407878591291814,0.0009695810164817002,0.009869739477436574,0.014998348586443727
calendar_1day_seed20260921,100_1000,circuit_alt2_experts,0.015234527367371742,0.013266359968775177,0.01730210391648827,0.001215331229741032,0.01202027362820091,0.018448781106542574
calendar_1day_seed20260921,100_1000,circuit_alt3_beginners,0.008227638463561227,0.006558106713816431,0.009930548828975904,0.0010254480229984315,0.005515579346187618,0.010939697580934835
calendar_1day_seed20260921,100_1000,circuit_alt3_experts,0.0029726355807432325,0.001206699659504162,0.004786116852162186,0.0010798821375955306,0.00011661154903144701,0.005828659612455018
calendar_1day_seed20260921,100_1000,equipment_alt0_open,0.008920075105799952,0.006718006879343747,0.010872691593251715,0.001254797978050723,0.0056014414739521505,0.012238708737647753
calendar_1day_seed20260921,100_1000,equipment_alt0_closed,0.0075732564598820495,-0.006417546683737691,0.022143906880573185,0.008588380251247184,-0.015140907926294734,0.030287420846058833
calendar_1day_seed20260921,100_1000,equipment_alt1_open,0.017019696255198724,0.014129218304686275,0.019661735294287608,0.0016714785032162132,0.012599044586393025,0.021440347924004424
calendar_1day_seed20260921,100_1000,equipment_alt1_closed,-0.003469985612176374,-0.008729556014684031,0.002010449568503819,0.0032045210669977148,-0.011945159762061345,0.005005188537708597
calendar_1day_seed20260921,100_1000,equipment_alt2_open,0.013497287491341603,0.011792512607705707,0.0151156054773042,0.001007839520759521,0.010831798553995933,0.016162776428687273
calendar_1day_seed20260921,100_1000,equipment_alt2_closed,0.010696804155910011,0.00954730173226544,0.011925943423297563,0.0007236215487585492,0.008783002212930756,0.012610606098889266
calendar_1day_seed20260921,100_1000,equipment_alt3_open,0.006093636813657155,0.00441379003079001,0.00768872078951987,0.0009931231872265787,0.0034670689777590506,0.008720204649555259
calendar_1day_seed20260921,100_1000,equipment_alt3_closed,0.011348639696475149,0.010228822194274368,0.012428898915074049,0.0006781260796397001,0.009555162137624286,0.013142117255326012
calendar_1day_seed20260921,100_1000,attenuation_beginners,0.06980829701129598,0.06024540810286204,0.08005104484010889,0.006070640962476271,0.05375293701124004,0.08586365701135193
calendar_1day_seed20260921,100_1000,attenuation_experts,0.07641011854003188,0.0656080410625481,0.08622245820199656,0.006472022448243118,0.0592932027189057,0.09352703436115806
calendar_1day_seed20260921,100_1000,attenuation_experts_minus_beginners,0.006601821528735896,-0.008424108617102006,0.0205660440986704,0.008641986466757292,-0.016254118181261767,0.02945776123873356
calendar_1day_seed20260921,1000_10000,circuit_alt0_beginners,0.36248751914409827,0.3224704867385999,0.40660330786079196,0.02554961091730287,0.29365509407336804,0.4313199442148285
calendar_1day_seed20260921,1000_10000,circuit_alt0_experts,0.3266463039305789,0.28997165138372105,0.370897358377866,0.024752021828259085,0.2599626392220528,0.393329968639105
calendar_1day_seed20260921,1000_10000,circuit_alt1_beginners,0.3673820782511975,0.3493902935805405,0.38605961678878925,0.011370244657353553,0.336749849997454,0.398014306504941
calendar_1day_seed20260921,1000_10000,circuit_alt1_experts,0.3770912061139009,0.36389377264278255,0.3903519917842381,0.008211656605905678,0.3549684332911734,0.3992139789366284
calendar_1day_seed20260921,1000_10000,circuit_alt2_beginners,0.18806615069908283,0.1803826297811224,0.1964800690340646,0.004831292349903515,0.17505031379472064,0.20108198760344503
calendar_1day_seed20260921,1000_10000,circuit_alt2_experts,0.17666813355444677,0.1679612343058771,0.1866624030990182,0.005595607106242226,0.16159317964957837,0.19174308745931518
calendar_1day_seed20260921,1000_10000,circuit_alt3_beginners,0.11477680244921429,0.10815250674294792,0.12077440392103933,0.0037859265284802797,0.10457725362092167,0.1249763512775069
calendar_1day_seed20260921,1000_10000,circuit_alt3_experts,0.08072655399195605,0.0734409025443081,0.08800785008963123,0.004509740969160455,0.06857699882444791,0.09287610915946419
calendar_1day_seed20260921,1000_10000,equipment_alt0_open,0.007924333837114217,0.005173563139093079,0.01081518017049745,0.0016824285285636574,0.00339175461295115,0.012456913061277284
calendar_1day_seed20260921,1000_10000,equipment_alt0_closed,0.04376554905063357,-0.019294785461863636,0.10612280890917071,0.03736645384128977,-0.056902271000106835,0.14443336910137397
calendar_1day_seed20260921,1000_10000,equipment_alt1_open,0.020716195867310883,0.016212735862055714,0.025154466005647504,0.0026554990623152983,0.01356209708968818,0.027870294644933586
calendar_1day_seed20260921,1000_10000,equipment_alt1_closed,0.01100706800460749,-0.010891864956371634,0.03214379057065262,0.013442597593517042,-0.025208222889905187,0.047222358899120166
calendar_1day_seed20260921,1000_10000,equipment_alt2_open,0.047620874070540276,0.04107475749034397,0.05416286566715937,0.003918214302505658,0.03706493279764848,0.058176815343432074
calendar_1day_seed20260921,1000_10000,equipment_alt2_closed,0.05901889121517634,0.05293017427357907,0.06484797716266241,0.003675061925917069,0.04911801932069803,0.06891976310965466
calendar_1day_seed20260921,1000_10000,equipment_alt3_open,0.02149638059451109,0.015795818965489587,0.027228050903554308,0.0035252291459063477,0.011999168608459905,0.030993592580562272
calendar_1day_seed20260921,1000_10000,equipment_alt3_closed,0.055546629051769325,0.051118547571031896,0.05955913640893621,0.002676596409082772,0.04833569255770297,0.06275756554583568
calendar_1day_seed20260921,1000_10000,attenuation_beginners,0.24771071669488398,0.20668960098688965,0.2916328065034118,0.02564737631460343,0.1786149048584616,0.31680652853130636
calendar_1day_seed20260921,1000_10000,attenuation_experts,0.24591974993862287,0.20613848099945084,0.29119590542990254,0.025379505090893137,0.17754560177036058,0.31429389810688513
calendar_1day_seed20260921,1000_10000,attenuation_experts_minus_beginners,-0.0017909667562611142,-0.06593290817905784,0.06144015769682041,0.03786022242761703,-0.10378903364835888,0.10020710013583665
calendar_1day_seed20260922,10_10000,circuit_alt0_beginners,0.13290226837995622,0.1194546846497069,0.1470958630770662,0.008404182089786156,0.11047449957757567,0.15533003718233676
calendar_1day_seed20260922,10_10000,circuit_alt0_experts,0.12707664932398,0.11353095713886267,0.14281067951520213,0.008892655746749197,0.10334531830372047,0.15080798034423953
calendar_1day_seed20260922,10_10000,circuit_alt1_beginners,0.1190496003880337,0.11206891980965439,0.12532920412876464,0.004008481120332821,0.10835239192026483,0.12974680885580256
calendar_1day_seed20260922,10_10000,circuit_alt1_experts,0.1356107538508634,0.1306463864329305,0.14034080119519202,0.003008174127343176,0.12758300848259613,0.1436384992191307
calendar_1day_seed20260922,10_10000,circuit_alt2_beginners,0.04860129206443986,0.04602169332390616,0.051574816709608416,0.0017048554142480895,0.04405164015735989,0.05315094397151983
calendar_1day_seed20260922,10_10000,circuit_alt2_experts,0.04832042738698017,0.04493807966724784,0.05160770704498448,0.0020020692095084995,0.04297761771466333,0.05366323705929701
calendar_1day_seed20260922,10_10000,circuit_alt3_beginners,0.02928516721457264,0.026827167530242096,0.03178590670843383,0.0015506657787101668,0.025146992529264275,0.033423341899881005
calendar_1day_seed20260922,10_10000,circuit_alt3_experts,0.017931875202468195,0.01519197920319706,0.020744794746012617,0.0017001509723126873,0.01339477777540118,0.02246897262953521
calendar_1day_seed20260922,10_10000,equipment_alt0_open,0.009649132513091963,0.007881651070561513,0.011628605991735813,0.0011541612747359585,0.006569087131650502,0.012729177894533424
calendar_1day_seed20260922,10_10000,equipment_alt0_closed,0.01547475156906819,-0.004780459780829789,0.03452622290851443,0.01208181212518677,-0.01676730198981438,0.04771680512795076
calendar_1day_seed20260922,10_10000,equipment_alt1_open,0.018014942500661157,0.01533900139045924,0.02072435180471515,0.0016714049915533442,0.0135545578582031,0.022475327143119214
calendar_1day_seed20260922,10_10000,equipment_alt1_closed,0.0014537890378314433,-0.0059469143061205544,0.009350030473617188,0.004554302079223107,-0.010700021172106057,0.013607599247768944
calendar_1day_seed20260922,10_10000,equipment_alt2_open,0.02266885988579337,0.020265917517383915,0.024941688253547874,0.0014376206521161407,0.018832362381726465,0.026505357389860273
calendar_1day_seed20260922,10_10000,equipment_alt2_closed,0.02294972456325306,0.021084965157624695,0.025057849599683085,0.0011925543057017378,0.019767221856051176,0.026132227270454944
calendar_1day_seed20260922,10_10000,equipment_alt3_open,0.01100288022267737,0.008784919919709689,0.013146677018739306,0.0013407601248711808,0.007424868968422542,0.014580891476932197
calendar_1day_seed20260922,10_10000,equipment_alt3_closed,0.022356172234781813,0.020682618881796733,0.023886831932504626,0.0009844503760684346,0.019729024798422395,0.02498331967114123
calendar_1day_seed20260922,10_10000,attenuation_beginners,0.10361710116538358,0.08992874906682329,0.11798051069830515,0.008538992081989778,0.08082957250712508,0.1264046298236421
calendar_1day_seed20260922,10_10000,attenuation_experts,0.1091447741215118,0.09541639700770066,0.12493561254895691,0.009112908279539358,0.08482566753537538,0.13346388070764822
calendar_1day_seed20260922,10_10000,attenuation_experts_minus_beginners,0.005527672956128216,-0.014429624180760298,0.02614570220108148,0.012382281162212114,-0.027516225448889736,0.03857157136114617
calendar_1day_seed20260922,10_100,circuit_alt0_beginners,0.025647286622056953,0.016380115385313716,0.03444827757408667,0.005460020853714961,0.01103119007821419,0.04026338316589972
calendar_1day_seed20260922,10_100,circuit_alt0_experts,0.033028241473831876,0.025069771293666093,0.04078652364775292,0.004821323684452197,0.020121892884865877,0.045934590062797875
calendar_1day_seed20260922,10_100,circuit_alt1_beginners,0.01695822944531722,0.013103822164339658,0.02073958435551525,0.0023456831636245925,0.010678998559692218,0.02323746033094222
calendar_1day_seed20260922,10_100,circuit_alt1_experts,0.02995641163940488,0.026881804791114305,0.032915107509912195,0.0018027217087322614,0.025130650851589498,0.03478217242722026
calendar_1day_seed20260922,10_100,circuit_alt2_beginners,-0.0008275904792347522,-0.0020437590302073818,0.0004394313914679256,0.0007422254415445929,-0.0028144764273957176,0.0011592954689262133
calendar_1day_seed20260922,10_100,circuit_alt2_experts,-0.0025719298047188754,-0.0037951486941882446,-0.0014137505049849732,0.0007255763361769739,-0.004514247254344499,-0.000629612355093252
calendar_1day_seed20260922,10_100,circuit_alt3_beginners,-0.001226897246518588,-0.002471440562880917,4.5756803999891003e-05,0.0007671415670934015,-0.00328048193196956,0.0008266874389323844
calendar_1day_seed20260922,10_100,circuit_alt3_experts,-0.006539266408112754,-0.007864660726196366,-0.005266656074700954,0.0007773758284395076,-0.00862024750026203,-0.004458285315963476
calendar_1day_seed20260922,10_100,equipment_alt0_open,0.01689878498345032,0.014592238544352437,0.019242468170314293,0.001399349539237971,0.013152823473034482,0.02064474649386616
calendar_1day_seed20260922,10_100,equipment_alt0_closed,0.009517830131675398,-0.002110887838298642,0.020013245074044995,0.006635464724390562,-0.008244848001498363,0.02728050826484916
calendar_1day_seed20260922,10_100,equipment_alt1_open,0.01907920132994334,0.016618370331628995,0.021466396256109938,0.0014798443296338407,0.015117760857226117,0.023040641802660564
calendar_1day_seed20260922,10_100,equipment_alt1_closed,0.006081019135855681,0.0021774239376737108,0.01028757856051028,0.0024765725637600922,-0.0005485935816710195,0.012710631853382382
calendar_1day_seed20260922,10_100,equipment_alt2_open,0.014538846094185875,0.013180439314540793,0.015783495458899455,0.0007830348831925048,0.01244271610557031,0.016634976082801442
calendar_1day_seed20260922,10_100,equipment_alt2_closed,0.01628318541967,0.015434186770687402,0.017180207822715614,0.0005429879125852034,0.014829644496454452,0.017736726342885548
calendar_1day_seed20260922,10_100,equipment_alt3_open,0.011069454920728083,0.009780244363352859,0.01229957462090936,0.000755471121275104,0.009047111208042602,0.013091798633413565
calendar_1day_seed20260922,10_100,equipment_alt3_closed,0.01638182408232225,0.01549286928433185,0.017201884082807806,0.000527743335982692,0.014969091831703751,0.017794556332940747
calendar_1day_seed20260922,10_100,attenuation_beginners,0.02687418386857554,0.017538128072349477,0.035873601215034585,0.005523836942153846,0.012087256088980532,0.041661111648170546
calendar_1day_seed20260922,10_100,attenuation_experts,0.03956750788194463,0.03171025726734312,0.04745030238754095,0.004905961931892059,0.026434588583996638,0.05270042717989262
calendar_1day_seed20260922,10_100,attenuation_experts_minus_beginners,0.01269332401336909,0.001523076274533996,0.02408329349093025,0.006819613256814006,-0.005562306949183835,0.030948954975922014
calendar_1day_seed20260922,100_1000,circuit_alt0_beginners,0.07803593547485721,0.06852358781479087,0.08827454460110029,0.006150180202253932,0.06131515506051502,0.0947567158891994
calendar_1day_seed20260922,100_1000,circuit_alt0_experts,0.07938275412077511,0.06943441672980775,0.08995610117375764,0.006395536865897827,0.06199491115524431,0.09677059708630592
calendar_1day_seed20260922,100_1000,circuit_alt1_beginners,0.058521654833720516,0.05317641095795734,0.06386697453788011,0.003188649893502424,0.049852524347441425,0.0671907853199996
calendar_1day_seed20260922,100_1000,circuit_alt1_experts,0.07901133670109561,0.07515287724600184,0.08273275274369549,0.00234003494285775,0.07264937507482118,0.08537329832737005
calendar_1day_seed20260922,100_1000,circuit_alt2_beginners,0.01243404403194015,0.010911275948846588,0.014086335154933892,0.0009882790872090352,0.009747163800487294,0.015120924263393006
calendar_1day_seed20260922,100_1000,circuit_alt2_experts,0.015234527367371742,0.013284771931076345,0.017163744186369307,0.0011748672642670063,0.01204036119731251,0.018428693537430974
calendar_1day_seed20260922,100_1000,circuit_alt3_beginners,0.008227638463561227,0.006558025889661229,0.01001139574935112,0.001076439601359853,0.005301072149773564,0.01115420477734889
calendar_1day_seed20260922,100_1000,circuit_alt3_experts,0.0029726355807432325,0.001124796855821869,0.004818758430384989,0.0011090869808593556,-4.269067921882329e-05,0.005987961840705288
calendar_1day_seed20260922,100_1000,equipment_alt0_open,0.008920075105799952,0.0070734239010177,0.011026989075299304,0.0012115556315521621,0.005626162568486147,0.012213987643113756
calendar_1day_seed20260922,100_1000,equipment_alt0_closed,0.0075732564598820495,-0.006232541112486446,0.02105176019086984,0.008280648334507442,-0.014939726564411226,0.030086239484175326
calendar_1day_seed20260922,100_1000,equipment_alt1_open,0.017019696255198724,0.014288728106453902,0.019716285446556014,0.0016818955265594517,0.012447048811606975,0.021592343698790473
calendar_1day_seed20260922,100_1000,equipment_alt1_closed,-0.003469985612176374,-0.008912266085114418,0.0023529906087967623,0.003371395227928222,-0.012635954322408553,0.005695983098055805
calendar_1day_seed20260922,100_1000,equipment_alt2_open,0.013497287491341603,0.01180920088523535,0.015066666285898816,0.0009936220762425917,0.01079588102757549,0.016198693955107715
calendar_1day_seed20260922,100_1000,equipment_alt2_closed,0.010696804155910011,0.009580841030067294,0.011971261650122916,0.000737445306775619,0.00869187736731553,0.012701730944504493
calendar_1day_seed20260922,100_1000,equipment_alt3_open,0.006093636813657155,0.004379861880694469,0.00768032954747842,0.0009834032544433684,0.003420012735086111,0.0087672608922282
calendar_1day_seed20260922,100_1000,equipment_alt3_closed,0.011348639696475149,0.010193775382492531,0.01242724647209571,0.0006806441546968093,0.009498140836812467,0.013199138556137831
calendar_1day_seed20260922,100_1000,attenuation_beginners,0.06980829701129598,0.05983926416553326,0.0805102411654714,0.006261738682532519,0.05278421737794678,0.08683237664464519
calendar_1day_seed20260922,100_1000,attenuation_experts,0.07641011854003188,0.06639348414620366,0.08692111461293911,0.006543355731482089,0.05862039356271453,0.09419984351734922
calendar_1day_seed20260922,100_1000,attenuation_experts_minus_beginners,0.006601821528735896,-0.006837026010987891,0.02051798758189367,0.008531045694533307,-0.0165919284219946,0.029795571479466394
calendar_1day_seed20260922,1000_10000,circuit_alt0_beginners,0.36248751914409827,0.32139855144065005,0.40861496345557785,0.026228113560385555,0.292669231861147,0.4323058064270495
calendar_1day_seed20260922,1000_10000,circuit_alt0_experts,0.3266463039305789,0.29287346005441084,0.37115557757173123,0.02442696942791945,0.2616225970199063,0.3916700108412515
calendar_1day_seed20260922,1000_10000,circuit_alt1_beginners,0.3673820782511975,0.34859939132753526,0.38731459088993586,0.01167884462905542,0.3362934173161654,0.3984707391862296
calendar_1day_seed20260922,1000_10000,circuit_alt1_experts,0.3770912061139009,0.3625204461808968,0.3912254032274636,0.00864162868961969,0.35408750388211935,0.40009490834568245
calendar_1day_seed20260922,1000_10000,circuit_alt2_beginners,0.18806615069908283,0.1803287868441206,0.19679685971345373,0.005012504055882135,0.1747230466525487,0.20140925474561697
calendar_1day_seed20260922,1000_10000,circuit_alt2_experts,0.17666813355444677,0.1673164513825993,0.18567288271717003,0.005705564215096734,0.16148012849400603,0.1918561386148875
calendar_1day_seed20260922,1000_10000,circuit_alt3_beginners,0.11477680244921429,0.10820264384279486,0.1214663605226782,0.004081167467474044,0.10391288263134733,0.12564072226708123
calendar_1day_seed20260922,1000_10000,circuit_alt3_experts,0.08072655399195605,0.07274685175941306,0.08858136489018063,0.004653524024691461,0.06833904177206279,0.09311406621184931
calendar_1day_seed20260922,1000_10000,equipment_alt0_open,0.007924333837114217,0.0052752708188771365,0.010730919770365777,0.001704105764102497,0.003388066082869661,0.012460601591358773
calendar_1day_seed20260922,1000_10000,equipment_alt0_closed,0.04376554905063357,-0.01778756171967969,0.1036746885217468,0.03694875156901721,-0.05459068788774725,0.14212178598901437
calendar_1day_seed20260922,1000_10000,equipment_alt1_open,0.020716195867310883,0.016517465913769187,0.025113115782981293,0.002613056062756081,0.013760335376012942,0.027672056358608824
calendar_1day_seed20260922,1000_10000,equipment_alt1_closed,0.01100706800460749,-0.012094178570646952,0.033898031148262765,0.013823694616771465,-0.02579110582682187,0.04780524183603685
calendar_1day_seed20260922,1000_10000,equipment_alt2_open,0.047620874070540276,0.041502454335907144,0.05366521006964534,0.003719225398719204,0.037720430915908404,0.05752131722517215
calendar_1day_seed20260922,1000_10000,equipment_alt2_closed,0.05901889121517634,0.053309926438446766,0.06522012463320102,0.003556425180414393,0.04955181633863902,0.06848596609171366
calendar_1day_seed20260922,1000_10000,equipment_alt3_open,0.02149638059451109,0.015660498270360583,0.027130342666034066,0.003512951532210273,0.012145030993166168,0.03084773019585601
calendar_1day_seed20260922,1000_10000,equipment_alt3_closed,0.055546629051769325,0.050869421462334405,0.05979322590204304,0.0026970099610625566,0.048367286327294756,0.0627259717762439
calendar_1day_seed20260922,1000_10000,attenuation_beginners,0.24771071669488398,0.20667921254596877,0.2942705080993215,0.02643691051272843,0.17733661949564128,0.3180848138941267
calendar_1day_seed20260922,1000_10000,attenuation_experts,0.24591974993862287,0.2092478391956356,0.2906332453545273,0.024904160428592035,0.17962577788680345,0.3122137219904423
calendar_1day_seed20260922,1000_10000,attenuation_experts_minus_beginners,-0.0017909667562611142,-0.06214689840463714,0.060361097435533306,0.03744444610229703,-0.10146672456866282,0.09788479105614059
calendar_3day_seed20260921,10_10000,circuit_alt0_beginners,0.13290226837995622,0.12015071854420216,0.1469708494658881,0.008309511025148859,0.11035822118351563,0.15544631557639682
calendar_3day_seed20260921,10_10000,circuit_alt0_experts,0.12707664932398,0.11383382608781972,0.14216222860707303,0.008550532963628834,0.10387869963676404,0.15027459901119597
calendar_3day_seed20260921,10_10000,circuit_alt1_beginners,0.1190496003880338,0.11258101788004962,0.12569558482846424,0.0040392460786838605,0.10809095866287222,0.1300082421131954
calendar_3day_seed20260921,10_10000,circuit_alt1_experts,0.1356107538508634,0.13098124421278512,0.14068996776294024,0.0030266988577514016,0.12739919462769744,0.14382231307402937
calendar_3day_seed20260921,10_10000,circuit_alt2_beginners,0.04860129206443986,0.045684237364415195,0.05142093724225843,0.0017840897147836832,0.04376098285598712,0.0534416012728926
calendar_3day_seed20260921,10_10000,circuit_alt2_experts,0.04832042738697995,0.045115366238159565,0.051796432062842526,0.002033447268674902,0.04280360081827592,0.05383725395568397
calendar_3day_seed20260921,10_10000,circuit_alt3_beginners,0.02928516721457264,0.026613190527223107,0.031771968599862754,0.0015864418733066822,0.024981084777231533,0.03358924965191375
calendar_3day_seed20260921,10_10000,circuit_alt3_experts,0.017931875202467862,0.015287876185380512,0.020558692394887945,0.001640926402190231,0.013479973984104734,0.02238377642083099
calendar_3day_seed20260921,10_10000,equipment_alt0_open,0.009649132513091963,0.007776726613536256,0.011698219272006084,0.0012106741453826169,0.006364523468057671,0.012933741558126254
calendar_3day_seed20260921,10_10000,equipment_alt0_closed,0.01547475156906819,-0.0034779170622184115,0.034566638531867415,0.011624287790958185,-0.016062422133601637,0.04701192527173802
calendar_3day_seed20260921,10_10000,equipment_alt1_open,0.018014942500661157,0.01551810582634267,0.02085056014059961,0.0016192624649375461,0.013621816440355723,0.022408068560966592
calendar_3day_seed20260921,10_10000,equipment_alt1_closed,0.0014537890378315543,-0.005680843241979367,0.009505140518114881,0.004669792523542047,-0.011215551279510577,0.014123129355173685
calendar_3day_seed20260921,10_10000,equipment_alt2_open,0.02266885988579337,0.020202747938219533,0.02514078001523438,0.0014959350232306903,0.018610326277202723,0.026727393494384015
calendar_3day_seed20260921,10_10000,equipment_alt2_closed,0.022949724563253282,0.02033546930272336,0.02507774252326147,0.0014059880012602091,0.01913522094660136,0.026764228179905203
calendar_3day_seed20260921,10_10000,equipment_alt3_open,0.011002880222677258,0.008789104266666186,0.013270093643453966,0.0013769045407107537,0.007267281237751364,0.014738479207603152
calendar_3day_seed20260921,10_10000,equipment_alt3_closed,0.022356172234782035,0.020668985670449648,0.024025088628483255,0.0010231944453884794,0.01958020337233498,0.02513214109722909
calendar_3day_seed20260921,10_10000,attenuation_beginners,0.10361710116538358,0.09057500688832265,0.11837123993320851,0.008441105008932987,0.08071603404656508,0.1265181682842021
calendar_3day_seed20260921,10_10000,attenuation_experts,0.10914477412151213,0.09541421300646508,0.12428417967613406,0.008747325662477705,0.08541291770051404,0.13287663054251023
calendar_3day_seed20260921,10_10000,attenuation_experts_minus_beginners,0.005527672956128549,-0.01377281394861071,0.02442673275228846,0.01181368674806293,-0.026523347953074046,0.03757869386533114
calendar_3day_seed20260921,10_100,circuit_alt0_beginners,0.025647286622056953,0.01680663302838246,0.03513331913277917,0.0056688216610066245,0.010564150026205626,0.040730423217908276
calendar_3day_seed20260921,10_100,circuit_alt0_experts,0.033028241473831876,0.02486383323717073,0.04157871999194996,0.00487573359871977,0.02005528866772558,0.04600119427993817
calendar_3day_seed20260921,10_100,circuit_alt1_beginners,0.01695822944531722,0.013270182023251148,0.020829895671454053,0.0022500840280540576,0.01097139006726273,0.02294506882337171
calendar_3day_seed20260921,10_100,circuit_alt1_experts,0.02995641163940488,0.026913262969226404,0.03312551005185334,0.0019230821323047301,0.024839632135453683,0.035073191143356074
calendar_3day_seed20260921,10_100,circuit_alt2_beginners,-0.0008275904792347522,-0.0020491733940534384,0.0004938914533539062,0.0007811726819380545,-0.0029060708004038168,0.0012508898419343125
calendar_3day_seed20260921,10_100,circuit_alt2_experts,-0.0025719298047186534,-0.003912173255179086,-0.00119290543522404,0.0008359477628955513,-0.004796151177121288,-0.0003477084323160189
calendar_3day_seed20260921,10_100,circuit_alt3_beginners,-0.0012268972465183658,-0.0025715315899957625,8.599063556806154e-05,0.0008137143225150471,-0.0033919617009037007,0.000938167207866969
calendar_3day_seed20260921,10_100,circuit_alt3_experts,-0.006539266408112754,-0.007857468876713685,-0.005174497250498633,0.0008007144597079154,-0.00866974189177847,-0.004408790924447037
calendar_3day_seed20260921,10_100,equipment_alt0_open,0.01689878498345032,0.014434668949988233,0.019305516738686218,0.0014962190866270005,0.012917767726169455,0.020879802240731188
calendar_3day_seed20260921,10_100,equipment_alt0_closed,0.009517830131675398,-0.002115922644680152,0.020470198858769887,0.006897152881520502,-0.008833549618022067,0.027869209881372863
calendar_3day_seed20260921,10_100,equipment_alt1_open,0.01907920132994334,0.016814131722243508,0.021466270981487474,0.0014312480663000008,0.015271053644676838,0.02288734901520984
calendar_3day_seed20260921,10_100,equipment_alt1_closed,0.006081019135855681,0.002411199102062195,0.010051898006796725,0.0023542157542657473,-0.0001828854145284331,0.012344923686239795
calendar_3day_seed20260921,10_100,equipment_alt2_open,0.014538846094185875,0.013127431772360892,0.015945112580744502,0.0008259095015419951,0.012341333705807561,0.01673635848256419
calendar_3day_seed20260921,10_100,equipment_alt2_closed,0.016283185419669777,0.015178521381793663,0.017264294791444916,0.0006321293046899777,0.014601267515202413,0.01796510332413714
calendar_3day_seed20260921,10_100,equipment_alt3_open,0.011069454920727861,0.00969369340740776,0.01243155977541196,0.0008148220676432518,0.00890144306879128,0.013237466772664443
calendar_3day_seed20260921,10_100,equipment_alt3_closed,0.01638182408232225,0.01546172022110936,0.017255335609592897,0.0005468338018406703,0.014926853469094859,0.017836794695549642
calendar_3day_seed20260921,10_100,attenuation_beginners,0.02687418386857532,0.017951242140175298,0.036889392385991614,0.0057607680330798465,0.011546403893128396,0.04220196384402224
calendar_3day_seed20260921,10_100,attenuation_experts,0.03956750788194463,0.03189518518376747,0.04792045169292537,0.004955013594857738,0.026383613352394662,0.0527514024114946
calendar_3day_seed20260921,10_100,attenuation_experts_minus_beginners,0.012693324013369311,0.0014641817007158494,0.024346742036419268,0.007099030827888882,-0.006195196049227591,0.03158184407596622
calendar_3day_seed20260921,100_1000,circuit_alt0_beginners,0.07803593547485721,0.06796438408687235,0.0887456147565701,0.006310355247838502,0.06109424917398924,0.09497762177572518
calendar_3day_seed20260921,100_1000,circuit_alt0_experts,0.07938275412077511,0.06938682950388801,0.09115434651510493,0.006561699073394903,0.06176627407549867,0.09699923416605155
calendar_3day_seed20260921,100_1000,circuit_alt1_beginners,0.05852165483372074,0.05368946419440571,0.06364427655030355,0.0030755515383736696,0.05026458731234368,0.0667787223550978
calendar_3day_seed20260921,100_1000,circuit_alt1_experts,0.07901133670109539,0.07516960513576261,0.08310981805297567,0.0024665915447395262,0.07238917066731082,0.08563350273487996
calendar_3day_seed20260921,100_1000,circuit_alt2_beginners,0.012434044031940483,0.010795101295774417,0.014151506297340393,0.0010130608427330265,0.009714235348086317,0.01515385271579465
calendar_3day_seed20260921,100_1000,circuit_alt2_experts,0.015234527367371964,0.013328047151569222,0.017370309728919446,0.001247070420954579,0.01188646294989869,0.01858259178484524
calendar_3day_seed20260921,100_1000,circuit_alt3_beginners,0.00822763846356045,0.006449591388594728,0.010054342755237526,0.0011112252439181261,0.0052442835251019695,0.01121099340201893
calendar_3day_seed20260921,100_1000,circuit_alt3_experts,0.0029726355807433436,0.0012080404819621916,0.004830176604541723,0.001094765293055843,3.3471391154670915e-05,0.005911799770332016
calendar_3day_seed20260921,100_1000,equipment_alt0_open,0.008920075105799952,0.006879877515245369,0.0110041424784934,0.0012858146211918349,0.005467992442028667,0.012372157769571237
calendar_3day_seed20260921,100_1000,equipment_alt0_closed,0.0075732564598820495,-0.008051283778469889,0.02223164343696065,0.008857926140486614,-0.016208004666389005,0.031354517586153104
calendar_3day_seed20260921,100_1000,equipment_alt1_open,0.01701969625519828,0.014531883006923324,0.01976106430290481,0.00159867982293964,0.012727650721779575,0.021311741788616986
calendar_3day_seed20260921,100_1000,equipment_alt1_closed,-0.003469985612176374,-0.008801190371892337,0.00215249953069016,0.003334326483331498,-0.012421797528728587,0.005481826304375839
calendar_3day_seed20260921,100_1000,equipment_alt2_open,0.013497287491341603,0.011818621594393685,0.015161637273486744,0.001021802542632358,0.01075400958402628,0.016240565398656925
calendar_3day_seed20260921,100_1000,equipment_alt2_closed,0.010696804155910122,0.009299466431746622,0.011933159491453965,0.0007953484157668824,0.008561497532019131,0.012832110779801113
calendar_3day_seed20260921,100_1000,equipment_alt3_open,0.006093636813657599,0.004346097167312851,0.00780213165057857,0.0010237868113964204,0.003345031653340336,0.008842241973974863
calendar_3day_seed20260921,100_1000,equipment_alt3_closed,0.011348639696474705,0.010079933129897401,0.01256331822124157,0.0007484341943621893,0.009339285731486716,0.013357993661462694
calendar_3day_seed20260921,100_1000,attenuation_beginners,0.06980829701129676,0.05969866279532874,0.08110160947799223,0.00646562241933874,0.052449758154737715,0.08716683586785581
calendar_3day_seed20260921,100_1000,attenuation_experts,0.07641011854003177,0.06627679488029108,0.08842691504942424,0.006700022177946163,0.05842227641553288,0.09439796066453066
calendar_3day_seed20260921,100_1000,attenuation_experts_minus_beginners,0.006601821528735008,-0.008268359380595775,0.02241911112292075,0.009074222262453139,-0.0177601392416181,0.030963782299088118
calendar_3day_seed20260921,1000_10000,circuit_alt0_beginners,0.36248751914409827,0.32080649807492284,0.408979189582054,0.026763005831659848,0.2904602338060208,0.4345148044821757
calendar_3day_seed20260921,1000_10000,circuit_alt0_experts,0.3266463039305789,0.2928335799112537,0.36867464018784596,0.023058485660779122,0.26458899480022036,0.3887036130609375
calendar_3day_seed20260921,1000_10000,circuit_alt1_beginners,0.3673820782511966,0.34802672358194603,0.3882575399036971,0.012061697138217416,0.3349204292533054,0.39984372724908784
calendar_3day_seed20260921,1000_10000,circuit_alt1_experts,0.37709120611390123,0.36380666756344343,0.3920964844379113,0.008363913346606256,0.3545814037042516,0.39960100852355085
calendar_3day_seed20260921,1000_10000,circuit_alt2_beginners,0.18806615069908328,0.17945387198257504,0.19647870481687252,0.005302041686786738,0.17379676437339622,0.20233553702477033
calendar_3day_seed20260921,1000_10000,circuit_alt2_experts,0.17666813355444677,0.16761682326718533,0.18633319862461264,0.00565167845332722,0.16145776969780903,0.1918784974110845
calendar_3day_seed20260921,1000_10000,circuit_alt3_beginners,0.11477680244921429,0.1078317927301366,0.12120184331535312,0.004107727675710375,0.10372167376708752,0.12583193113134106
calendar_3day_seed20260921,1000_10000,circuit_alt3_experts,0.08072655399195561,0.0735317702190148,0.08805777679528018,0.004480525394318582,0.06866811470187713,0.09278499328203409
calendar_3day_seed20260921,1000_10000,equipment_alt0_open,0.007924333837114217,0.005358196511252894,0.010823882374950806,0.001688713611869805,0.0033794984048940817,0.012469169269334352
calendar_3day_seed20260921,1000_10000,equipment_alt0_closed,0.04376554905063357,-0.014547085508106232,0.1001880396753832,0.03485107025623669,-0.05002914641342443,0.13756024451469157
calendar_3day_seed20260921,1000_10000,equipment_alt1_open,0.020716195867311216,0.016600728933867975,0.02512980008403157,0.0025857507394058165,0.013757164154213967,0.027675227580408465
calendar_3day_seed20260921,1000_10000,equipment_alt1_closed,0.011007068004606602,-0.01098345144256355,0.03477754811395582,0.013981672453425,-0.02662181111460859,0.04863594712382179
calendar_3day_seed20260921,1000_10000,equipment_alt2_open,0.047620874070540276,0.04119099524221125,0.05378434032313513,0.003894845249456543,0.03713867592378364,0.05810307221729691
calendar_3day_seed20260921,1000_10000,equipment_alt2_closed,0.05901889121517678,0.05152669984950363,0.0652967877443557,0.004191918381877292,0.04773718006118412,0.07030060236916945
calendar_3day_seed20260921,1000_10000,equipment_alt3_open,0.021496380594510645,0.01591629691294261,0.027634124072179946,0.0035451384786689415,0.011955348381155223,0.031037412807866066
calendar_3day_seed20260921,1000_10000,equipment_alt3_closed,0.055546629051769325,0.05115355595588557,0.0600131942676264,0.002682358484398818,0.04832759688662093,0.06276566121691772
calendar_3day_seed20260921,1000_10000,attenuation_beginners,0.24771071669488398,0.20668687292044774,0.2942670730511589,0.02680873680175689,0.17556035558375305,0.3198610778060149
calendar_3day_seed20260921,1000_10000,attenuation_experts,0.2459197499386233,0.21076758582796307,0.28785662466713585,0.023462883151602623,0.18277408572420722,0.3090654141530394
calendar_3day_seed20260921,1000_10000,attenuation_experts_minus_beginners,-0.0017909667562606701,-0.05805755954739856,0.05735108527949181,0.035133866723362925,-0.0963467524341169,0.09276481892159556
calendar_3day_seed20260922,10_10000,circuit_alt0_beginners,0.13290226837995622,0.12045495326983068,0.1488795685526631,0.00871128833193235,0.1092449588136072,0.15655957794630523
calendar_3day_seed20260922,10_10000,circuit_alt0_experts,0.12707664932398,0.11407169226634759,0.14276483675368734,0.008781723762537105,0.10322805774253022,0.15092524090542977
calendar_3day_seed20260922,10_10000,circuit_alt1_beginners,0.1190496003880338,0.11305207124103125,0.12567647706831703,0.00394303978569605,0.10834145834425529,0.12975774243181232
calendar_3day_seed20260922,10_10000,circuit_alt1_experts,0.1356107538508634,0.13078182581643424,0.1404533751169427,0.003031221675520954,0.12737884293142315,0.14384266477030366
calendar_3day_seed20260922,10_10000,circuit_alt2_beginners,0.04860129206443986,0.0459073879443377,0.051586715020643686,0.0017260231154939748,0.04391391844000864,0.053288665688871084
calendar_3day_seed20260922,10_10000,circuit_alt2_experts,0.04832042738697995,0.04507089233550431,0.05183030184362121,0.0020701452770457364,0.042698518686418906,0.05394233608754099
calendar_3day_seed20260922,10_10000,circuit_alt3_beginners,0.02928516721457264,0.02662025530018224,0.031633308459457964,0.0015132600212131111,0.025175595884578867,0.03339473854456641
calendar_3day_seed20260922,10_10000,circuit_alt3_experts,0.017931875202467862,0.015114971954408186,0.020601627994003512,0.0016467060921311102,0.01345990339968205,0.022403847005253674
calendar_3day_seed20260922,10_10000,equipment_alt0_open,0.009649132513091963,0.007864668740146213,0.011595563607253405,0.0011594012757701019,0.00650053797145898,0.012797727054724945
calendar_3day_seed20260922,10_10000,equipment_alt0_closed,0.01547475156906819,-0.0036163786219308124,0.036186722764470367,0.01257161870251318,-0.018666085476269884,0.049615588614406264
calendar_3day_seed20260922,10_10000,equipment_alt1_open,0.018014942500661157,0.015198855571034009,0.020763736927339037,0.0016938056061483475,0.013415062202475651,0.022614822798846662
calendar_3day_seed20260922,10_10000,equipment_alt1_closed,0.0014537890378315543,-0.005729607926202568,0.009067503993594149,0.0044661649783985565,-0.01067500792565089,0.013582586001313998
calendar_3day_seed20260922,10_10000,equipment_alt2_open,0.02266885988579337,0.020279175838845896,0.025078608994534207,0.0014469799083589702,0.01873928594403151,0.026598433827555227
calendar_3day_seed20260922,10_10000,equipment_alt2_closed,0.022949724563253282,0.02090985479762353,0.02528302168094466,0.0013169910026648935,0.019373162445347973,0.02652628668115859
calendar_3day_seed20260922,10_10000,equipment_alt3_open,0.011002880222677258,0.00867618504867972,0.013387842123967186,0.0014316403694214135,0.007114963979228589,0.014890796466125927
calendar_3day_seed20260922,10_10000,equipment_alt3_closed,0.022356172234782035,0.02075398870472011,0.024057934166413764,0.0009876051221654222,0.01967412576655353,0.02503821870301054
calendar_3day_seed20260922,10_10000,attenuation_beginners,0.10361710116538358,0.0907551014324962,0.1194324452383455,0.008850093474117767,0.07958283745712602,0.12765136487364115
calendar_3day_seed20260922,10_10000,attenuation_experts,0.10914477412151213,0.09552123770072729,0.12523177154071277,0.009052285171997493,0.08456141693749937,0.13372813130552488
calendar_3day_seed20260922,10_10000,attenuation_experts_minus_beginners,0.005527672956128549,-0.015320088839817088,0.024690854633920456,0.012687904809119988,-0.02892896312115966,0.03998430903341676
calendar_3day_seed20260922,10_100,circuit_alt0_beginners,0.025647286622056953,0.016279292066843525,0.034799965001431094,0.005604064807467558,0.010355930164521012,0.04093864307959289
calendar_3day_seed20260922,10_100,circuit_alt0_experts,0.033028241473831876,0.025300029518398486,0.04180751291089303,0.005024334717150841,0.019318747425948975,0.04673773552171478
calendar_3day_seed20260922,10_100,circuit_alt1_beginners,0.01695822944531722,0.013224245549253388,0.02077986579191424,0.002285683929736249,0.010721469357838367,0.02319498953279607
calendar_3day_seed20260922,10_100,circuit_alt1_experts,0.02995641163940488,0.02683729761033223,0.0330280535194895,0.001901613720225791,0.024767632737032787,0.03514519054177697
calendar_3day_seed20260922,10_100,circuit_alt2_beginners,-0.0008275904792347522,-0.0021094328591459597,0.0004724653843729719,0.0007697074675892045,-0.0029278287275951507,0.0012726477691256464
calendar_3day_seed20260922,10_100,circuit_alt2_experts,-0.0025719298047186534,-0.003883424659008422,-0.0012411255672909076,0.000808059557499501,-0.004776816285720535,-0.0003670433237167722
calendar_3day_seed20260922,10_100,circuit_alt3_beginners,-0.0012268972465183658,-0.002591652430468383,2.9008464445123596e-05,0.0007994737693132907,-0.003408356384665593,0.0009545618916288615
calendar_3day_seed20260922,10_100,circuit_alt3_experts,-0.006539266408112754,-0.0078079983578295984,-0.005201567192728812,0.0007971742198901717,-0.008714450952526915,-0.004364081863698592
calendar_3day_seed20260922,10_100,equipment_alt0_open,0.01689878498345032,0.014535371753899923,0.01924140696619133,0.0014581926473792612,0.01291993314627635,0.020877636820624292
calendar_3day_seed20260922,10_100,equipment_alt0_closed,0.009517830131675398,-0.0015615911735853871,0.02090870891705432,0.006855591660907545,-0.009188465997262616,0.02822412626061341
calendar_3day_seed20260922,10_100,equipment_alt1_open,0.01907920132994334,0.016612191362454544,0.021536489967738204,0.0014577597543562492,0.01510153069280011,0.02305687196708657
calendar_3day_seed20260922,10_100,equipment_alt1_closed,0.006081019135855681,0.001935020250824254,0.010047675650700773,0.0023854015073182223,-0.00042783220614543965,0.012589870477856802
calendar_3day_seed20260922,10_100,equipment_alt2_open,0.014538846094185875,0.013266859282059663,0.015793848777515707,0.0007792937709163423,0.012412450478571266,0.016665241709800487
calendar_3day_seed20260922,10_100,equipment_alt2_closed,0.016283185419669777,0.015409531010999794,0.017249920665675933,0.0005762672281908209,0.014710771840633368,0.017855598998706187
calendar_3day_seed20260922,10_100,equipment_alt3_open,0.011069454920727861,0.009685402317742443,0.012410383311143618,0.0008163694594836164,0.008841893885142497,0.013297015956313225
calendar_3day_seed20260922,10_100,equipment_alt3_closed,0.01638182408232225,0.015509273850606386,0.01721661811643375,0.0005314821283689471,0.014931611967560496,0.017832036197084004
calendar_3day_seed20260922,10_100,attenuation_beginners,0.02687418386857532,0.01749833028137715,0.036108162159898066,0.005702159725619345,0.011315163775505935,0.042433203961644704
calendar_3day_seed20260922,10_100,attenuation_experts,0.03956750788194463,0.031567853987624406,0.04812770831065427,0.005083591030681857,0.025696325944343738,0.053438689819545526
calendar_3day_seed20260922,10_100,attenuation_experts_minus_beginners,0.012693324013369311,0.0010989541789931776,0.024386538237022852,0.007079799179726431,-0.0066247489612166685,0.03201139698795529
calendar_3day_seed20260922,100_1000,circuit_alt0_beginners,0.07803593547485721,0.06812233301230246,0.08958835196827736,0.00651680151644428,0.06003652914228935,0.09603534180742507
calendar_3day_seed20260922,100_1000,circuit_alt0_experts,0.07938275412077511,0.0692631659079409,0.09091267582948746,0.006681759978558604,0.06092773250207356,0.09783777573947666
calendar_3day_seed20260922,100_1000,circuit_alt1_beginners,0.05852165483372074,0.0536041420549753,0.06387062273688307,0.0031108389346550676,0.04992951743645038,0.06711379223099109
calendar_3day_seed20260922,100_1000,circuit_alt1_experts,0.07901133670109539,0.07505300686005445,0.08294187144666743,0.002425165573910679,0.07231302918345432,0.08570964421873646
calendar_3day_seed20260922,100_1000,circuit_alt2_beginners,0.012434044031940483,0.010873223035659102,0.014064532040554394,0.0010133692331514867,0.009635118125360394,0.015232969938520573
calendar_3day_seed20260922,100_1000,circuit_alt2_experts,0.015234527367371964,0.013109277324740381,0.01749689745589663,0.0012890990744833318,0.011674035616010053,0.018795019118733873
calendar_3day_seed20260922,100_1000,circuit_alt3_beginners,0.00822763846356045,0.006371226116544509,0.009861532127587079,0.0010542823934238234,0.005315710404891943,0.011139566522228955
calendar_3day_seed20260922,100_1000,circuit_alt3_experts,0.0029726355807433436,0.0011213251139004232,0.004724514027464199,0.0010952093008752832,-5.233259972346532e-05,0.005997603761210153
calendar_3day_seed20260922,100_1000,equipment_alt0_open,0.008920075105799952,0.006964812513480101,0.011091026431343094,0.0012686700269973754,0.005416008385300064,0.012424141826299839
calendar_3day_seed20260922,100_1000,equipment_alt0_closed,0.0075732564598820495,-0.006678369168093141,0.021913406554420863,0.008826461976023547,-0.01680543225489892,0.031951945174663016
calendar_3day_seed20260922,100_1000,equipment_alt1_open,0.01701969625519828,0.01409047947283884,0.019885267906189212,0.0017044456019711539,0.012312017360233834,0.021727375150162726
calendar_3day_seed20260922,100_1000,equipment_alt1_closed,-0.003469985612176374,-0.00902646307757386,0.0021488933394192768,0.003331523257162858,-0.01267165312664025,0.005731681902287502
calendar_3day_seed20260922,100_1000,equipment_alt2_open,0.013497287491341603,0.01190343352751449,0.015034135062686938,0.0009503986831834554,0.010872286249031218,0.01612228873365199
calendar_3day_seed20260922,100_1000,equipment_alt2_closed,0.010696804155910122,0.009481973184771463,0.012049484071875593,0.0007652515188038566,0.008583179397075858,0.012810428914744387
calendar_3day_seed20260922,100_1000,equipment_alt3_open,0.006093636813657599,0.004453526454408663,0.007886903691139553,0.0010580101272993593,0.0031714127537135995,0.009015860873601598
calendar_3day_seed20260922,100_1000,equipment_alt3_closed,0.011348639696474705,0.010164671176978873,0.012488962338179992,0.0006890541809733988,0.009445471991090594,0.013251807401858816
calendar_3day_seed20260922,100_1000,attenuation_beginners,0.06980829701129676,0.05972446200644109,0.0818261410845516,0.006673587699215026,0.05137584722882455,0.08824074679376898
calendar_3day_seed20260922,100_1000,attenuation_experts,0.07641011854003177,0.06603707473829311,0.08830019266691333,0.006800417948309911,0.05762736359896924,0.09519287348109429
calendar_3day_seed20260922,100_1000,attenuation_experts_minus_beginners,0.006601821528735008,-0.008422073544053915,0.02095037012754123,0.009003795363069708,-0.018266662015874683,0.031470305073344695
calendar_3day_seed20260922,1000_10000,circuit_alt0_beginners,0.36248751914409827,0.3230118934193502,0.4135501651297614,0.027555551965588655,0.2877836793932412,0.43719135889495536
calendar_3day_seed20260922,1000_10000,circuit_alt0_experts,0.3266463039305789,0.29124839479374404,0.36849353660237594,0.023714321054092925,0.2623561441095147,0.39093646375164315
calendar_3day_seed20260922,1000_10000,circuit_alt1_beginners,0.3673820782511966,0.34824102056933837,0.3869263066763787,0.011820279976152441,0.33533698250238086,0.3994271740000124
calendar_3day_seed20260922,1000_10000,circuit_alt1_experts,0.37709120611390123,0.363368640838739,0.3914304948807142,0.008533722638659877,0.353956055372852,0.40022635685495045
calendar_3day_seed20260922,1000_10000,circuit_alt2_beginners,0.18806615069908328,0.17994593927036875,0.1972532786132407,0.005094713403417685,0.17425424614566534,0.20187805525250122
calendar_3day_seed20260922,1000_10000,circuit_alt2_experts,0.17666813355444677,0.16815963538466555,0.18665789537873087,0.005720336862982346,0.16116014703808867,0.19217612007080487
calendar_3day_seed20260922,1000_10000,circuit_alt3_beginners,0.11477680244921429,0.10790982597367678,0.12110682670960896,0.003982680433701814,0.10397964907447228,0.1255739558239563
calendar_3day_seed20260922,1000_10000,circuit_alt3_experts,0.08072655399195561,0.07292399654365643,0.08801473214162091,0.004492752320298329,0.0685465820648831,0.09290652591902812
calendar_3day_seed20260922,1000_10000,equipment_alt0_open,0.007924333837114217,0.005528117370785612,0.01056072321703223,0.0015552678963417265,0.003707960895535836,0.012140706778692598
calendar_3day_seed20260922,1000_10000,equipment_alt0_closed,0.04376554905063357,-0.01609141989758611,0.11058122627591366,0.03854194011694732,-0.060722683367252436,0.14825378146851959
calendar_3day_seed20260922,1000_10000,equipment_alt1_open,0.020716195867311216,0.01635422754616247,0.02501086465031882,0.0026637828353487675,0.013494609222576878,0.027937782512045553
calendar_3day_seed20260922,1000_10000,equipment_alt1_closed,0.011007068004606602,-0.010254901990256882,0.03394611216596368,0.013586381169637379,-0.025825975403782668,0.04784011141299587
calendar_3day_seed20260922,1000_10000,equipment_alt2_open,0.047620874070540276,0.0410433347979689,0.05393502564166596,0.0038457445568684124,0.03719495752719545,0.0580467906138851
calendar_3day_seed20260922,1000_10000,equipment_alt2_closed,0.05901889121517678,0.052850414100713644,0.06583211865689277,0.003955126423425446,0.048296437500624845,0.06974134492972872
calendar_3day_seed20260922,1000_10000,equipment_alt3_open,0.021496380594510645,0.0157257704523666,0.02737420114640742,0.003614118507940687,0.011698408476406488,0.0312943527126148
calendar_3day_seed20260922,1000_10000,equipment_alt3_closed,0.055546629051769325,0.05093600573735015,0.05994269466328665,0.002726150143092332,0.04815596296456234,0.0629372951389763
calendar_3day_seed20260922,1000_10000,attenuation_beginners,0.24771071669488398,0.20783650121921216,0.2974767410938672,0.02761868059241676,0.17283573354511594,0.322585699844652
calendar_3day_seed20260922,1000_10000,attenuation_experts,0.2459197499386233,0.20991941833476013,0.288408624721766,0.02445063021135173,0.17963343626226197,0.31220606361498465
calendar_3day_seed20260922,1000_10000,attenuation_experts_minus_beginners,-0.0017909667562606701,-0.06838700002602129,0.0575265056816671,0.03872758242063259,-0.10678248043386533,0.10320054692134399
grid50_altitude_month_seed20260921,10_10000,circuit_alt0_beginners,0.1329022683799561,0.11832115195383983,0.15120985488405003,0.010229972874181566,0.10465961597700346,0.16114492078290876
grid50_altitude_month_seed20260921,10_10000,circuit_alt0_experts,0.12707664932398,0.11311047870388559,0.14199108563977536,0.008973329131609064,0.1023033074316537,0.1518499912163063
grid50_altitude_month_seed20260921,10_10000,circuit_alt1_beginners,0.1190496003880337,0.1120694610769607,0.12692882122754207,0.004586764772819175,0.10638657530223121,0.13171262547383616
grid50_altitude_month_seed20260921,10_10000,circuit_alt1_experts,0.13561075385086352,0.12802460300797935,0.14318779815911048,0.004736967524882667,0.12253305277631014,0.1486884549254169
grid50_altitude_month_seed20260921,10_10000,circuit_alt2_beginners,0.04860129206443997,0.04268403045190928,0.05641012819801587,0.00437217557271201,0.03653069945745178,0.060671884671428165
grid50_altitude_month_seed20260921,10_10000,circuit_alt2_experts,0.04832042738697995,0.041086957523969965,0.057196081700578785,0.004840625710325974,0.0349565493952243,0.06168430537873559
grid50_altitude_month_seed20260921,10_10000,circuit_alt3_beginners,0.02928516721457286,0.024397072872427778,0.03495237152711533,0.0031257051315596073,0.02065579892293641,0.03791453550620931
grid50_altitude_month_seed20260921,10_10000,circuit_alt3_experts,0.017931875202467862,0.01379516608568771,0.02299592723118017,0.0027616962748997042,0.010307453427961287,0.025556296976974438
grid50_altitude_month_seed20260921,10_10000,equipment_alt0_open,0.009649132513092074,0.007422406116894608,0.011756675536625544,0.0013435296480196275,0.005939949574997979,0.013358315451186167
grid50_altitude_month_seed20260921,10_10000,equipment_alt0_closed,0.01547475156906819,0.0023851614577362784,0.029520061831879236,0.008564862495695406,-0.008170905884775582,0.03912040902291196
grid50_altitude_month_seed20260921,10_10000,equipment_alt1_open,0.018014942500661157,0.014685703215811923,0.021340043830130138,0.0021041528877687957,0.012205850009135122,0.023824034992187194
grid50_altitude_month_seed20260921,10_10000,equipment_alt1_closed,0.0014537890378313323,-0.006518963863036998,0.009770821475355195,0.004789268421725071,-0.011768303040300425,0.01467588111596309
grid50_altitude_month_seed20260921,10_10000,equipment_alt2_open,0.022668859885793258,0.019089898686160157,0.02617654870201865,0.002152204453347431,0.01672710783781032,0.028610611933776196
grid50_altitude_month_seed20260921,10_10000,equipment_alt2_closed,0.022949724563253282,0.0199892828723874,0.025120752344584656,0.0015571293402063691,0.01865084095498117,0.027248608171525395
grid50_altitude_month_seed20260921,10_10000,equipment_alt3_open,0.011002880222677036,0.008109920550131117,0.014079633218660263,0.0018639355720968902,0.005856973668311636,0.016148786777042436
grid50_altitude_month_seed20260921,10_10000,equipment_alt3_closed,0.022356172234782035,0.0193504976902029,0.024917963605322873,0.001692292744723935,0.017684132891070622,0.027028211578493447
grid50_altitude_month_seed20260921,10_10000,attenuation_beginners,0.10361710116538325,0.08784103112916126,0.12332499511791498,0.010841284271084215,0.07368675559793955,0.13354744673282695
grid50_altitude_month_seed20260921,10_10000,attenuation_experts,0.10914477412151213,0.09394691156336804,0.12470050382748395,0.00940865599755045,0.0831695927416659,0.13511995550135839
grid50_altitude_month_seed20260921,10_10000,attenuation_experts_minus_beginners,0.005527672956128882,-0.009654222601416108,0.019438540644298067,0.008974985352563145,-0.01925024138944669,0.030305587301704455
grid50_altitude_month_seed20260921,10_100,circuit_alt0_beginners,0.025647286622057175,0.013926968173482185,0.03695888454581825,0.0069776995718217796,0.0064324196018774316,0.04486215364223692
grid50_altitude_month_seed20260921,10_100,circuit_alt0_experts,0.033028241473831765,0.023084095656319865,0.042272945505151156,0.005869750475648029,0.016864393536514123,0.04919208941114941
grid50_altitude_month_seed20260921,10_100,circuit_alt1_beginners,0.016958229445316553,0.012876919294502432,0.02158214343306077,0.002676540174131106,0.009587696651416048,0.02432876223921706
grid50_altitude_month_seed20260921,10_100,circuit_alt1_experts,0.02995641163940488,0.025729555300727586,0.034344725914416244,0.0025882362795278118,0.022829046034733656,0.037083777244076105
grid50_altitude_month_seed20260921,10_100,circuit_alt2_beginners,-0.0008275904792350852,-0.0029993499035997906,0.0019742872896554736,0.0015109322480013458,-0.004988325965625073,0.0033331450071549026
grid50_altitude_month_seed20260921,10_100,circuit_alt2_experts,-0.0025719298047192085,-0.004352030262751705,-0.00015387397762206583,0.0013126777045389718,-0.00618672107990244,0.0010428614704640227
grid50_altitude_month_seed20260921,10_100,circuit_alt3_beginners,-0.001226897246519143,-0.003408166518778411,0.0010934996994543024,0.0013945676614939356,-0.005067193305475553,0.002613398812437267
grid50_altitude_month_seed20260921,10_100,circuit_alt3_experts,-0.006539266408112754,-0.0083293195480738,-0.00453196342478302,0.001150745561279419,-0.009708136421281457,-0.0033703963949440504
grid50_altitude_month_seed20260921,10_100,equipment_alt0_open,0.01689878498345021,0.014023887893539444,0.019340128945122926,0.0016083137911062652,0.01246988469837251,0.02132768526852791
grid50_altitude_month_seed20260921,10_100,equipment_alt0_closed,0.00951783013167562,0.00033004336024015587,0.018641618539502393,0.005630535379425995,-0.005987278314809257,0.025022938578160497
grid50_altitude_month_seed20260921,10_100,equipment_alt1_open,0.01907920132994334,0.016262367916562652,0.02195052024681456,0.001755313271064514,0.014245500661822511,0.02391290199806417
grid50_altitude_month_seed20260921,10_100,equipment_alt1_closed,0.006081019135855015,0.002400432145485848,0.010330676394005584,0.0023778413449461453,-0.0004669706088935594,0.012629008880603589
grid50_altitude_month_seed20260921,10_100,equipment_alt2_open,0.014538846094185875,0.012680013556595482,0.016365911819356132,0.0011059856497304657,0.011493233859515022,0.01758445832885673
grid50_altitude_month_seed20260921,10_100,equipment_alt2_closed,0.01628318541967,0.015155542668509514,0.017325163058020038,0.0006817515913292231,0.014405809354198785,0.018160561485141214
grid50_altitude_month_seed20260921,10_100,equipment_alt3_open,0.011069454920728083,0.009205749228164344,0.012925520090122433,0.0011212990424087257,0.007981673372100404,0.014157236469355763
grid50_altitude_month_seed20260921,10_100,equipment_alt3_closed,0.016381824082321694,0.014906146593484316,0.017586597865754526,0.0008333749907887237,0.014086914497705109,0.01867673366693828
grid50_altitude_month_seed20260921,10_100,attenuation_beginners,0.026874183868576318,0.015175742775725675,0.038959275799106734,0.0071632647157041165,0.007148316120065033,0.04660005161708761
grid50_altitude_month_seed20260921,10_100,attenuation_experts,0.03956750788194452,0.029370206923322328,0.04907345803599692,0.005951704168958027,0.023177979646621,0.05595703611726804
grid50_altitude_month_seed20260921,10_100,attenuation_experts_minus_beginners,0.012693324013368201,0.0029908695440036812,0.0219204335779578,0.005749822492668121,-0.003140271779781007,0.02852691980651741
grid50_altitude_month_seed20260921,100_1000,circuit_alt0_beginners,0.07803593547485721,0.06481786642885563,0.09193592909043281,0.008286483604732985,0.05497999435357645,0.10109187659613797
grid50_altitude_month_seed20260921,100_1000,circuit_alt0_experts,0.07938275412077511,0.06846651821734376,0.090461186599141,0.006772077162316806,0.06054042970780385,0.09822507853374637
grid50_altitude_month_seed20260921,100_1000,circuit_alt1_beginners,0.05852165483372007,0.052267019530944245,0.06548137487074226,0.00403527583710365,0.04729408394282387,0.06974922572461628
grid50_altitude_month_seed20260921,100_1000,circuit_alt1_experts,0.0790113367010955,0.07320817401563101,0.08516940073790627,0.0036363952205735015,0.06889359338578112,0.08912908001640989
grid50_altitude_month_seed20260921,100_1000,circuit_alt2_beginners,0.012434044031941371,0.009207125739864503,0.017279451500932467,0.0025471464003092186,0.005346977884936796,0.019521110178945946
grid50_altitude_month_seed20260921,100_1000,circuit_alt2_experts,0.01523452736737152,0.011299491214493857,0.02051943260301981,0.0027798103601645884,0.007500107431311533,0.022968947303431506
grid50_altitude_month_seed20260921,100_1000,circuit_alt3_beginners,0.008227638463560893,0.00491104003444458,0.011867159600515959,0.0021195356341667374,0.002330337374605267,0.01412493955251652
grid50_altitude_month_seed20260921,100_1000,circuit_alt3_experts,0.0029726355807430105,0.00032461334952876836,0.006087283383637059,0.0017812204192025815,-0.001983352395351113,0.007928623556837135
grid50_altitude_month_seed20260921,100_1000,equipment_alt0_open,0.008920075105799952,0.006434697014776597,0.011218744216099596,0.0014823785909976043,0.004795571257875038,0.013044578953724864
grid50_altitude_month_seed20260921,100_1000,equipment_alt0_closed,0.0075732564598820495,-0.002781782304868664,0.019493201433511593,0.00683207533904994,-0.011436004194820649,0.026582517114584748
grid50_altitude_month_seed20260921,100_1000,equipment_alt1_open,0.017019696255199168,0.013540726906031203,0.020336226877466636,0.002098363004379144,0.011181304943786167,0.02285808756661217
grid50_altitude_month_seed20260921,100_1000,equipment_alt1_closed,-0.003469985612176263,-0.008937376656105212,0.0023844892268797767,0.0035397443444709783,-0.013318811855420755,0.006378840631068229
grid50_altitude_month_seed20260921,100_1000,equipment_alt2_open,0.013497287491340937,0.011295452639827258,0.015646882274329428,0.0013596765600861985,0.009714184282710005,0.01728039069997187
grid50_altitude_month_seed20260921,100_1000,equipment_alt2_closed,0.010696804155910788,0.009292525234917299,0.012035862470628423,0.0008698927238547129,0.008276453572996546,0.013117154738825031
grid50_altitude_month_seed20260921,100_1000,equipment_alt3_open,0.006093636813657044,0.0038309927154966837,0.00838524115099573,0.0013761215377327874,0.002264777835215144,0.009922495792098944
grid50_altitude_month_seed20260921,100_1000,equipment_alt3_closed,0.011348639696474927,0.009483549119901225,0.012955603541418956,0.0010661130124987434,0.008382334564251796,0.014314944828698058
grid50_altitude_month_seed20260921,100_1000,attenuation_beginners,0.06980829701129632,0.05650564559406052,0.08445482363960366,0.008610559811680537,0.04585066075579444,0.09376593326679819
grid50_altitude_month_seed20260921,100_1000,attenuation_experts,0.0764101185400321,0.06501888415152207,0.08807526238096965,0.006946441692465673,0.05708265006203719,0.09573758701802701
grid50_altitude_month_seed20260921,100_1000,attenuation_experts_minus_beginners,0.006601821528735785,-0.005925349883801368,0.017599965402663613,0.007260424686327516,-0.013599259179111044,0.026802902236582615
grid50_altitude_month_seed20260921,1000_10000,circuit_alt0_beginners,0.3624875191440978,0.32706511585425163,0.41036485701783637,0.025409958757829327,0.2914081914216978,0.4335668468664978
grid50_altitude_month_seed20260921,1000_10000,circuit_alt0_experts,0.3266463039305789,0.29195460113350574,0.36952159635314863,0.023863345522115855,0.25989332046118596,0.3933992873999719
grid50_altitude_month_seed20260921,1000_10000,circuit_alt1_beginners,0.36738207825119684,0.3478263540791374,0.3875492745882966,0.012283714468735227,0.333020819553656,0.4017433369487377
grid50_altitude_month_seed20260921,1000_10000,circuit_alt1_experts,0.3770912061139009,0.3574270525050581,0.3966627049536802,0.011982168904336829,0.3435734614180703,0.4106089508097315
grid50_altitude_month_seed20260921,1000_10000,circuit_alt2_beginners,0.18806615069908328,0.17027956092278373,0.20999439240425424,0.012463665945643526,0.15320151338045931,0.22293078801770724
grid50_altitude_month_seed20260921,1000_10000,circuit_alt2_experts,0.1766681335544441,0.15516327412442638,0.2028677560548564,0.014093627313581443,0.13724400208824256,0.21609226502064566
grid50_altitude_month_seed20260921,1000_10000,circuit_alt3_beginners,0.11477680244921473,0.10306251519835548,0.12951421018719253,0.007863209792408133,0.09278103019663875,0.13677257470179072
grid50_altitude_month_seed20260921,1000_10000,circuit_alt3_experts,0.08072655399195561,0.06982381245718153,0.09530288611081957,0.007656662384808759,0.059308557209811846,0.10214455077409937
grid50_altitude_month_seed20260921,1000_10000,equipment_alt0_open,0.007924333837114661,0.005037616220310198,0.010851395209700458,0.0017785860477479432,0.002949091579729597,0.012899576094499725
grid50_altitude_month_seed20260921,1000_10000,equipment_alt0_closed,0.04376554905063357,-0.0008582005635199735,0.08534736603568344,0.02599068161291689,-0.028938235859046882,0.11646933396031402
grid50_altitude_month_seed20260921,1000_10000,equipment_alt1_open,0.02071619586731066,0.015426061763600023,0.02614653663154234,0.0032726840958233073,0.011561510194818728,0.029870881539802593
grid50_altitude_month_seed20260921,1000_10000,equipment_alt1_closed,0.011007068004606602,-0.011625583741578533,0.03302241254166512,0.013423204461775785,-0.02654168829667472,0.048555824305887924
grid50_altitude_month_seed20260921,1000_10000,equipment_alt2_open,0.04762087407053939,0.038515238617270284,0.05701250414056307,0.005565921522672266,0.0320513108234018,0.06319043731767698
grid50_altitude_month_seed20260921,1000_10000,equipment_alt2_closed,0.05901889121517856,0.04902024136918653,0.06570711673702606,0.005241973716520988,0.04435550780476677,0.07368227462559035
grid50_altitude_month_seed20260921,1000_10000,equipment_alt3_open,0.0214963805945102,0.014511916612888937,0.0286741923079155,0.004375022576387938,0.009258121317361253,0.033734639871659144
grid50_altitude_month_seed20260921,1000_10000,equipment_alt3_closed,0.055546629051769325,0.04753330031935549,0.06275959481609349,0.004518742318570854,0.042906342256506025,0.06818691584703263
grid50_altitude_month_seed20260921,1000_10000,attenuation_beginners,0.2477107166948831,0.20908837276387862,0.29459015980387504,0.02703881753884199,0.17207497909348501,0.32334645429628117
grid50_altitude_month_seed20260921,1000_10000,attenuation_experts,0.2459197499386233,0.20662637172012113,0.289354917389619,0.02526128142161427,0.17525631762189642,0.3165831822553502
grid50_altitude_month_seed20260921,1000_10000,attenuation_experts_minus_beginners,-0.001790966756259782,-0.0450593813475278,0.04497110642757608,0.02673594085269156,-0.07657946680644664,0.07299753329392708
grid50_altitude_month_seed20260922,10_10000,circuit_alt0_beginners,0.1329022683799561,0.11753434466096929,0.15043230896644444,0.010167593009954807,0.10456772819731187,0.16123680856260034
grid50_altitude_month_seed20260922,10_10000,circuit_alt0_experts,0.12707664932398,0.11273753528587803,0.14353115989439874,0.009233952697641141,0.10134393131493058,0.1528093673330294
grid50_altitude_month_seed20260922,10_10000,circuit_alt1_beginners,0.1190496003880337,0.11223891742898554,0.1269486907724867,0.004571683976522309,0.1063094599036244,0.131789740872443
grid50_altitude_month_seed20260922,10_10000,circuit_alt1_experts,0.13561075385086352,0.12834970465321216,0.14371288211458855,0.004579342688062736,0.12284927045179615,0.14837223724993087
grid50_altitude_month_seed20260922,10_10000,circuit_alt2_beginners,0.04860129206443997,0.04274963038384616,0.0560586718178622,0.004147795759570289,0.03704242208371991,0.06016016204516003
grid50_altitude_month_seed20260922,10_10000,circuit_alt2_experts,0.04832042738697995,0.04148275406941411,0.05702966344316187,0.004798179287456919,0.03494910108675625,0.06169175368720364
grid50_altitude_month_seed20260922,10_10000,circuit_alt3_beginners,0.02928516721457286,0.02460819009660702,0.034723410043222484,0.0030756827748251434,0.020714008132278208,0.03785632629686751
grid50_altitude_month_seed20260922,10_10000,circuit_alt3_experts,0.017931875202467862,0.01391411098249698,0.022763403979638566,0.002704804657492756,0.0103942607268593,0.025469489678076423
grid50_altitude_month_seed20260922,10_10000,equipment_alt0_open,0.009649132513092074,0.007446418661173087,0.011883744939687002,0.0013702125403127886,0.005830692667570728,0.013467572358613419
grid50_altitude_month_seed20260922,10_10000,equipment_alt0_closed,0.01547475156906819,0.001218679430170727,0.030139808777959114,0.008663911959275959,-0.008669405392038157,0.03961890853017454
grid50_altitude_month_seed20260922,10_10000,equipment_alt1_open,0.018014942500661157,0.014525445219473198,0.021429864427200494,0.002121241241579034,0.012103573395135715,0.0239263116061866
grid50_altitude_month_seed20260922,10_10000,equipment_alt1_closed,0.0014537890378313323,-0.006038378406597867,0.009553340065767595,0.004877156394926725,-0.012137626719446879,0.015045204795109544
grid50_altitude_month_seed20260922,10_10000,equipment_alt2_open,0.022668859885793258,0.019556719612516243,0.026083607906207056,0.002016739204373323,0.01704871183617302,0.028289007935413495
grid50_altitude_month_seed20260922,10_10000,equipment_alt2_closed,0.022949724563253282,0.020050130072175147,0.025168253793330517,0.0015702760074944682,0.018573757843437465,0.0273256912830691
grid50_altitude_month_seed20260922,10_10000,equipment_alt3_open,0.011002880222677036,0.008070633558584672,0.014042527039183456,0.00178003421962196,0.006042369797743695,0.015963390647610376
grid50_altitude_month_seed20260922,10_10000,equipment_alt3_closed,0.022356172234782035,0.01973250191462946,0.025055867567346957,0.0016594400169775427,0.017731727708363385,0.026980616761200685
grid50_altitude_month_seed20260922,10_10000,attenuation_beginners,0.10361710116538325,0.08701240293017432,0.12197472136295959,0.010570544715594887,0.07415963530269407,0.13307456702807244
grid50_altitude_month_seed20260922,10_10000,attenuation_experts,0.10914477412151213,0.09447124567649186,0.12588452836272102,0.00957832571725926,0.08245237458777593,0.13583717365524833
grid50_altitude_month_seed20260922,10_10000,attenuation_experts_minus_beginners,0.005527672956128882,-0.009354004683745093,0.020119194171556345,0.00901655930288526,-0.019599224002341396,0.03065456991459916
grid50_altitude_month_seed20260922,10_100,circuit_alt0_beginners,0.025647286622057175,0.013705920239368036,0.036829859571586555,0.006928440915491137,0.006744221208465306,0.04455035203564904
grid50_altitude_month_seed20260922,10_100,circuit_alt0_experts,0.033028241473831765,0.02291020270541337,0.042452634895935405,0.0058558588892551194,0.017051532574019174,0.04900495037364436
grid50_altitude_month_seed20260922,10_100,circuit_alt1_beginners,0.016958229445316553,0.012964988545971173,0.02166947572292429,0.002686583896820649,0.009628345022523101,0.024288113868110004
grid50_altitude_month_seed20260922,10_100,circuit_alt1_experts,0.02995641163940488,0.025501618282583675,0.03409028727167721,0.0025989479189916127,0.022865626985476083,0.037047196293333674
grid50_altitude_month_seed20260922,10_100,circuit_alt2_beginners,-0.0008275904792350852,-0.0030324148968926268,0.001817509184523014,0.001479832588077512,-0.0048650604605477875,0.003209879502077617
grid50_altitude_month_seed20260922,10_100,circuit_alt2_experts,-0.0025719298047192085,-0.004325038206095472,-0.00013981601546493962,0.0012906988248362799,-0.006093380678403514,0.0009495210689650967
grid50_altitude_month_seed20260922,10_100,circuit_alt3_beginners,-0.001226897246519143,-0.003325942551213368,0.0010755060578652828,0.001392436476974163,-0.005025921894281211,0.0025721274012429243
grid50_altitude_month_seed20260922,10_100,circuit_alt3_experts,-0.006539266408112754,-0.008362864894434347,-0.004744330761926252,0.0011338327231195753,-0.00963273496685863,-0.003445797849366877
grid50_altitude_month_seed20260922,10_100,equipment_alt0_open,0.01689878498345021,0.014078529700184778,0.019401270115830965,0.0016592736912847486,0.012371740658762592,0.021425829308137828
grid50_altitude_month_seed20260922,10_100,equipment_alt0_closed,0.00951783013167562,0.0003214674899235866,0.018194623291811894,0.005551623258033289,-0.005628823910445512,0.02466448417379675
grid50_altitude_month_seed20260922,10_100,equipment_alt1_open,0.01907920132994334,0.01600289947459091,0.022096051231063518,0.0018180570470820554,0.014118943790647057,0.024039458869239624
grid50_altitude_month_seed20260922,10_100,equipment_alt1_closed,0.006081019135855015,0.002439814157650155,0.010385138447324773,0.0024685431163784287,-0.0006539783295690747,0.012816016601279104
grid50_altitude_month_seed20260922,10_100,equipment_alt2_open,0.014538846094185875,0.012856351422983452,0.01628498875920157,0.0010552641314696492,0.011659738492764705,0.017417953695607048
grid50_altitude_month_seed20260922,10_100,equipment_alt2_closed,0.01628318541967,0.01512108805750988,0.01730174381740742,0.0006641162176004641,0.014471257966343527,0.01809511287299647
grid50_altitude_month_seed20260922,10_100,equipment_alt3_open,0.011069454920728083,0.009242310995403036,0.012945031574614619,0.001102882029896027,0.008060430032028179,0.014078479809427988
grid50_altitude_month_seed20260922,10_100,equipment_alt3_closed,0.016381824082321694,0.015017752068348062,0.01756779422513744,0.0007972187019467923,0.014206749277520424,0.018556898887122964
grid50_altitude_month_seed20260922,10_100,attenuation_beginners,0.026874183868576318,0.015100450842380257,0.03832278207162746,0.0070377161004597025,0.007672979812432899,0.04607538792471974
grid50_altitude_month_seed20260922,10_100,attenuation_experts,0.03956750788194452,0.029781353225964258,0.0494186316447697,0.005898522624004566,0.023474398282668108,0.055660617481220934
grid50_altitude_month_seed20260922,10_100,attenuation_experts_minus_beginners,0.012693324013368201,0.0034431505035552646,0.021866142691913386,0.005663067464523575,-0.002757386475354293,0.028144034502090694
grid50_altitude_month_seed20260922,100_1000,circuit_alt0_beginners,0.07803593547485721,0.06481153584467486,0.09124305550898615,0.008350672923764667,0.05474163458744106,0.10133023636227337
grid50_altitude_month_seed20260922,100_1000,circuit_alt0_experts,0.07938275412077511,0.06832208228180967,0.09031267871807667,0.0067531729982672406,0.0605446981697713,0.09822081007177892
grid50_altitude_month_seed20260922,100_1000,circuit_alt1_beginners,0.05852165483372007,0.05242000500805723,0.06589381674924955,0.004058036192010436,0.04720171488017442,0.06984159478726573
grid50_altitude_month_seed20260922,100_1000,circuit_alt1_experts,0.0790113367010955,0.07301650102979039,0.08492461685347721,0.0035794506765972423,0.06902641670320729,0.08899625669898371
grid50_altitude_month_seed20260922,100_1000,circuit_alt2_beginners,0.012434044031941371,0.00902502210614418,0.017190073572720906,0.002449255625047507,0.005601816497596501,0.01926627156628624
grid50_altitude_month_seed20260922,100_1000,circuit_alt2_experts,0.01523452736737152,0.01137660489049701,0.020191263239776602,0.0027551835513719538,0.007548910264219035,0.022920144470524005
grid50_altitude_month_seed20260922,100_1000,circuit_alt3_beginners,0.008227638463560893,0.004982847137591023,0.011890434624498507,0.0021049015195125083,0.0023559907794124604,0.014099286147709326
grid50_altitude_month_seed20260922,100_1000,circuit_alt3_experts,0.0029726355807430105,0.0003288164194949926,0.0060612078265655425,0.0017731186284264337,-0.0019734998045987774,0.007918770966084798
grid50_altitude_month_seed20260922,100_1000,equipment_alt0_open,0.008920075105799952,0.006510895113537812,0.011427733044578236,0.0015142777083983735,0.004695979528286132,0.01314417068331377
grid50_altitude_month_seed20260922,100_1000,equipment_alt0_closed,0.0075732564598820495,-0.0037614872315152536,0.01936893807438385,0.0069844990985694425,-0.011910086383896241,0.02705659930366034
grid50_altitude_month_seed20260922,100_1000,equipment_alt1_open,0.017019696255199168,0.013353405368415516,0.020614915586489226,0.002180165617146131,0.010938098480524728,0.02310129402987361
grid50_altitude_month_seed20260922,100_1000,equipment_alt1_closed,-0.003469985612176263,-0.008810210715459421,0.0031590543079344662,0.00363964240431132,-0.013622811146433282,0.006682839922080757
grid50_altitude_month_seed20260922,100_1000,equipment_alt2_open,0.013497287491340937,0.01149341248098008,0.01576979010920528,0.0012941535689381717,0.009887230804343002,0.01710734417833887
grid50_altitude_month_seed20260922,100_1000,equipment_alt2_closed,0.010696804155910788,0.009185514990699667,0.011945373034072415,0.0008517896044885775,0.008320726979751315,0.013072881332070262
grid50_altitude_month_seed20260922,100_1000,equipment_alt3_open,0.006093636813657044,0.0040426945918963664,0.008338786046787366,0.0013137109057878215,0.002429024704204973,0.009758248923109114
grid50_altitude_month_seed20260922,100_1000,equipment_alt3_closed,0.011348639696474927,0.00968850235989271,0.013165981862735692,0.0010512408875373892,0.008416190807264853,0.014281088585685001
grid50_altitude_month_seed20260922,100_1000,attenuation_beginners,0.06980829701129632,0.05618417403593948,0.0835946549842397,0.008581181431016832,0.04587098991658874,0.09374560410600388
grid50_altitude_month_seed20260922,100_1000,attenuation_experts,0.0764101185400321,0.06534914052766216,0.08769774735874726,0.00689818688915812,0.05716754462525392,0.09565269245481028
grid50_altitude_month_seed20260922,100_1000,attenuation_experts_minus_beginners,0.006601821528735785,-0.005412173556326501,0.01850093065840566,0.007395304459043632,-0.014027467726836003,0.027231110784307573
grid50_altitude_month_seed20260922,1000_10000,circuit_alt0_beginners,0.3624875191440978,0.32499654252236687,0.40524510805459335,0.024706830676953437,0.29433848535879287,0.4306365529294028
grid50_altitude_month_seed20260922,1000_10000,circuit_alt0_experts,0.3266463039305789,0.29159675159196813,0.372670607660688,0.024746694704410512,0.258387312903509,0.3949052949576488
grid50_altitude_month_seed20260922,1000_10000,circuit_alt1_beginners,0.36738207825119684,0.34896031778995673,0.3876335394094187,0.011959104764839766,0.3343951911300858,0.4003689653723079
grid50_altitude_month_seed20260922,1000_10000,circuit_alt1_experts,0.3770912061139009,0.3592099425690911,0.39665686220979135,0.01137564844093391,0.34571367088619964,0.40846874134160216
grid50_altitude_month_seed20260922,1000_10000,circuit_alt2_beginners,0.18806615069908328,0.17101438544997155,0.20951020174642696,0.011833101277180387,0.15542681992989135,0.2207054814682752
grid50_altitude_month_seed20260922,1000_10000,circuit_alt2_experts,0.1766681335544441,0.1566651402739547,0.2018716762980764,0.01401234506834956,0.1380177785186174,0.2153184885902708
grid50_altitude_month_seed20260922,1000_10000,circuit_alt3_beginners,0.11477680244921473,0.10325419632842558,0.12827896876215053,0.007821504622981052,0.09320268840063853,0.13635091649779094
grid50_altitude_month_seed20260922,1000_10000,circuit_alt3_experts,0.08072655399195561,0.06967526376460934,0.09384305646928293,0.007518729060116629,0.05998758801772387,0.10146551996618734
grid50_altitude_month_seed20260922,1000_10000,equipment_alt0_open,0.007924333837114661,0.0051378026955822996,0.010845873782176978,0.0017644648029370173,0.0030573975213814423,0.01279127015284788
grid50_altitude_month_seed20260922,1000_10000,equipment_alt0_closed,0.04376554905063357,-0.0005233820449663987,0.08273195438435957,0.025433279159542993,-0.02638725295693306,0.1139183510582002
grid50_altitude_month_seed20260922,1000_10000,equipment_alt1_open,0.02071619586731066,0.015555259091859142,0.026086706659864504,0.003162410472082272,0.011993295673318163,0.02943909606130316
grid50_altitude_month_seed20260922,1000_10000,equipment_alt1_closed,0.011007068004606602,-0.010819114475750003,0.03280017525555405,0.01335390586019759,-0.02582710929362892,0.047841245302842124
grid50_altitude_month_seed20260922,1000_10000,equipment_alt2_open,0.04762087407053939,0.039314690486638666,0.056272292323420625,0.005324130274759041,0.03293528615697623,0.06230646198410254
grid50_altitude_month_seed20260922,1000_10000,equipment_alt2_closed,0.05901889121517856,0.04900201976357393,0.06629822690364896,0.005310479115626485,0.04437095739481324,0.07366682503554388
grid50_altitude_month_seed20260922,1000_10000,equipment_alt3_open,0.0214963805945102,0.0147571134625794,0.028765784327046406,0.004293819975852587,0.009652705198484953,0.033340055990535446
grid50_altitude_month_seed20260922,1000_10000,equipment_alt3_closed,0.055546629051769325,0.0484732968235504,0.06304672926430939,0.004490698282833853,0.04315990276550685,0.0679333553380318
grid50_altitude_month_seed20260922,1000_10000,attenuation_beginners,0.2477107166948831,0.20833875391780748,0.2902029479203954,0.025835189509531238,0.17644932239645814,0.318972110993308
grid50_altitude_month_seed20260922,1000_10000,attenuation_experts,0.2459197499386233,0.20849419190365975,0.2927679213107073,0.025896232675490512,0.1744899798240642,0.3173495200531824
grid50_altitude_month_seed20260922,1000_10000,attenuation_experts_minus_beginners,-0.001790966756259782,-0.04124058672109702,0.04334437983340432,0.025938437040245028,-0.07333714948226022,0.06975521596974066
