group,lag_s,flights,point,low,high
all,10,46273,8863.845216588807,8839.9559623445,8888.612948242551
all,20,46273,30366.856961222868,30274.138949851058,30460.199526341494
all,30,46273,64302.7011782892,64097.192011530744,64516.47522361266
all,40,46273,110247.47607868363,109873.52550201272,110631.66640605815
all,50,46273,167645.4649478948,167056.2529454489,168248.88767151046
all,60,46273,236136.34122905385,235282.99718254662,237004.43769162026
all,80,46273,405074.0576061664,403546.32523570245,406629.07388162595
all,90,46273,504932.6084267594,502995.79461140546,506900.9939406889
all,100,46273,614697.1473775381,612302.4096878341,617125.4148394295
all,110,46273,734125.8333734017,731217.5199663733,737060.948019539
all,140,46273,1148213.169522429,1143538.2214543323,1152944.9736360123
all,170,46273,1641943.8459436423,1635035.6968767466,1648886.5049164803
all,210,46273,2416463.257094806,2406009.8869583905,2427104.1958903545
all,260,46273,3559396.067542965,3543498.4739214103,3575632.4637861797
all,320,46273,5169980.490065833,5146247.127272769,5194451.282133604
all,390,46273,7357042.209594549,7322284.724801495,7393061.681566565
all,470,46273,10238330.511137009,10188418.931107545,10290915.326495595
all,580,46273,14826842.187183065,14752264.23582684,14907005.347939316
all,710,46273,21133433.56580782,21022732.80345888,21254410.600570083
all,870,46273,30138089.73132823,29971923.48812176,30319257.58029912
all,1000,46273,38415664.97888091,38197268.30729045,38657633.69937909
all,1070,46273,43216399.88241741,42967597.28436311,43494838.7919452
all,1310,46273,61425123.60818831,61051228.903175294,61839862.223774575
all,1610,46273,87790559.41731754,87236140.5153749,88415172.40932424
all,1970,46273,124319754.37159091,123481256.56165859,125252102.64412946
all,2410,46273,175506086.41443217,174221986.84666112,176926428.6353399
all,2960,46273,248330534.57580754,246348680.79133308,250504504.7131196
all,3620,46273,346530175.3509576,343574008.9251939,349801720.649513
all,4440,46273,481002817.60107994,476457596.27090585,485964296.21128446
all,5440,46273,656914702.8079895,649957089.3071387,664447183.2878044
all,6660,46273,878290265.8624192,867543273.6518589,889621908.704275
all,8160,46273,1144303261.0535274,1127885030.8219097,1161463900.5688694
all,10000,46273,1444562811.0101824,1419444243.357916,1470705816.0374694
open,10,17961,9294.164054281537,9247.56562928422,9340.751662035987
open,20,17961,31742.699896028244,31563.0975023745,31920.90938441742
open,30,17961,67079.3671174927,66682.77405648428,67475.48984787322
open,40,17961,115024.01978943308,114317.7822300086,115724.34954005021
open,50,17961,174997.81546895564,173890.53821936698,176086.31836457248
open,60,17961,246657.2359801927,245073.57262725435,248230.66581698455
open,80,17961,423773.2705330722,420939.52155977604,426575.8887547504
open,90,17961,528671.80318153,525066.7716289083,532216.4212930081
open,100,17961,644129.226975525,639669.9767192953,648498.8933172098
open,110,17961,769917.5832333211,764549.4920222795,775195.6843740519
open,140,17961,1207200.8666933854,1198579.6471712478,1215719.9397291339
open,170,17961,1730548.1857512444,1717752.3272393818,1743070.1240282145
open,210,17961,2555006.085245265,2535659.267172593,2574115.230943602
open,260,17961,3777943.0622002087,3748359.313160452,3807153.3243157696
open,320,17961,5511742.874750029,5467553.982020521,5556071.618634647
open,390,17961,7882365.425948676,7817657.387630033,7948055.064581497
open,470,17961,11029423.318224205,10935233.193369197,11125006.090093931
open,580,17961,16088246.071986439,15944396.7741046,16234637.896478409
open,710,17961,23120206.838419367,22903815.84956338,23341569.215192627
open,870,17961,33292979.07946615,32963736.917251937,33631210.852849476
open,1000,17961,42760877.361569904,42325375.185532965,43210021.79614841
open,1070,17961,48297361.218756534,47795806.76955197,48813517.774837896
open,1310,17961,69561142.38777496,68808868.66517511,70339151.98460175
open,1610,17961,100972570.60179509,99824380.71859266,102165511.46673627
open,1970,17961,145494615.12971982,143752179.6697962,147277552.69070604
open,2410,17961,209567674.35654548,206918859.08731943,212249987.4574133
open,2960,17961,303792043.794888,299739585.3717266,307925240.657331
open,3620,17961,436243113.51900715,430049524.7064244,442553443.541685
open,4440,17961,627946968.8311453,618536274.1748693,637497546.6897243
open,5440,17961,898788821.6753968,884432152.7870091,913341844.386426
open,6660,17961,1277959902.9266078,1256155300.0631878,1300592577.4340723
open,8160,17961,1804252018.5671396,1770823512.4816506,1839217845.084164
open,10000,17961,2514259999.6506004,2462461879.8952775,2567706172.367018
closed,10,28234,8591.009297028113,8568.8655246229,8614.83510841381
closed,20,28234,29496.257415308904,29410.292114993856,29592.415560987654
closed,30,28234,62547.82384591231,62352.79594362514,62771.817422524466
closed,40,28234,107230.63267171096,106880.67341469765,107632.39467154846
closed,50,28234,163003.59120768553,162446.5646658274,163640.60080706695
closed,60,28234,229495.73865195326,228683.47482716708,230421.8542910211
closed,80,28234,393275.47449478897,391829.2035049383,394943.3208327558
closed,90,28234,489955.71573462855,488131.17591450777,492077.717165102
closed,100,28234,596130.2983931545,593880.3611112207,598750.3768948588
closed,110,28234,711548.6329631303,708829.0064606209,714712.5898390878
closed,140,28234,1111008.9970754117,1106602.4626126043,1116101.873894684
closed,170,28234,1586063.6059247688,1579578.4098720883,1593534.4608582864
closed,210,28234,2329091.0755650187,2319209.974087174,2340406.7614522357
closed,260,28234,3421568.486768896,3406853.098045291,3438830.694008994
closed,320,28234,4954433.616298073,4932449.326699769,4980019.765697791
closed,390,28234,7025686.177107646,6993978.185238121,7063329.297241413
closed,470,28234,9739252.040949114,9692889.816742333,9793222.948164927
closed,580,28234,14030869.95949901,13961519.781580033,14111345.38372004
closed,710,28234,19879374.899411924,19776679.43225751,19998486.60202485
closed,870,28234,28145988.280501287,27992152.76151942,28324793.673720457
closed,1000,28234,35671203.91628752,35468946.473991156,35900416.088776134
closed,1070,28234,40006792.87339386,39777151.14028709,40270569.50510632
closed,1310,28234,56283494.275377885,55942727.38926381,56679231.367662
closed,1610,28234,79456574.79872407,78950962.0756112,80053166.955949
closed,1970,28234,110927200.649241,110158572.70699239,111785669.2859583
closed,2410,28234,153956369.9417792,152818238.97445408,155227262.21547472
closed,2960,28234,213232086.05541387,211521884.22860318,215136889.1572937
closed,3620,28234,289741908.4233156,287196840.38560516,292526662.3838554
closed,4440,28234,387963080.8455865,384291149.3137307,392116599.7537025
closed,5440,28234,503724077.869347,498449172.5137959,509695544.3897301
closed,6660,28234,625061159.7709516,617518067.6996087,633125199.7519747
closed,8160,28234,725971953.0212411,715880143.9685076,737387387.3291305
closed,10000,28234,766187257.9520721,752762530.7132887,780916891.6486201
alt0,10,1844,11465.664360786013,11286.295164743995,11643.050152388896
alt0,20,1844,39128.93090811707,38425.10415398618,39824.7656635053
alt0,30,1844,82790.33977192327,81183.36213906432,84392.93009939446
alt0,40,1844,142669.74314980238,139843.67246106756,145510.31340352373
alt0,50,1844,218066.56437717407,213673.68929136102,222474.26574042992
alt0,60,1844,308635.04052180995,302325.55146784685,314984.4251758786
alt0,80,1844,534091.2043883547,522913.27154585574,545377.367214802
alt0,90,1844,668467.1354585608,654347.0286258179,682743.628284865
alt0,100,1844,816976.0874597844,799601.7545982616,834595.3368019073
alt0,110,1844,979389.6400902426,958435.2507944911,1000696.2050881083
alt0,140,1844,1548150.3658190842,1514221.440513995,1582543.235811868
alt0,170,1844,2235669.0348004703,2185434.756168397,2286110.5026607825
alt0,210,1844,3330507.4136738405,3253640.7252988126,3407219.338636733
alt0,260,1844,4975523.493868044,4857509.326720571,5093131.7640982615
alt0,320,1844,7341671.469030316,7162945.8875212725,7519354.664661488
alt0,390,1844,10628146.20072877,10363946.396441804,10892522.082848527
alt0,470,1844,15064609.029604854,14685179.643384822,15447079.22775795
alt0,580,1844,22336795.45316358,21758784.843775883,22914782.350599337
alt0,710,1844,32674176.83987507,31811040.902664833,33540450.838295206
alt0,870,1844,47987090.97892364,46688764.14483989,49286726.86803488
alt0,1000,1844,62534156.22632872,60834422.601632826,64257371.83041772
alt0,1070,1844,71149630.41692887,69212733.14020377,73118921.72397637
alt0,1310,1844,104845212.10588607,101947124.30678275,107798437.71918169
alt0,1610,1844,156016294.56792143,151643518.4896862,160511404.65617633
alt0,1970,1844,230710334.79501852,224151497.58942097,237499509.9118099
alt0,2410,1844,341582852.09039116,331761198.4636554,351844811.3801291
alt0,2960,1844,510223199.8255365,495322904.9093328,525803239.0682374
alt0,3620,1844,756396963.2073376,733855590.648047,779979691.8388331
alt0,4440,1844,1127670484.4928215,1093474281.9770255,1163700231.838371
alt0,5440,1844,1676071810.5433013,1623686594.7224185,1730929240.7823942
alt0,6660,1844,2483075108.0301538,2404063251.9723325,2565907879.4695363
alt0,8160,1844,3672443521.101255,3551229858.879562,3796350159.856173
alt0,10000,1844,5405399038.64418,5219751311.700079,5595549855.205181
open_0,10,1679,11854.104929223879,11672.590418785809,12038.06517784745
open_0,20,1679,40575.48873357991,39836.051846646595,41312.794863314026
open_0,30,1679,85961.81375814507,84276.35295614268,87629.23647768024
open_0,40,1679,148261.21936349993,145279.87397499045,151232.92535601184
open_0,50,1679,226769.0892189488,222106.6336400982,231408.18925092727
open_0,60,1679,321137.14898709854,314446.6912054968,327841.18674316094
open_0,80,1679,556256.0819002155,544453.6606063626,568310.733456983
open_0,90,1679,696504.1985416769,681577.7790938208,711775.926274133
open_0,100,1679,851580.1014087878,833161.2406352124,870379.5570207102
open_0,110,1679,1021254.1788213068,998922.3671451199,1044014.4228503867
open_0,140,1679,1615971.3465798763,1579496.118211238,1652685.0265423434
open_0,170,1679,2335737.0566779235,2281871.3904564064,2389692.299213266
open_0,210,1679,3483442.784268205,3402310.864063311,3565550.590806676
open_0,260,1679,5210573.053253056,5086612.082629287,5336167.71393585
open_0,320,1679,7699106.523334678,7512098.013766736,7889146.054805675
open_0,390,1679,11161708.044427559,10885416.93934238,11443439.100506395
open_0,470,1679,15844341.202798551,15444848.355973246,16252123.14630535
open_0,580,1679,23534840.3981292,22930437.439025972,24151677.390582632
open_0,710,1679,34489054.93390685,33586221.45930869,35410926.891388476
open_0,870,1679,50747518.534422256,49391113.794882454,52128470.31499505
open_0,1000,1679,66217196.50026432,64420794.018529765,68039136.09462109
open_0,1070,1679,75387865.18585019,73327382.18110435,77472954.79609384
open_0,1310,1679,111307172.17715834,108209582.11014923,114430338.88122086
open_0,1610,1679,165973590.6652822,161333842.7190915,170710451.38837975
open_0,1970,1679,245932742.82870954,239028770.50361976,253018201.33050686
open_0,2410,1679,364906679.3422954,354654981.90631396,375557999.26217824
open_0,2960,1679,546394684.3318317,530894913.73090756,562450972.179052
open_0,3620,1679,812175564.8370446,788558362.8137015,836435731.3993239
open_0,4440,1679,1214390113.5579112,1178459204.7811818,1251316758.8872564
open_0,5440,1679,1810777840.0412207,1755942724.7081084,1866558474.9206908
open_0,6660,1679,2691651515.487657,2609559276.743642,2775860599.1221113
open_0,8160,1679,3994681132.3342614,3871470420.9716973,4121544460.3621798
open_0,10000,1679,5899996809.927942,5713661813.425628,6091449671.0744295
closed_0,10,165,7512.987303772806,7343.228809123316,7696.005672155858
closed_0,20,165,24409.10915689208,23617.167453980062,25188.766334104836
closed_0,30,165,50518.18933030854,48688.090864709455,52309.686766431
closed_0,40,165,85772.23670860162,82497.00802658629,89000.15567069188
closed_0,50,165,129511.78129026691,124298.58922736673,134604.58904198348
closed_0,60,165,181416.61559320858,173924.5716318183,188771.05681081483
closed_0,80,165,308546.78413129726,295276.03214831493,321622.7894621515
closed_0,90,165,383168.77838855394,366393.7364304509,399737.62392211595
closed_0,100,165,464854.0303665936,444205.42792924354,485287.6713699398
closed_0,110,165,553386.2429420177,528401.8604559349,578101.3326314258
closed_0,140,165,858020.5070471355,817791.5474262761,898036.6181777368
closed_0,170,165,1217401.103089899,1158186.8926006071,1275595.456313595
closed_0,210,165,1774274.1577469811,1685065.8829067403,1862874.5878842599
closed_0,260,165,2583716.1592776123,2447771.896719572,2719277.8612589207
closed_0,320,165,3704499.0073513878,3499767.0264468505,3909514.3495675726
closed_0,390,165,5198750.227575635,4900756.511403729,5502751.96606869
closed_0,470,165,7130243.461167409,6700662.627531354,7566076.797465399
closed_0,580,165,10145780.528331682,9500438.013101181,10798157.744851632
closed_0,710,165,14206417.325455027,13244596.744215598,15178858.63304924
closed_0,870,165,19897649.368728768,18490967.436379984,21345423.393369853
closed_0,1000,165,25056431.257007964,23217322.798005592,26919359.806429163
closed_0,1070,165,28022380.85923915,25954933.78381215,30142408.979895182
closed_0,1310,165,39089872.95639314,36112806.70105572,42135812.64116501
closed_0,1610,165,54693263.3711415,50355674.215018004,59018734.57588098
closed_0,1970,165,75810800.92491299,69508345.19384529,81990266.32104354
closed_0,2410,165,104245240.23616283,95207839.28147267,113138846.73526305
closed_0,2960,165,142150942.334206,129638700.9027838,155191768.46020016
closed_0,3620,165,188807435.10868272,170999161.50613564,206850579.02757365
closed_0,4440,165,245232562.06685394,220770546.4360615,270142635.08800346
closed_0,5440,165,305335910.3796341,272055385.018623,338687421.84229696
closed_0,6660,165,360652149.7201683,315278161.86080146,407292357.0643758
closed_0,8160,165,393431707.40297306,336413277.7651778,453829578.18295145
closed_0,10000,165,372492020.5506569,303455869.0935356,445855389.80441993
alt1,10,2908,10164.578971084213,10034.052909979988,10302.752474472487
alt1,20,2908,34387.36165819296,33875.06003042808,34937.40242370464
alt1,30,2908,72667.07237566466,71539.98582168287,73896.66151757144
alt1,40,2908,124901.73870895365,122906.84549590173,127084.8356956156
alt1,50,2908,190387.59844269688,187309.54277861555,193814.64726067608
alt1,60,2908,268771.2071640814,264325.8270329416,273713.484613128
alt1,80,2908,462976.21350395534,455011.6552072351,471706.6545785558
alt1,90,2908,578212.6532630818,568088.5910328471,589241.8340981683
alt1,100,2908,705202.712237782,692671.6816941751,718800.2620489115
alt1,110,2908,843713.014609743,828581.9856573186,860188.1913540675
alt1,140,2908,1326293.088111061,1301847.2415717065,1353312.6815372321
alt1,170,2908,1905680.2502706244,1869449.1534439353,1945390.2572088065
alt1,210,2908,2821773.194931503,2766245.174663284,2881908.9751235
alt1,260,2908,4187039.5979085094,4101786.3946541892,4279861.762273185
alt1,320,2908,6134027.471364609,6004136.012946941,6275465.971567328
alt1,390,2908,8814858.039248798,8621930.303748442,9023797.416979108
alt1,470,2908,12402106.343507927,12123882.17019788,12704671.851236325
alt1,580,2908,18226431.234401837,17804365.52100791,18688409.35481627
alt1,710,2908,26418491.539873667,25777652.980264205,27110567.93919363
alt1,870,2908,38423080.37978789,37445883.34834704,39456622.7040268
alt1,1000,2908,49723563.838930815,48419919.09949317,51096375.14634425
alt1,1070,2908,56378355.16405767,54886386.21417417,57957252.85551691
alt1,1310,2908,82187414.82389396,79948749.82614683,84557149.28468099
alt1,1610,2908,120865115.07127725,117507700.64637111,124482775.0134565
alt1,1970,2908,176511408.70588142,171459936.9379905,181940591.6069656
alt1,2410,2908,257900137.08889347,250229719.75762,266101109.6829368
alt1,2960,2908,379696606.1359574,367866823.63583535,392231309.5119546
alt1,3620,2908,553940934.4879825,535781800.0416176,572961239.4420742
alt1,4440,2908,811008743.1428076,783456579.0427657,839851199.2547296
alt1,5440,2908,1182117554.4754226,1140734501.4572947,1225930240.6496065
alt1,6660,2908,1715710010.569686,1653157387.5625567,1781905041.3185587
alt1,8160,2908,2484660668.1699576,2389388769.814369,2586237019.291985
alt1,10000,2908,3585212948.6692677,3438383402.0441875,3737105849.3074746
open_1,10,2068,11123.202709565865,10956.021167816947,11290.13428354192
open_1,20,2068,37946.62110745519,37304.26956535201,38620.16642704451
open_1,30,2068,80429.64139104412,78977.87712547556,81958.69769644854
open_1,40,2068,138584.40411000213,136009.1628244406,141297.63920614467
open_1,50,2068,211715.1203612195,207672.20781445137,215959.48925895325
open_1,60,2068,299470.960819427,293660.9543457446,305579.6781052069
open_1,80,2068,517699.203171011,507376.45531834825,528433.3145224438
open_1,90,2068,647610.0699169959,634565.8458236743,661096.6871159908
open_1,100,2068,791067.3791614893,774986.207998214,807613.2575573182
open_1,110,2068,947847.2731847573,928417.0785489088,967815.1125222879
open_1,140,2068,1496127.488928426,1464641.397581252,1528449.656493157
open_1,170,2068,2157694.5561773074,2111174.201556491,2205393.965995543
open_1,210,2068,3209195.5607870435,3138202.588290489,3282337.340121029
open_1,260,2068,4785537.474031321,4677675.516913448,4896736.131526732
open_1,320,2068,7047689.24241634,6884813.314124641,7215498.254527035
open_1,390,2068,10182235.423008094,9940498.871984769,10431608.780938229
open_1,470,2068,14402689.800151493,14054816.341392875,14765039.806070494
open_1,580,2068,21300615.383165006,20770418.046649154,21849830.61503107
open_1,710,2068,31071907.94730828,30273046.099163692,31893175.175944716
open_1,870,2068,45497572.08042325,44293804.86327014,46732933.87619283
open_1,1000,2068,59165574.46995475,57570712.089669116,60818985.90340827
open_1,1070,2068,67247586.41999324,65416388.832864806,69136141.49581239
open_1,1310,2068,98785722.38902834,96014607.13174815,101626878.54420662
open_1,1610,2068,146511974.75376537,142316645.0085248,150845309.52523544
open_1,1970,2068,215917028.38644037,209590638.46270227,222413279.32153982
open_1,2410,2068,318601004.14711034,308990736.83054614,328351430.3445728
open_1,2960,2068,474333351.9432138,459608529.9437324,488979118.1156542
open_1,3620,2068,700602990.6118963,678561254.981704,722905731.4224372
open_1,4440,2068,1040452786.0052141,1007136920.9646037,1074672866.194341
open_1,5440,2068,1540848309.1837757,1490190661.3866765,1593595220.1336753
open_1,6660,2068,2275223648.7651134,2200439346.1796694,2356540058.382474
open_1,8160,2068,3354103605.276901,3240571290.035124,3476853064.9846377
open_1,10000,2068,4920321702.437163,4748558635.6420965,5104810038.400288
closed_1,10,839,7807.112049151417,7722.776084813363,7900.478383854505
closed_1,20,839,25636.380741856803,25334.138945760125,25986.215686724096
closed_1,30,839,53582.23145661261,52893.749855047645,54347.78102896985
closed_1,40,839,91263.38018817756,90046.76558889393,92612.25472530219
closed_1,50,839,137955.83330189108,136052.50564472936,140062.06388468854
closed_1,60,839,193300.7863459159,190540.43900000822,196315.45349224794
closed_1,80,839,328454.4183638414,323485.9180634259,333851.4835759369
closed_1,90,839,407620.7074328968,401326.6415050402,414452.40583802573
closed_1,100,839,494134.0161225851,486332.65904248157,502596.98208080034
closed_1,110,839,587737.5355080033,578286.9773506123,597997.5273435108
closed_1,140,839,908827.3876326334,893766.0528527229,925312.4690273592
closed_1,170,839,1286214.0704620373,1264204.6073677035,1310266.525548561
closed_1,210,839,1869461.33925317,1835869.3142180946,1905495.916314217
closed_1,260,839,2715861.30029708,2665820.4457084658,2770085.550335843
closed_1,320,839,3888058.4602341466,3813349.248435806,3967028.9335819287
closed_1,390,839,5453427.432318441,5344042.154834819,5567691.069215695
closed_1,470,839,7483852.766096142,7327296.127053646,7648751.7341015255
closed_1,580,839,10668446.146184552,10437366.917245837,10913516.473963765
closed_1,710,839,14977296.58947501,14639610.182866,15337763.181690948
closed_1,870,839,21028029.483975615,20526174.03250529,21548914.17670488
closed_1,1000,839,26505969.91071196,25849377.2806271,27183842.244677905
closed_1,1070,839,29650622.808588743,28902108.879002735,30417153.625458796
closed_1,1310,839,41368589.78917759,40273481.06138312,42487956.051428765
closed_1,1610,839,57788629.74743927,56186535.91463556,59419266.24878994
closed_1,1970,839,79587688.67074616,77273955.74731234,81977710.46675883
closed_1,2410,839,108583900.72818522,105289489.2971404,111991359.50136566
closed_1,2960,839,146878846.4114098,142031576.09162366,151716365.3414983
closed_1,3620,839,193097374.59681842,186330535.20906368,199855008.72211137
closed_1,4440,839,246425362.06463966,237230974.5390005,255639072.63807422
closed_1,5440,839,299303068.9216062,287096960.17660105,311481208.4285119
closed_1,6660,839,338635226.39133817,323595784.61698294,354330432.8649919
closed_1,8160,839,344576819.06045717,326865436.4278709,363041595.1295128
closed_1,10000,839,298644800.14405286,278156281.10473865,319475594.371549
alt2,10,22097,8418.973846583216,8392.60209013748,8445.596843942472
alt2,20,22097,28754.591019172036,28652.284303201115,28859.748497446548
alt2,30,22097,60740.48834088593,60505.19518824015,60985.276729991456
alt2,40,22097,103924.82956687197,103504.53560837462,104357.078423683
alt2,50,22097,157771.6891459716,157109.99747468397,158474.4416505252
alt2,60,22097,221929.63196026307,220967.82024075367,222937.89526677667
alt2,80,22097,379881.99719129613,378167.3446386184,381663.789939782
alt2,90,22097,473105.56422502664,470925.68527679116,475369.38858216716
alt2,100,22097,575481.6205021045,572788.1885078098,578273.3259107264
alt2,110,22097,686776.1382792688,683509.630877584,690149.2603787965
alt2,140,22097,1072055.6846246829,1066791.1982271618,1077503.882857226
alt2,170,22097,1530501.242696611,1522737.1784310918,1538515.273031568
alt2,210,22097,2248157.12619437,2236209.9586822395,2260326.5998468003
alt2,260,22097,3304700.9373124144,3286639.381617695,3323209.066610037
alt2,320,22097,4789740.27170238,4762491.5717602745,4817550.701091313
alt2,390,22097,6800606.355673894,6760846.322433047,6841361.98539995
alt2,470,22097,9441321.124553034,9383822.007040141,9499307.371270476
alt2,580,22097,13629167.03328339,13542844.96243615,13717585.478249494
alt2,710,22097,19353444.854721636,19226917.75371367,19484984.914756108
alt2,870,22097,27470479.617867555,27281697.092077233,27664161.413152415
alt2,1000,22097,34879485.15693129,34629785.01022144,35131485.12445775
alt2,1070,22097,39155459.165696494,38868052.50467444,39443564.63583826
alt2,1310,22097,55250305.87849438,54825890.6198511,55683075.61394101
alt2,1610,22097,78261577.59638193,77627269.55969325,78905144.15236667
alt2,1970,22097,109679044.84796758,108749419.07206133,110633168.1102705
alt2,2410,22097,152942651.07949835,151535725.93640104,154384244.7987307
alt2,2960,22097,213230774.34172666,211145477.90340585,215447169.26419014
alt2,3620,22097,292566421.80082357,289480634.9187253,295866588.5229997
alt2,4440,22097,397754167.54428613,393142670.1905908,402656929.5932959
alt2,5440,22097,528830741.55955553,521935390.57021934,536173570.16789883
alt2,6660,22097,681795006.6010793,671613329.5365589,692575620.4287076
alt2,8160,22097,846164408.4314802,830941146.9794387,862211260.7855505
alt2,10000,22097,1004227660.8604606,982131480.058437,1026981711.8866282
open_2,10,7412,8689.851219843416,8639.681361417486,8737.980297597163
open_2,20,7412,29547.238911975877,29355.064254645185,29733.82989788413
open_2,30,7412,62244.89311174493,61807.93653896067,62672.10868267946
open_2,40,7412,106430.1127661506,105637.33841592427,107202.38875437662
open_2,50,7412,161557.09077785234,160322.96061779486,162766.4026213385
open_2,60,7412,227288.61418697794,225500.3359877814,229039.68484590107
open_2,80,7412,389308.2840454724,386119.0006923567,392423.76209682913
open_2,90,7412,485047.8754616161,481039.9489193649,488984.6495405498
open_2,100,7412,590275.3428923811,585323.5313287404,595101.6395690553
open_2,110,7412,704769.0884924404,698775.1245565416,710614.3337690457
open_2,140,7412,1101811.4176344674,1092095.1058514037,1111222.5270500912
open_2,170,7412,1575434.4459198683,1561090.2255586653,1589275.5319034352
open_2,210,7412,2318932.6966801295,2297054.1977399723,2339922.7504379987
open_2,260,7412,3417239.8194452533,3384082.880680454,3449270.2309378358
open_2,320,7412,4967131.332890663,4917589.05148471,5015498.0109566925
open_2,390,7412,7075486.358485416,7003129.504010786,7146859.796375812
open_2,470,7412,9858958.395607293,9755309.508670703,9962926.908509368
open_2,580,7412,14303256.726478877,14148480.785836123,14460855.987175606
open_2,710,7412,20430809.014934253,20204029.377276525,20664332.653256454
open_2,870,7412,29216470.5460887,28877508.179183226,29569772.2653031
open_2,1000,7412,37328062.35091242,36883523.187308796,37796602.33196651
open_2,1070,7412,42047251.6303027,41536124.34205383,42580319.729045495
open_2,1310,7412,60035346.797876075,59264638.28474302,60839960.855272
open_2,1610,7412,86294850.92532533,85133681.70725703,87508016.53663152
open_2,1970,7412,123034834.61537747,121301899.19173409,124812162.04779561
open_2,2410,7412,175141174.3742168,172511368.76313263,177828417.24355108
open_2,2960,7412,250497166.8307823,246473387.90469483,254607139.8662764
open_2,3620,7412,354469182.77060694,348385825.5351274,360750106.29670423
open_2,4440,7412,501758678.55957896,492618303.2285252,511465831.78528404
open_2,5440,7412,704578587.2311589,690730260.8440362,719204975.2249172
open_2,6660,7412,979596778.7044655,958351506.0999213,1001636151.3949573
open_2,8160,7412,1346130652.7156377,1313895507.4650946,1379918256.521585
open_2,10000,7412,1813764492.6048734,1765786443.4814816,1865281992.8583221
closed_2,10,14649,8282.095675803093,8253.916724334427,8312.272246706767
closed_2,20,14649,28354.377943589654,28246.290709538232,28476.209323296363
closed_2,30,14649,59982.20169878061,59727.963057482906,60262.752546244934
closed_2,40,14649,102663.36249765867,102193.77443190798,103176.86069966745
closed_2,50,14649,155867.14045469422,155117.74672530996,156674.9172702179
closed_2,60,14649,219234.90930402235,218155.5031818737,220409.28505165834
closed_2,80,14649,375145.9442189754,373224.5081398494,377250.5628028554
closed_2,90,14649,467107.12594769883,464646.3736508939,469757.2146435079
closed_2,100,14649,568052.588996632,564998.9418040242,571325.2813123924
closed_2,110,14649,677742.0619071486,674060.2889003466,681694.3611951771
closed_2,140,14649,1057120.0326846235,1051205.513412432,1063560.4482974098
closed_2,170,14649,1507949.8370485527,1499211.2549117925,1517487.7585735072
closed_2,210,14649,2212636.3806541483,2199404.120240078,2227078.9389514187
closed_2,260,14649,3248216.3664499465,3228016.37013307,3270113.5582021098
closed_2,320,14649,4700690.050047121,4671108.445731993,4733308.443210633
closed_2,390,14649,6662580.770461367,6618093.415077181,6710149.82220431
closed_2,470,14649,9231548.706754414,9168324.565596221,9300176.378041698
closed_2,580,14649,13290463.274811685,13195718.536881752,13393307.916829726
closed_2,710,14649,18811916.8343252,18671111.598108884,18964611.114521984
closed_2,870,14649,26592486.88874238,26385528.513709962,26822517.66090907
closed_2,1000,14649,33647712.13858816,33372833.742064636,33950788.78843197
closed_2,1070,14649,37700416.32327015,37386335.423473366,38047530.209250666
closed_2,1310,14649,52841069.862772055,52376886.92679863,53354137.425424084
closed_2,1610,14649,74214422.91022119,73534244.92572922,74982662.89648592
closed_2,1970,14649,102947204.04060695,101941779.66479897,104076764.05789241
closed_2,2410,14649,141750665.4131553,140318902.4964218,143418063.8401969
closed_2,2960,14649,194437258.4023957,192298601.35524422,196916356.07144248
closed_2,3620,14649,261345350.75461343,258196441.15110856,264975240.64226106
closed_2,4440,14649,345297757.6926723,340808102.08594894,350544285.6847124
closed_2,5440,14649,440181259.58371437,433837471.5526533,447665408.7408911
closed_2,6660,14649,531555857.84039414,522698148.5027698,541995482.5934354
closed_2,8160,14649,593870921.2062383,582030831.0646679,607974548.4467152
closed_2,10000,14649,595604523.1696935,580348431.1154137,613716629.5123664
alt3,10,19424,8928.20036501562,8899.127873666586,8957.455428533038
alt3,20,19424,30767.2558751761,30655.082201837184,30884.74053015802
alt3,30,19424,65347.77016817048,65086.6366185393,65622.19161400752
alt3,40,19424,112168.30926255636,111699.90347741051,112660.52671012102
alt3,50,19424,170686.55804636073,169952.09881949573,171456.53759442808
alt3,60,19424,240529.66202176482,239459.23974335563,241632.936457668
alt3,80,19424,412816.1226272918,410911.1883578009,414768.60576549044
alt3,90,19424,514643.5926470628,512231.04090493487,517102.72634631104
alt3,100,19424,626556.3395748772,623578.4056038045,629575.9938068669
alt3,110,19424,748301.0923248967,744703.3653881288,751932.9595137825
alt3,140,19424,1170222.6089045615,1164463.7179762572,1176005.0798925941
alt3,170,19424,1672873.2370018354,1664483.0108968904,1681253.1178668276
alt3,210,19424,2460476.943799216,2447662.0497029084,2473157.557697137
alt3,260,19424,3620736.2617489626,3601396.855330951,3640122.144830587
alt3,320,19424,5252050.162550912,5223152.344379467,5281225.924140265
alt3,390,19424,7461259.614444202,7418748.152502245,7504086.204424047
alt3,470,19424,10362897.989862029,10302153.070386032,10425924.949953796
alt3,580,19424,14967424.410408583,14875940.35538935,15062865.267775761
alt3,710,19424,21271527.231526535,21137451.937555548,21412856.85265378
alt3,870,19424,30237959.457999077,30039286.7752274,30448974.623539697
alt3,1000,19424,38455878.00299077,38193304.3110888,38733731.925379135
alt3,1070,19424,43213865.07767713,42912927.97734652,43530208.469264135
alt3,1310,19424,61219273.182323925,60766023.06840412,61688851.479385585
alt3,1610,19424,87202258.74998882,86511904.81904022,87908506.86974685
alt3,1970,19424,123061424.32827166,122051565.9900146,124100746.57211898
alt3,2410,19424,173072847.9119711,171555297.1673975,174602351.60977212
alt3,2960,19424,243730904.79178157,241418733.9503401,245988895.60445347
alt3,3620,19424,337957904.8515573,334539314.361902,341226442.0068201
alt3,4440,19424,464911024.51423514,459856607.07692885,469701635.60620874
alt3,5440,19424,627242940.6783451,619720060.3929998,634411217.232539
alt3,6660,19424,824105539.6130444,813297601.1138258,834576681.2347718
alt3,8160,19424,1042796066.1897968,1027022726.7345409,1058257285.9664448
alt3,10000,19424,1248995122.0062962,1226299705.0793493,1271627633.4085882
open_3,10,6802,8764.698317836292,8720.587278601468,8807.032071501688
open_3,20,6802,30068.603349470795,29895.369101821,30240.54594340777
open_3,30,6802,63627.60678571442,63230.14645893671,64020.391771543604
open_3,40,6802,109021.35968898886,108299.4555597521,109730.9737195201
open_3,50,6802,165701.62262376823,164571.77629726706,166821.01027736758
open_3,60,6802,233321.4035522547,231707.20316906573,234937.40098681574
open_3,80,6802,400070.97868734907,397166.85278816323,402954.2084527791
open_3,90,6802,498619.70451075194,494955.76049480133,502264.3105615744
open_3,100,6802,606932.3542807674,602409.9848729274,611423.3384236563
open_3,110,6802,724773.1992591204,719317.9822714939,730193.204503315
open_3,140,6802,1133299.1768835166,1124496.9526640119,1142043.9964881795
open_3,170,6802,1620323.5799445938,1607262.0364635,1633143.4416366818
open_3,210,6802,2384183.8128202283,2364464.4196247957,2403590.7504323227
open_3,260,6802,3511027.660355989,3481461.8874231703,3540671.4512584363
open_3,320,6802,5098296.843281904,5053714.486636037,5143731.749498802
open_3,390,6802,7252909.418552715,7187668.221415533,7319637.922585814
open_3,470,6802,10090776.419313617,9996715.071866835,10187542.76714171
open_3,580,6802,14610493.85496053,14467145.006841047,14756924.16142637
open_3,710,6802,20826969.970169596,20611316.145328213,21044451.367839392
open_3,870,6802,29716062.16951957,29396207.26905898,30047116.185385868
open_3,1000,6802,37903475.33348836,37482764.38417694,38341855.79173325
open_3,1070,6802,42659576.80133632,42178338.14597044,43157912.94555498
open_3,1310,6802,60751554.24507628,60030823.71230456,61492251.97246909
open_3,1610,6802,87076519.11239825,85992577.81180458,88191563.10875057
open_3,1970,6802,123766112.65262486,122129860.27849874,125420888.58697201
open_3,2410,6802,175588565.6372084,173158082.04217878,178031323.869426
open_3,2960,6802,250133174.24853286,246525056.03498644,253687691.09770066
open_3,3620,6802,352182772.90096253,346825513.4431515,357394440.90389836
open_3,4440,6802,495281214.2855285,487220798.4757258,502915786.31209207
open_3,5440,6802,690096918.6611639,678073116.2702668,701672197.1848953
open_3,6660,6802,950929299.1116244,932481785.4901718,968433418.2664928
open_3,8160,6802,1291575158.873017,1263400705.4514008,1317105106.7253444
open_3,10000,6802,1710332477.2167633,1668189378.7923756,1749601383.5245101
closed_3,10,12581,9017.115254994902,8980.295848052285,9053.656193385601
closed_3,20,12581,31149.95810467253,31008.73808462401,31298.477921512433
closed_3,30,12581,66290.83477851115,65964.7886297281,66630.22146901676
closed_3,40,12581,113894.89631906066,113322.70989972302,114504.59838523358
closed_3,50,12581,173422.7220080929,172527.7367070287,174377.04892959984
closed_3,60,12581,244487.51270864584,243194.14227539953,245877.84228927048
closed_3,80,12581,419819.0393158878,417516.21441622585,422293.7260253195
closed_3,90,12581,523451.297041044,520533.2318847566,526587.4894552658
closed_3,100,12581,637346.8813356154,633742.135132747,641212.7903692662
closed_3,110,12581,761243.153630606,756879.8477287989,765923.504570435
closed_3,140,12581,1190556.9591243651,1183544.673513349,1198018.0550112794
closed_3,170,12581,1701848.6527007108,1691533.3137884105,1712800.5234183294
closed_3,210,12581,2502616.1503567635,2487008.0580710834,2518989.2211003737
closed_3,260,12581,3681465.885547829,3657780.3265072065,3706352.4135321444
closed_3,320,12581,5337393.43415228,5302458.757542598,5374710.049887528
closed_3,390,12581,7577287.847921759,7526575.183621422,7632586.643145971
closed_3,470,12581,10515033.977987848,10441584.146740446,10595284.782064501
closed_3,580,12581,15168166.745088154,15060139.133271769,15289016.098833255
closed_3,710,12581,21523606.271893777,21363382.604838617,21702549.226552088
closed_3,870,12581,30537704.776694402,30301798.434492152,30805236.80860299
closed_3,1000,12581,38777729.61941012,38470251.12871356,39128447.84079092
closed_3,1070,12581,43540086.31186981,43185362.93656087,43939421.329991944
closed_3,1310,12581,61511904.3860055,60981121.59057318,62105301.929119706
closed_3,1610,12581,87330164.75963828,86536793.85854276,88218074.62851553
closed_3,1970,12581,122769425.18022753,121556971.03002012,124080150.35429545
closed_3,2410,12581,171846140.52531517,170007292.62378618,173768938.14889613
closed_3,2960,12581,240473496.67971745,237784950.82709527,243373488.00144356
closed_3,3620,12581,330574920.526185,326641710.6321035,334869504.4026641
closed_3,4440,12581,448952270.93562907,443135872.99931836,455251569.2985494
closed_3,5440,12581,593946001.3419858,585539113.8614167,603011773.2612092
closed_3,6660,12581,756505243.130352,744531187.1937605,769189184.4447632
closed_3,8160,12581,909582768.7734128,892800224.06059,927313488.0834098
closed_3,10000,12581,1001152230.3786818,978830262.9644613,1025564252.1781161
mountains,10,41521,8657.195852171508,8637.077632516657,8677.338705036576
mountains,20,41521,29696.13872185326,29623.43054875177,29776.59331665703
mountains,30,41521,62895.827620122785,62728.693374995244,63080.65885916806
mountains,40,41521,107781.22391211822,107479.49021720877,108107.33797250135
mountains,50,41521,163813.41293685243,163335.02383653336,164326.13096715882
mountains,60,41521,230630.93934482915,229938.29668947484,231374.23859802075
mountains,80,41521,395288.9587882858,394046.0047577393,396603.1378931206
mountains,90,41521,492537.5303161494,490970.42305209197,494205.97077162645
mountains,100,41521,599374.9598549517,597437.2504977838,601439.6864905353
mountains,110,41521,715558.2174050686,713230.256973857,718063.2158707639
mountains,140,41521,1117979.2976689816,1114204.975876746,1122069.9209782537
mountains,170,41521,1597104.4944820972,1591555.1365102606,1603144.9705163992
mountains,210,41521,2347482.771943662,2339068.8817724376,2356577.520684737
mountains,260,41521,3452545.8866598927,3439720.672986966,3466400.205248643
mountains,320,41521,5006014.140825023,4986818.1497487025,5027013.349555171
mountains,390,41521,7109667.52708965,7081472.759336529,7140751.112031591
mountains,470,41521,9872445.351613142,9831855.302102774,9917804.217590593
mountains,580,41521,14255219.182636388,14194503.057692945,14323562.353864359
mountains,710,41521,20250745.78887665,20161322.332748815,20351527.189159613
mountains,870,41521,28765138.427017488,28630996.863409378,28913306.751886338
mountains,1000,41521,36552562.74759274,36373081.20477399,36750732.04286686
mountains,1070,41521,41054027.9967535,40847311.635783516,41279170.68542061
mountains,1310,41521,58042657.240686804,57741750.53205821,58375181.628083475
mountains,1610,41521,82444130.77977431,81994294.41589206,82938963.65156047
mountains,1970,41521,115939475.44996324,115267009.24683918,116672038.86839241
mountains,2410,41521,162359788.02884895,161338955.36128464,163438277.42370534
mountains,2960,41521,227499085.16906467,225956766.13711616,229115275.9113622
mountains,3620,41521,313801078.1621211,311490159.40790224,316225448.2431594
mountains,4440,41521,429170915.4497884,425719228.99595284,432750965.6831332
mountains,5440,41521,574869096.9865302,569879238.6405451,580305363.2222018
mountains,6660,41521,748369506.0886712,741083198.7205596,756557446.2288641
mountains,8160,41521,938150953.0787028,927500946.2490246,950103712.5074766
mountains,10000,41521,1118732686.3968523,1102931609.7756467,1135342378.6578884
lowlands,10,4752,10669.461432912947,10540.796671480035,10794.335026797386
lowlands,20,4752,36227.31403547834,35732.726573768916,36729.208283288426
lowlands,30,4752,76595.37731646873,75488.48758448537,77721.1867385185
lowlands,40,4752,131796.56198103394,129829.95451868865,133813.0435648418
lowlands,50,4752,201128.34195767515,198033.6812954984,204261.9268931343
lowlands,60,4752,284240.2536101359,279762.204102466,288732.82723056007
lowlands,80,4752,490572.182188895,482550.7096979168,498556.6353658284
lowlands,90,4752,613235.646774964,603064.5517521756,623361.082436371
lowlands,100,4752,748576.0506025488,735996.6989911759,761099.5328850746
lowlands,110,4752,896361.9408273438,881114.1914880248,911537.6513091823
lowlands,140,4752,1412384.169780586,1387709.6230606097,1437079.8513130124
lowlands,170,4752,2033731.4536950842,1997557.8902983475,2070331.4424803634
lowlands,210,4752,3019186.052541116,2964482.594583903,3074820.4074777053
lowlands,260,4752,4493008.517131873,4409454.545278684,4578193.604785245
lowlands,320,4752,6602650.2684385795,6476623.638380948,6731457.800245429
lowlands,390,4752,9518499.320765827,9330796.799014658,9709242.31520033
lowlands,470,4752,13435282.890890658,13161957.763979515,13710426.365276985
lowlands,580,4752,19821446.305823646,19402842.89758989,20236761.5977191
lowlands,710,4752,28845992.31706276,28213203.266345702,29471202.28923288
lowlands,870,4752,42134367.321035035,41175357.1740392,43071499.22950898
lowlands,1000,4752,54694677.55154896,53418455.68314912,55938024.95614237
lowlands,1070,4752,62110306.25124079,60643667.99401969,63541047.6164157
lowlands,1310,4752,90979708.21362302,88770111.46169735,93155425.19801518
lowlands,1610,4752,134505429.67393163,131172712.17880575,137746347.77926013
lowlands,1970,4752,197543146.85999945,192571185.5277768,202458081.61323988
lowlands,2410,4752,290372975.14923966,282843127.16665465,297756915.76380926
lowlands,2960,4752,430347077.2562409,418805679.563175,441581745.5043264
lowlands,3620,4752,632503417.0129175,614943283.8514599,649567547.7995629
lowlands,4440,4752,933888425.6027037,907153291.3397152,960210421.8117777
lowlands,5440,4752,1373795089.868771,1332914319.8053515,1414253422.7579365
lowlands,6660,4752,2013483840.4764795,1951487415.742626,2075562119.3080301
lowlands,8160,4752,2945576404.8714113,2852160103.975395,3040410371.4856415
lowlands,10000,4752,4291530951.5972385,4150937942.304804,4435311605.351269
beginners,10,27609,8179.215830193768,8159.907373671115,8198.62135519218
beginners,20,27609,27684.06325629668,27612.249279851832,27760.693516443567
beginners,30,27609,58195.414345178535,58031.60752038773,58372.60844792515
beginners,40,27609,99381.82827883068,99086.59561112859,99704.40758323173
beginners,50,27609,150707.35552702818,150246.61340205913,151222.29852187526
beginners,60,27609,211837.2666142999,211163.40741177005,212579.01865925032
beginners,80,27609,362296.60221433535,361085.75414209533,363624.00972727337
beginners,90,27609,451084.2396480203,449551.0363257442,452779.2096315534
beginners,100,27609,548586.4915038715,546697.1295531644,550681.3806021411
beginners,110,27609,654581.5616064264,652301.9170569647,657124.517461416
beginners,140,27609,1021523.077315409,1017829.1047148268,1025732.7029655344
beginners,170,27609,1458183.8041880366,1452745.2453382104,1464306.728387616
beginners,210,27609,2141783.822742066,2133445.3848554427,2151113.2711128234
beginners,260,27609,3148113.722321997,3135518.5182197015,3162352.546796406
beginners,320,27609,4562205.288196783,4543465.090961313,4583902.02346081
beginners,390,27609,6476240.144625458,6448922.294853011,6508703.31278852
beginners,470,27609,8988531.19618071,8948701.929776272,9035629.398319881
beginners,580,27609,12970964.858860798,12910476.189303901,13041607.685384415
beginners,710,27609,18413723.472803775,18321862.566488072,18518276.567078996
beginners,870,27609,26135441.2715775,25995382.24964379,26291559.372828074
beginners,1000,27609,33192424.219315387,33004365.808897134,33399185.38542244
beginners,1070,27609,37269962.35882601,37053156.01167681,37506387.9109624
beginners,1310,27609,52651072.56031225,52326691.60552926,53005225.51630355
beginners,1610,27609,74733362.9561989,74250527.59152503,75267769.72000514
beginners,1970,27609,105050933.00519513,104334158.42224129,105854642.71611425
beginners,2410,27609,147101948.14364713,146007188.67208102,148290738.35815704
beginners,2960,27609,206222394.60045904,204574284.3498487,208039381.30501273
beginners,3620,27609,284844420.3615232,282411092.67237747,287583478.7143651
beginners,4440,27609,390667958.4904239,387074588.941617,394758558.31949973
beginners,5440,27609,525823207.3616182,520444809.9354848,532057259.0820952
beginners,6660,27609,689917083.371965,681440126.5682245,699102523.4943601
beginners,8160,27609,876043592.7460014,863130710.8688619,889857548.9998974
beginners,10000,27609,1067664035.3721335,1048708535.5924374,1088432252.7969558
beginners_mountains,10,25691,8088.086521711903,8069.602932285592,8106.482092443918
beginners_mountains,20,25691,27423.35955507134,27354.11259787602,27498.950373457847
beginners_mountains,30,25691,57681.30933338049,57518.301950139365,57857.45480421702
beginners_mountains,40,25691,98489.32210561485,98194.41888702044,98809.51770783926
beginners_mountains,50,25691,149320.5269919848,148856.49771719292,149819.6089285631
beginners_mountains,60,25691,209841.29256028414,209162.0775208684,210557.60412541416
beginners_mountains,80,25691,358725.6523773301,357495.2841261629,360024.20516667503
beginners_mountains,90,25691,446544.4883967875,444989.03683199413,448193.85053945385
beginners_mountains,100,25691,542953.9322113113,541035.7820061625,544987.5219868125
beginners_mountains,110,25691,647730.978762356,645388.2274477793,650196.1270866779
beginners_mountains,140,25691,1010252.8680247572,1006520.0838054558,1014233.146057026
beginners_mountains,170,25691,1441316.0604052613,1435795.4389313746,1447155.8893528238
beginners_mountains,210,25691,2115557.831461182,2107170.8546993695,2124490.982299538
beginners_mountains,260,25691,3107025.3182622683,3094192.2106813244,3120670.8033709778
beginners_mountains,320,25691,4498414.639323853,4479031.436726155,4519276.635545958
beginners_mountains,390,25691,6378845.431086293,6350022.556278986,6409631.886434838
beginners_mountains,470,25691,8842701.890409136,8800519.560483754,8887716.168664988
beginners_mountains,580,25691,12739582.54752404,12675500.1872765,12808655.32004141
beginners_mountains,710,25691,18050329.830496076,17954901.711099345,18153992.220870122
beginners_mountains,870,25691,25559585.30707512,25419381.695264667,25712728.53979115
beginners_mountains,1000,25691,32400464.639184166,32217297.453538988,32601049.11785336
beginners_mountains,1070,25691,36344712.25610269,36136285.151931554,36574663.41116949
beginners_mountains,1310,25691,51174974.67405732,50869192.66956675,51515566.59259705
beginners_mountains,1610,25691,72354051.59186316,71907724.6467125,72863097.80523029
beginners_mountains,1970,25691,101254174.72700113,100591817.42067942,101996198.6467705
beginners_mountains,2410,25691,141046405.84369376,140057127.0070031,142133143.83125606
beginners_mountains,2960,25691,196472096.6822185,194990653.07189912,198099688.83925673
beginners_mountains,3620,25691,269308941.178011,267126526.43510866,271704690.3517942
beginners_mountains,4440,25691,365736830.35491425,362468316.813478,369279650.1266442
beginners_mountains,5440,25691,485878381.3780737,480933288.55643487,491025728.2257871
beginners_mountains,6660,25691,625978499.356962,618436528.1338985,633558747.596519
beginners_mountains,8160,25691,773780762.4250122,762582616.5941693,784828456.8928891
beginners_mountains,10000,25691,905260318.3654573,889417899.5718814,920951672.758576
beginners_lowlands,10,1918,9399.8639345774,9279.400926182041,9518.909483168442
beginners_lowlands,20,1918,31176.106420103162,30724.660397164356,31617.93618653174
beginners_lowlands,30,1918,65081.68747244915,64092.470389836584,66048.27297717195
beginners_lowlands,40,1918,111336.66461673222,109566.01876553269,113044.0901805461
beginners_lowlands,50,1918,169283.4826875161,166510.25006370357,171983.54852486632
beginners_lowlands,60,1918,238572.7042690089,234635.11743910462,242459.40428115719
beginners_lowlands,80,1918,410128.33957746375,403084.2817494654,417056.72213166783
beginners_lowlands,90,1918,511892.76383751,502978.7111998812,520685.6730217038
beginners_lowlands,100,1918,624032.8318506435,613046.2787257824,634921.0697667808
beginners_lowlands,110,1918,746342.9400459585,733059.9398084716,759551.3501903724
beginners_lowlands,140,1918,1172483.9463905012,1150999.003088816,1193960.80399248
beginners_lowlands,170,1918,1684121.8675473568,1652359.7137466935,1715685.495950855
beginners_lowlands,210,1918,2493072.635045111,2444360.828825058,2541607.7335512694
beginners_lowlands,260,1918,3698479.8269614936,3624302.0692493916,3772876.7061046427
beginners_lowlands,320,1918,5416660.741895804,5303321.369096636,5529795.242054296
beginners_lowlands,390,1918,7780811.357104785,7613039.797119439,7949581.517087383
beginners_lowlands,470,1918,10941868.367493164,10699719.007046103,11187143.293799747
beginners_lowlands,580,1918,16070257.330472067,15703913.856435396,16445369.86117017
beginners_lowlands,710,1918,23281265.737937458,22734472.390202,23841298.82769773
beginners_lowlands,870,1918,33848848.77107081,33008724.482011832,34678800.16181892
beginners_lowlands,1000,1918,43800470.92064639,42691139.67370116,44893383.462130435
beginners_lowlands,1070,1918,49663393.218608,48394193.93109935,50910162.57717975
beginners_lowlands,1310,1918,72422934.28908293,70523626.4402555,74316016.25812048
beginners_lowlands,1610,1918,106603481.96618366,103714820.77231564,109495214.40673614
beginners_lowlands,1970,1918,155907302.62202272,151545636.98536998,160256412.0547601
beginners_lowlands,2410,1918,228214011.34912193,221656321.11224458,234672609.51121357
beginners_lowlands,2960,1918,336824534.23419136,326809364.1104089,346837800.3605217
beginners_lowlands,3620,1918,492937223.12671083,477713017.46295744,508266333.41147697
beginners_lowlands,4440,1918,724612490.77897,701568687.17183,748179394.6785213
beginners_lowlands,5440,1918,1060871447.3737324,1026001743.4066709,1096745688.1542225
beginners_lowlands,6660,1918,1546354081.249704,1492579609.723941,1601293302.0925834
beginners_lowlands,8160,1918,2245821681.2634606,2163988960.648227,2329382076.0128183
beginners_lowlands,10000,1918,3243010173.8594017,3118106594.695864,3367437745.3239274
beginners_alt0,10,703,9929.910418839829,9759.67888686018,10105.379499729263
beginners_alt0,20,703,32984.404973353056,32307.358971887134,33677.49388931902
beginners_alt0,30,703,68717.06075735996,67213.486009951,70275.07809805908
beginners_alt0,40,703,117637.5576859107,114955.98373494485,120391.75281777374
beginners_alt0,50,703,179084.40019312396,174844.9927152157,183394.0489375192
beginners_alt0,60,703,252688.92173807105,246578.28319948402,258866.3830805318
beginners_alt0,80,703,435370.01378963445,424561.4811803003,446336.577385319
beginners_alt0,90,703,543990.9207756317,530237.881377456,557899.8121058606
beginners_alt0,100,703,663866.5324577864,646870.6721867262,681062.3533953575
beginners_alt0,110,703,794800.8434719344,774228.4915601172,815629.6787167467
beginners_alt0,140,703,1252231.3876682837,1219115.5061650106,1285994.2397311013
beginners_alt0,170,703,1803391.63311372,1754266.3666971512,1853020.564404475
beginners_alt0,210,703,2678079.3260428896,2603949.8737390833,2753899.555181677
beginners_alt0,260,703,3987229.178362514,3874747.128185756,4103674.4523564954
beginners_alt0,320,703,5861981.557119393,5689647.185685633,6036853.500033263
beginners_alt0,390,703,8453752.33450388,8196461.0769454865,8711029.293806927
beginners_alt0,470,703,11936292.155956993,11564776.534403382,12310983.651864912
beginners_alt0,580,703,17617573.96469157,17049852.740524627,18187289.314343248
beginners_alt0,710,703,25654707.971079625,24796283.3697209,26501290.71207428
beginners_alt0,870,703,37509371.67867018,36227121.979057744,38766686.22020258
beginners_alt0,1000,703,48733585.94693288,47021647.77541988,50397363.81937477
beginners_alt0,1070,703,55366466.94511111,53394882.79815071,57280097.02243648
beginners_alt0,1310,703,81236032.64856452,78210669.99859197,84146375.02248332
beginners_alt0,1610,703,120381757.21963179,115751194.1338414,124790068.17725141
beginners_alt0,1970,703,177299167.12558568,170438038.31803864,183993502.26487815
beginners_alt0,2410,703,261475288.6646504,251251873.24386725,271627883.55946505
beginners_alt0,2960,703,389096771.72886497,373707534.8978225,404661048.8494451
beginners_alt0,3620,703,574715964.5608935,551587243.1691855,598262430.9899377
beginners_alt0,4440,703,853460014.0976497,818492636.8865854,889088825.7243953
beginners_alt0,5440,703,1262571149.104005,1209105491.7262166,1316734789.6163633
beginners_alt0,6660,703,1861131429.6506424,1780024672.6510084,1943173865.1305006
beginners_alt0,8160,703,2735216821.079127,2612173738.668535,2859564951.6230965
beginners_alt0,10000,703,3991524889.5567107,3804572992.2034264,4185876582.8436594
beginners_alt1,10,1215,9093.178602530914,8953.623848987141,9225.263401825894
beginners_alt1,20,1215,30129.823388881214,29610.146479123552,30629.024287499327
beginners_alt1,30,1215,62978.25749772299,61838.60188695741,64056.080936890074
beginners_alt1,40,1215,107690.96270098539,105656.55513862032,109618.63824657832
beginners_alt1,50,1215,163612.66375217252,160441.2102315649,166640.24863436344
beginners_alt1,60,1215,230405.04922312347,225823.72535764624,234774.865828559
beginners_alt1,80,1215,395523.48610326124,387391.04740509676,403265.9903058628
beginners_alt1,90,1215,493320.7438148768,483052.31331864273,503105.74863862636
beginners_alt1,100,1215,600985.019894411,588333.5547915942,613079.6076359189
beginners_alt1,110,1215,718305.1572406401,703026.9126178571,732956.1303261844
beginners_alt1,140,1215,1126342.0112314208,1101636.762723155,1150069.9270957452
beginners_alt1,170,1215,1615112.2830262438,1578666.600172129,1650220.4736397231
beginners_alt1,210,1215,2386027.611364917,2330050.7266582963,2440217.202291298
beginners_alt1,260,1215,3531409.214587074,3445608.5002419986,3614323.2639859277
beginners_alt1,320,1215,5158997.751688225,5028597.228240075,5284675.413094784
beginners_alt1,390,1215,7391447.15372081,7197571.788752481,7576272.215663965
beginners_alt1,470,1215,10366493.945032196,10084800.15493239,10635605.364001628
beginners_alt1,580,1215,15174978.652401036,14749299.525913553,15584117.24226418
beginners_alt1,710,1215,21907990.10839098,21274728.061364066,22525068.75505662
beginners_alt1,870,1215,31730867.203957804,30779328.476293176,32672082.47331863
beginners_alt1,1000,1215,40946166.50626008,39682594.30523164,42184713.88093866
beginners_alt1,1070,1215,46363590.06656553,44911339.38353625,47779915.81941618
beginners_alt1,1310,1215,67323668.32470784,65119634.70479288,69461896.26867068
beginners_alt1,1610,1215,98631360.5643944,95223560.83691284,101890615.98120901
beginners_alt1,1970,1215,143529952.21378863,138402129.63029408,148457034.52939373
beginners_alt1,2410,1215,208969008.9188205,201276169.1916142,216413144.99678
beginners_alt1,2960,1215,306579774.5973548,294871149.9094057,317934423.9790912
beginners_alt1,3620,1215,445619976.0252871,427899437.24288416,462629438.56272423
beginners_alt1,4440,1215,650061207.7394363,622560297.7881898,675773351.5724362
beginners_alt1,5440,1215,944167833.9446124,902535826.249842,983550118.4018248
beginners_alt1,6660,1215,1364223648.3889177,1300788483.4633079,1422382272.194565
beginners_alt1,8160,1215,1962657250.5717597,1864902184.6655052,2054216914.7332332
beginners_alt1,10000,1215,2809918943.295446,2660138787.681951,2947179399.775694
beginners_alt2,10,13757,7871.849807564347,7845.635449624215,7898.504319036914
beginners_alt2,20,13757,26586.749524961866,26485.896276407588,26688.53236214754
beginners_alt2,30,13757,55766.78016498975,55534.12105941877,56002.26757589211
beginners_alt2,40,13757,95054.33408527331,94631.93716388122,95474.52949493342
beginners_alt2,50,13757,143928.27577662564,143262.6741233668,144593.20576235786
beginners_alt2,60,13757,202061.0217670746,201092.39210699053,203032.85629525714
beginners_alt2,80,13757,344911.664938999,343163.86659656605,346644.59214994794
beginners_alt2,90,13757,429104.73620421183,426886.67499765794,431304.74369329505
beginners_alt2,100,13757,521493.12780127075,518745.1844235732,524201.2085534964
beginners_alt2,110,13757,621860.2141638177,618530.0607473631,625132.5612997862
beginners_alt2,140,13757,968903.2111253036,963480.5101408126,974248.0950932747
beginners_alt2,170,13757,1381265.851016955,1373226.5115846766,1389253.9249623937
beginners_alt2,210,13757,2025870.6281110288,2013456.1096509236,2038023.126436076
beginners_alt2,260,13757,2973331.798077349,2954062.6014393694,2991920.2525304994
beginners_alt2,320,13757,4302559.290670777,4273419.695793325,4330452.398755995
beginners_alt2,390,13757,6098562.77216537,6055599.532625913,6139382.351757016
beginners_alt2,470,13757,8451103.151277097,8389896.250451911,8509373.930045048
beginners_alt2,580,13757,12169720.635487821,12078341.046156665,12258618.35068981
beginners_alt2,710,13757,17231735.25153215,17094877.344481397,17363627.049057685
beginners_alt2,870,13757,24375349.240543664,24175167.37992197,24572527.207867887
beginners_alt2,1000,13757,30867033.49879028,30607492.063833408,31129158.394421123
beginners_alt2,1070,13757,34602888.01062694,34307395.796910524,34902008.16945349
beginners_alt2,1310,13757,48605471.453545146,48170421.93371642,49038658.0415324
beginners_alt2,1610,13757,68496226.85618447,67852334.03405361,69132747.84019579
beginners_alt2,1970,13757,95475013.46475658,94507136.12363636,96427569.30209993
beginners_alt2,2410,13757,132340149.66531387,130937400.0564455,133779545.80268317
beginners_alt2,2960,13757,183231942.9058772,181144758.60974395,185405360.28905773
beginners_alt2,3620,13757,249546897.3878308,246422685.0891634,252811802.21046034
beginners_alt2,4440,13757,336470281.12016255,331867114.68584263,341280310.4627122
beginners_alt2,5440,13757,443012016.856654,435997079.91678554,449990309.192183
beginners_alt2,6660,13757,564017129.6657896,553844494.5272211,574202541.8706168
beginners_alt2,8160,13757,687981923.6773245,672697275.2902938,702679994.1008561
beginners_alt2,10000,13757,798334784.1615436,775495008.1403581,819217121.7300111
beginners_alt3,10,11934,8337.35487067519,8311.307927268515,8363.706307187616
beginners_alt3,20,11934,28387.76748068009,28285.31446633132,28489.352099143733
beginners_alt3,30,11934,59888.29590699825,59656.211879442344,60128.23532040135
beginners_alt3,40,11934,102449.02800437798,102028.49850746908,102880.77514028687
beginners_alt3,50,11934,155536.48140540073,154872.3654652102,156221.9248081085
beginners_alt3,60,11934,218810.0528503948,217850.6587901234,219803.84641878208
beginners_alt3,80,11934,374649.8207357222,372912.3301596994,376434.895546794
beginners_alt3,90,11934,466648.28183681855,464436.4356148786,468933.513945749
beginners_alt3,100,11934,567693.0210557067,564971.367629465,570521.0456463767
beginners_alt3,110,11934,677553.6793306504,674267.6744871797,680977.9329257971
beginners_alt3,140,11934,1057918.9674018174,1052647.4819004964,1063565.865962026
beginners_alt3,170,11934,1510539.3493741516,1502816.116459321,1518959.2613530308
beginners_alt3,210,11934,2218945.3676173887,2207144.9947947767,2231602.316421279
beginners_alt3,260,11934,3261141.4366788934,3243111.7191807018,3280513.691516493
beginners_alt3,320,11934,4724188.230024339,4697352.857553872,4753098.971449667
beginners_alt3,390,11934,6701943.180271435,6662569.916942788,6745236.960777328
beginners_alt3,470,11934,9294120.011260387,9236821.89091061,9357832.277960949
beginners_alt3,580,11934,13396494.758340493,13309807.819174355,13491834.005147731
beginners_alt3,710,11934,18993970.321765065,18865414.576442443,19137201.728264693
beginners_alt3,870,11934,26924721.520186905,26732152.8919108,27137502.60654099
beginners_alt3,1000,11934,34168137.85842347,33912659.76098263,34447071.95941873
beginners_alt3,1070,11934,38352612.05038895,38056819.461359546,38673575.11265123
beginners_alt3,1310,11934,54136987.05922424,53695685.53900296,54612491.65522838
beginners_alt3,1610,11934,76801185.40187871,76136306.50248335,77510245.56502153
beginners_alt3,1970,11934,107916142.33925967,106930126.65018043,108970290.07322527
beginners_alt3,2410,11934,151082602.11032414,149612645.0240654,152636927.31409875
beginners_alt3,2960,11934,211734774.36791813,209586492.4305709,214052683.00394925
beginners_alt3,3620,11934,292089772.1166396,288863346.7634737,295499383.2474763
beginners_alt3,4440,11934,399474044.8531948,394719875.1728662,404544734.3233924
beginners_alt3,5440,11934,535292875.82429147,528176840.72258687,542539696.7357258
beginners_alt3,6660,11934,697404891.4167371,686772291.3750975,707809859.768531
beginners_alt3,8160,11934,872685959.7311999,856778445.7914664,887837462.5955166
beginners_alt3,10000,11934,1028519458.1378037,1005035791.4328558,1050357536.4523063
experts,10,16497,9898.482278508814,9857.550577985467,9942.546283817988
experts,20,16497,34345.48529523553,34186.39010337351,34511.65667122258
experts,30,16497,73376.4366500969,73025.97191899581,73746.99030070167
experts,40,16497,126405.64178597566,125782.44594290701,127064.72983479821
experts,50,16497,192848.4185282652,191874.93108755624,193882.2318082808
experts,60,16497,272306.6861449299,270908.70614840195,273801.01633084385
experts,80,16497,468776.44418896467,466294.6907288178,471434.95307828404
experts,90,16497,585127.859171592,581982.5790796883,588467.1153163031
experts,100,16497,713157.4011617898,709277.9739286307,717288.9149081713
experts,110,16497,852591.3018425655,847901.8875788804,857583.8318954401
experts,140,16497,1336859.2911168905,1329290.1637350789,1344873.8290782385
experts,170,16497,1915491.1351769606,1904459.634504607,1927200.8875884956
experts,210,16497,2825172.4567253813,2808226.084019412,2842860.4067890113
experts,260,16497,4171000.338662319,4145208.2587613347,4197776.962400851
experts,320,16497,6073127.47395034,6034444.8948929,6113808.482382847
experts,390,16497,8664896.670870952,8607984.088776337,8724979.463616127
experts,470,16497,12092624.679967491,12010984.908063097,12180376.608638674
experts,580,16497,17577866.213712364,17454427.88948218,17711761.280793823
experts,710,16497,25161727.373050775,24977381.629400827,25363403.66470806
experts,870,16497,36062540.29638947,35786411.20958869,36361371.99241004
experts,1000,16497,46143269.84651195,45782255.190057606,46537551.28618519
experts,1070,16497,52012007.13087888,51600642.68659939,52462525.67102053
experts,1310,16497,74394478.68034416,73774609.85816193,75075245.9571543
experts,1610,16497,107076401.30978574,106133804.52164245,108123979.08377804
experts,1970,16497,152752501.12847698,151319247.65235934,154322791.61738423
experts,2410,16497,217369079.82093343,215192449.25369686,219731409.56033722
experts,2960,16497,310291759.54105353,306980561.31213546,313903233.51750046
experts,3620,16497,437103124.23224986,432109432.6877713,442497289.07554656
experts,4440,16497,613288782.353692,605495635.1388882,621687519.760611
experts,5440,16497,848276061.7230719,836376738.434649,861256751.7435213
experts,6660,16497,1152261558.3140876,1133483248.6302023,1171985879.4180484
experts,8160,16497,1532683458.2968528,1503292107.966151,1563769491.3989367
experts,10000,16497,1987056652.9334052,1942373021.4890497,2034493712.2842066
experts_mountains,10,14038,9620.013507398979,9586.6259622695,9656.690308354959
experts_mountains,20,14038,33477.455695061035,33351.70240495764,33614.32015769232
experts_mountains,30,14038,71586.67231406737,71300.608553798,71901.81398048234
experts_mountains,40,14038,123280.20977831788,122774.87953476683,123844.07005532818
experts_mountains,50,14038,188003.9943744161,187207.01252274436,188889.9332433409
experts_mountains,60,14038,265350.44138935005,264203.54359857435,266627.5811733729
experts_mountains,80,14038,456397.7560416158,454338.55593202077,458670.1945846381
experts_mountains,90,14038,569427.1454764297,566828.589027862,572287.8584520463
experts_mountains,100,14038,693718.6541028628,690505.4970679333,697218.5611862299
experts_mountains,110,14038,828994.9385758545,825117.4451718229,833217.3559287242
experts_mountains,140,14038,1298218.2578402518,1292042.20741196,1305012.6836674444
experts_mountains,170,14038,1857830.3787669644,1848833.4871478584,1867854.1747477916
experts_mountains,210,14038,2735735.9283649484,2722160.084932445,2750897.5760381212
experts_mountains,260,14038,4031095.433019982,4010408.1653099502,4054196.8139452613
experts_mountains,320,14038,5856090.081608135,5825452.176214439,5890869.1065349765
experts_mountains,390,14038,8333747.687619799,8288740.142047094,8384853.911044294
experts_mountains,470,14038,11597388.627966119,11532945.894247953,11670817.252328767
experts_mountains,580,14038,16794478.24907402,16696720.726698274,16904762.879241943
experts_mountains,710,14038,23938280.70519739,23791863.66300034,24099937.156124502
experts_mountains,870,14038,34139343.12033402,33924575.97266438,34378460.1021069
experts_mountains,1000,14038,43515911.06605852,43235350.4796132,43831456.00958642
experts_mountains,1070,14038,48953208.884919435,48633542.20767372,49313205.6522763
experts_mountains,1310,14038,69568867.66207418,69088985.81842107,70110999.15320015
experts_mountains,1610,14038,99389751.02915652,98674473.3903817,100201321.88368028
experts_mountains,1970,14038,140615753.71975023,139559748.46456012,141823990.6360437
experts_mountains,2410,14038,198189287.1778455,196604755.94652635,199994221.5117812
experts_mountains,2960,14038,279668565.55216783,277283626.2387494,282393227.360225
experts_mountains,3620,14038,388597631.7008375,385020656.5929983,392737035.86119676
experts_mountains,4440,14038,535789557.5576732,530330496.73563474,542062215.6378893
experts_mountains,5440,14038,724425398.2102766,716390677.3179145,733817507.555403
experts_mountains,6660,14038,954071331.3576626,941672411.4391173,968117582.4970608
experts_mountains,8160,14038,1214454077.1343503,1196236457.526495,1235870789.2971187
experts_mountains,10000,14038,1477564817.8325706,1451108024.3729692,1509837645.2474284
experts_lowlands,10,2459,11488.211684299751,11316.647101972441,11659.226253124254
experts_lowlands,20,2459,39300.914139176224,38626.9904307623,39982.41437652641
experts_lowlands,30,2459,83593.88754443602,82078.22101710767,85129.03079422105
experts_lowlands,40,2459,144248.18530915564,141564.05225956015,146963.26296684894
experts_lowlands,50,2459,220504.38691855795,216316.17166047398,224715.11153888138
experts_lowlands,60,2459,312018.6682021945,306008.87216839223,318086.3504194744
experts_lowlands,80,2459,539444.2051537763,528758.1754718061,550221.3879241316
experts_lowlands,90,2459,674760.4817224997,661258.3421399966,688366.869730626
experts_lowlands,100,2459,824129.801004479,807516.5547976404,840873.7128246637
experts_lowlands,110,2459,987298.803891399,967200.4674499867,1007495.1066293765
experts_lowlands,140,2459,1557454.1773053268,1524680.8776073707,1589900.293429493
experts_lowlands,170,2459,2244666.2870612787,2196333.0995902093,2292372.2353582564
experts_lowlands,210,2459,3335749.9211920765,3261877.472559925,3408547.7796028447
experts_lowlands,260,2459,4969692.923211771,4856625.058567822,5081851.274202434
experts_lowlands,320,2459,7312155.905711221,7140388.953326392,7483506.301457226
experts_lowlands,390,2459,10555368.174278775,10298540.05034097,10809347.118637815
experts_lowlands,470,2459,14919840.49859113,14544686.743077772,15290064.310370622
experts_lowlands,580,2459,22050090.79589723,21474288.174661376,22611532.460280146
experts_lowlands,710,2459,32146169.960820314,31277263.93051661,32990015.62347211
experts_lowlands,870,2459,47041735.88706289,45728060.719306536,48319918.31141432
experts_lowlands,1000,2459,61142400.61511922,59393024.2546976,62842374.45118411
experts_lowlands,1070,2459,69474150.18772228,67463905.65922064,71431739.27985005
experts_lowlands,1310,2459,101943046.17707735,98911873.66718306,104883653.67868839
experts_lowlands,1610,2459,150958140.48809978,146311461.9313627,155450158.39395618
experts_lowlands,1970,2459,222039064.82253635,215055598.06505024,228796593.65589195
experts_lowlands,2410,2459,326863154.29172295,316268181.43491215,337003878.4860595
experts_lowlands,2960,2459,485114206.55852324,468935033.90702665,500512425.09611195
experts_lowlands,3620,2459,714012479.3180422,689540466.9670533,737433773.8639007
experts_lowlands,4440,2459,1055718273.0761448,1018369107.418858,1091217597.3464763
experts_lowlands,5440,2459,1555317791.854264,1498088214.9985008,1609571581.1806428
experts_lowlands,6660,2459,2283694826.315034,2196858199.5361867,2367317575.9338703
experts_lowlands,8160,2459,3349399217.8573637,3218116765.1232743,3477959935.0141068
experts_lowlands,10000,2459,4895656238.596472,4699478586.914747,5085781264.1038265
experts_alt0,10,955,12355.231587917135,12116.580652167046,12595.511621506912
experts_alt0,20,955,42400.053335042496,41443.28008774473,43355.372116861894
experts_alt0,30,955,90259.50573394791,88089.04591014642,92462.67714340483
experts_alt0,40,955,155985.1783114273,152102.11588183496,159928.13993448226
experts_alt0,50,955,238802.4537207235,232699.94558258698,244930.9661713216
experts_alt0,60,955,338389.37589651014,329569.76057625684,347222.37931652647
experts_alt0,80,955,586522.0515882737,570793.0921599803,602192.8155147845
experts_alt0,90,955,734522.7688713493,714602.8573115324,754338.8945652988
experts_alt0,100,955,898158.9467188041,873598.2466993738,922580.2138662463
experts_alt0,110,955,1077178.5246359787,1047472.650291366,1106675.8640176898
experts_alt0,140,955,1704499.8964169743,1656546.3897989248,1752259.5169467514
experts_alt0,170,955,2463504.9896593555,2392884.560236317,2533882.303924137
experts_alt0,210,955,3673374.4340023436,3566426.4265041323,3780216.153851186
experts_alt0,260,955,5493230.470434047,5329284.506287835,5655908.549186892
experts_alt0,320,955,8114206.12320014,7865436.432532243,8359223.474733729
experts_alt0,390,955,11759911.736530442,11390567.37198438,12123734.361359555
experts_alt0,470,955,16688566.629118582,16151584.77561571,17216806.662640285
experts_alt0,580,955,24779875.321577303,23962703.473248888,25586740.298622265
experts_alt0,710,955,36299553.600507304,35084041.3989971,37503142.325036675
experts_alt0,870,955,53388718.09842507,51578202.87911704,55187263.88401342
experts_alt0,1000,955,69640722.20479679,67258462.6837759,72021888.13697596
experts_alt0,1070,955,79272482.03871737,76552270.7052995,81995036.17975181
experts_alt0,1310,955,116974689.28004336,112914035.83389397,121053954.96247421
experts_alt0,1610,955,174291571.01488706,168173330.56131816,180485730.54744068
experts_alt0,1970,955,258056680.17832908,248882911.67553246,267343028.2713551
experts_alt0,2410,955,382524356.29979634,368618513.1122775,396327018.946409
experts_alt0,2960,955,572022966.0725061,551241078.8293622,592981990.5049883
experts_alt0,3620,955,848953398.0365791,817505164.2447059,880871679.8249377
experts_alt0,4440,955,1267041147.2555401,1218738197.5619843,1314888968.6899054
experts_alt0,5440,955,1885896337.6985784,1811584323.385449,1958203871.8526056
experts_alt0,6660,955,2798721763.714418,2684533301.990239,2908019601.844982
experts_alt0,8160,955,4147876312.9940424,3972799221.6486597,4315258526.970261
experts_alt0,10000,955,6123037788.968171,5859684789.773906,6372619037.975497
experts_alt1,10,1504,10937.677104542703,10744.936722941375,11141.535559442722
experts_alt1,20,1504,37333.04317371593,36576.360026299044,38146.86510533734
experts_alt1,30,1504,79361.39727117548,77670.7161906987,81200.8017295286
experts_alt1,40,1504,136795.5069067823,133802.41032002243,140077.91916556316
experts_alt1,50,1504,208885.6011498956,204237.2853888787,214025.74122317068
experts_alt1,60,1504,295273.9701649131,288578.28763469745,302631.9767432891
experts_alt1,80,1504,509551.0247382543,497610.4556080108,522670.2652439953
experts_alt1,90,1504,636813.0188055094,621724.199798568,653499.2234455725
experts_alt1,100,1504,777123.2623361406,758539.9511288542,797802.3362320602
experts_alt1,110,1504,930227.5716366947,907767.7133107146,955330.4660125151
experts_alt1,140,1504,1464084.0564598318,1428000.1004677545,1505016.4406944518
experts_alt1,170,1504,2105709.531089761,2052427.1541600728,2166307.3559461036
experts_alt1,210,1504,3121367.334932906,3040347.66408138,3213918.244154055
experts_alt1,260,1504,4637260.504596557,4511986.869701077,4778959.347100411
experts_alt1,320,1504,6802875.348728579,6612162.206180201,7016770.520009687
experts_alt1,390,1504,9790515.047982024,9506960.201363886,10106360.230615448
experts_alt1,470,1504,13796746.44629479,13385380.973441003,14256333.075340362
experts_alt1,580,1504,20316750.222742617,19690875.783823896,21012549.66964118
experts_alt1,710,1504,29508881.811949845,28568809.949465785,30557773.514326204
experts_alt1,870,1504,43011570.98556633,41593424.56053869,44596299.85828303
experts_alt1,1000,1504,55746192.42486532,53871915.586146995,57845420.8287652
experts_alt1,1070,1504,63252470.05627237,61096662.96358831,65657291.65604946
experts_alt1,1310,1504,92398352.58443591,89154945.74080028,95994814.590866
experts_alt1,1610,1504,136142032.67355064,131187481.9465477,141572250.5566634
experts_alt1,1970,1504,199168836.98690942,191666963.16442522,207338816.93545786
experts_alt1,2410,1504,291519771.36771375,280293589.6311007,303912731.86067045
experts_alt1,2960,1504,429929455.67032236,412641553.47311944,448926661.26786095
experts_alt1,3620,1504,628328584.7859902,601900446.1305976,657141230.9491401
experts_alt1,4440,1504,921533868.261433,881024602.3132359,965572422.9177881
experts_alt1,5440,1504,1345409207.2257323,1284090498.1658087,1411503273.0932438
experts_alt1,6660,1504,1956666418.591358,1864953434.4324675,2057635057.067914
experts_alt1,8160,1504,2842387498.538529,2702060902.080228,2996314360.3582783
experts_alt1,10000,1504,4116301597.236797,3901680965.928662,4348277893.463831
experts_alt2,10,7390,9354.641034434633,9310.432845347974,9400.161946048307
experts_alt2,20,7390,32389.15709361699,32220.57885380626,32574.080510764867
experts_alt2,30,7390,69093.08524482047,68712.52723163112,69508.15414016065
experts_alt2,40,7390,118836.6099221706,118156.17227624464,119579.98286418275
experts_alt2,50,7390,181064.2899421745,180000.91571529993,182226.76829171114
experts_alt2,60,7390,255382.97575134903,253856.046487098,257056.07066905824
experts_alt2,80,7390,438818.7091457901,436116.8162892975,441764.7028206231
experts_alt2,90,7390,547287.0072877822,543871.6850371239,551008.7974068816
experts_alt2,100,7390,666526.8224403992,662341.3659994107,671099.4207082755
experts_alt2,110,7390,796274.3969267097,791236.9120848317,801819.827820513
experts_alt2,140,7390,1246142.5194095462,1238065.1025350452,1254957.2690186235
experts_alt2,170,7390,1782454.999046325,1770493.338431708,1795386.2994000108
experts_alt2,210,7390,2623578.959457076,2605706.046062728,2643190.7234284226
experts_alt2,260,7390,3864520.781513739,3837204.684330053,3894157.6583704893
experts_alt2,320,7390,5612978.148977461,5571646.90360928,5657073.28624405
experts_alt2,390,7390,7987170.240434596,7924784.602140402,8051776.307785676
experts_alt2,470,7390,11115224.80653478,11025293.206650669,11208676.084699627
experts_alt2,580,7390,16096995.636083711,15962382.878930211,16236824.619361514
experts_alt2,710,7390,22943258.463954665,22743626.601485603,23150581.90359021
experts_alt2,870,7390,32712170.063299708,32420066.104111955,33023649.076798595
experts_alt2,1000,7390,41680319.693428785,41300369.50796663,42087323.895857364
experts_alt2,1070,7390,46875463.536096066,46442392.81141894,47340415.320617
experts_alt2,1310,7390,66537895.74775542,65899321.66756992,67230353.72796021
experts_alt2,1610,7390,94884756.21776868,93909960.57772206,95968973.10519087
experts_alt2,1970,7390,133911402.5736323,132450880.79391244,135500869.58228388
experts_alt2,2410,7390,188167776.57796395,186017601.93760484,190586812.4605346
experts_alt2,2960,7390,264621577.3321935,261424058.23873928,268228179.93816635
experts_alt2,3620,7390,366366794.9501069,361650432.4758807,371637179.8450649
experts_alt2,4440,7390,503027766.9663567,495875088.7886582,510961878.7143264
experts_alt2,5440,7390,676302397.2769597,665376006.976648,688111072.9334233
experts_alt2,6660,7390,884185679.3562411,867052645.815584,902667566.2765033
experts_alt2,8160,7390,1117786378.560621,1092595429.7364416,1145894296.931481
experts_alt2,10000,7390,1357018045.2955477,1318227807.3641455,1398411293.3020983
experts_alt3,10,6648,9915.004869493818,9868.856055496666,9965.305639721148
experts_alt3,20,6648,34687.22204052908,34496.22474252504,34886.56014007928
experts_alt3,30,6648,74358.57490758954,73911.18916161385,74812.64503327972
experts_alt3,40,6648,128219.77099025025,127416.70491727415,129027.39356961698
experts_alt3,50,6648,195718.25667198916,194457.95778321475,196978.1328241008
experts_alt3,60,6648,276430.4009358041,274610.41616980324,278238.74012038106
experts_alt3,80,6648,475938.8445735307,472721.9926671357,479125.9908948568
experts_alt3,90,6648,594038.4001716921,589949.6337951462,598054.1409523811
experts_alt3,100,6648,723945.434485772,718910.1392318313,728884.7057948086
experts_alt3,110,6648,865367.5021719915,859297.9769386734,871361.2036276546
experts_alt3,140,6648,1356106.3004098781,1346461.5282186088,1365800.967891195
experts_alt3,170,6648,1941618.5941904753,1927519.023341124,1955689.6521355624
experts_alt3,210,6648,2860411.018652131,2839217.7372504203,2881665.351051873
experts_alt3,260,6648,4216261.900323129,4184805.8222699906,4248345.524821568
experts_alt3,320,6648,6126336.348476453,6080206.749364343,6174208.388445116
experts_alt3,390,6648,8719007.515342167,8650937.982330188,8788897.801160246
experts_alt3,470,6648,12133367.96616986,12034031.361322282,12232820.229523886
experts_alt3,580,6648,17569808.650698546,17421404.43095375,17717773.504727926
experts_alt3,710,6648,25044359.881308123,24823899.706933443,25266357.935898945
experts_alt3,870,6648,35725806.55166415,35401853.676588245,36054934.98816474
experts_alt3,1000,6648,45556377.40837711,45120848.74633052,45993107.091805935
experts_alt3,1070,6648,51262856.617741905,50769066.0806119,51763977.04937281
experts_alt3,1310,6648,72938133.97477262,72203200.80061898,73690389.15939532
experts_alt3,1610,6648,104397559.641695,103304922.0689561,105513397.10981773
experts_alt3,1970,6648,148068394.35901377,146440291.9895179,149758158.19964504
experts_alt3,2410,6648,209329323.78030285,206907724.48747605,211838909.31959355
experts_alt3,2960,6648,296394985.9711833,292756442.6199204,300236317.96144897
experts_alt3,3620,6648,413309708.0528084,407903191.70647424,418867503.0876051
experts_alt3,4440,6648,572207973.9941702,564110681.5519912,580429419.2553406
experts_alt3,5440,6648,777919528.3091347,766170674.5718033,790023175.4755611
experts_alt3,6660,6648,1031757096.7443167,1014647434.5307643,1049624088.7891
experts_alt3,8160,6648,1321911100.6692286,1296614259.0277777,1349386436.2787201
experts_alt3,10000,6648,1611566118.8326688,1573840386.9274771,1650642275.618059
alps,10,32790,8558.33325643258,8536.126941253135,8579.96512923019
alps,20,32790,29603.984843747698,29517.578590753197,29690.873586588525
alps,30,32790,62828.451956773846,62630.11408487774,63032.759863523635
alps,40,32790,107724.07199848881,107363.11073860839,108092.09932393626
alps,50,32790,163784.73845323396,163216.13801698262,164369.65014593807
alps,60,32790,230659.91985363144,229831.26205295578,231506.1216753296
alps,80,32790,395563.8878384532,394106.3617181419,397070.70398043736
alps,90,32790,493019.32822994865,491176.43266533443,494929.698597567
alps,100,32790,600131.6209644584,597860.2257203278,602501.0364666566
alps,110,32790,716665.2292200056,713937.8651918294,719535.6417410113
alps,140,32790,1120659.704528018,1116185.2941928846,1125316.368400707
alps,170,32790,1602254.6975632214,1595686.033820369,1609102.763755452
alps,210,32790,2357506.2668076474,2347510.0888228933,2367891.622901703
alps,260,32790,3471421.1112480094,3456179.640564637,3487036.923588006
alps,320,32790,5039704.7620332595,5016830.103777537,5063052.25844174
alps,390,32790,7166204.487588505,7133008.233529099,7200607.451374947
alps,470,32790,9961647.877623845,9914384.958758578,10011022.866420688
alps,580,32790,14398505.058396257,14327080.724267934,14472507.755331941
alps,710,32790,20467649.657618865,20363105.099610817,20577068.784198344
alps,870,32790,29081351.710455466,28927447.94928824,29243078.705620937
alps,1000,32790,36952693.73959046,36751192.04458308,37166475.394983836
alps,1070,32790,41499646.48055848,41270894.23188003,41744231.88891802
alps,1310,32790,58643874.6562388,58305181.85934104,59008798.76195956
alps,1610,32790,83231859.60425283,82722525.29571012,83788198.82145932
alps,1970,32790,116928412.13890404,116175626.33121589,117749727.06847799
alps,2410,32790,163542895.51564825,162426323.4899363,164765381.63521162
alps,2960,32790,228812036.43792486,227156585.8801159,230612180.39147657
alps,3620,32790,315062978.1471006,312644937.45023346,317699405.7042508
alps,4440,32790,429926505.82539934,426385512.30187714,433793964.1807749
alps,5440,32790,573905180.8636094,568660426.068207,579586965.1052055
alps,6660,32790,742519960.5688839,734764840.1623442,750728168.4063047
alps,8160,32790,920054098.1391839,908664037.8388914,931848085.7325964
alps,10000,32790,1072812914.5260899,1056407371.99804,1089747646.3167882
pyrenees,10,2257,8670.590073303412,8591.584792715988,8747.744018615638
pyrenees,20,2257,28434.024330204687,28106.613400788192,28747.795043109494
pyrenees,30,2257,59778.72043902663,59031.442247396975,60511.10206067317
pyrenees,40,2257,101961.09179379651,100638.18099244712,103271.7819027701
pyrenees,50,2257,154390.90751713933,152314.5710537957,156459.26671823018
pyrenees,60,2257,216662.51543303832,213662.66457988517,219657.63406589467
pyrenees,80,2257,369126.867250233,363820.21189010335,374452.29389317724
pyrenees,90,2257,458621.33241262747,451913.52925406466,465338.53504080843
pyrenees,100,2257,556533.8905521267,548278.3244478833,564780.7998193783
pyrenees,110,2257,662573.0533282625,652616.733945764,672526.8667504792
pyrenees,140,2257,1026840.4662648588,1010921.6337102412,1042778.9227066924
pyrenees,170,2257,1455512.625259193,1432446.6116475111,1478948.1707658393
pyrenees,210,2257,2118202.9916332564,2083120.2210501714,2153470.7525597955
pyrenees,260,2257,3078854.974315276,3025250.6112937694,3132649.1212977087
pyrenees,320,2257,4405240.710870166,4323340.097766736,4484923.3748640055
pyrenees,390,2257,6167208.971649292,6048749.685535295,6284672.47989108
pyrenees,470,2257,8436091.999514116,8269135.771282524,8605718.776784709
pyrenees,580,2257,11960074.800577749,11709941.673167046,12213886.07651088
pyrenees,710,2257,16677754.942222092,16314534.605181767,17050104.606338143
pyrenees,870,2257,23238592.561416056,22716355.997451313,23785724.457934856
pyrenees,1000,2257,29140894.12326954,28457761.328818396,29853274.78287079
pyrenees,1070,2257,32519419.788756467,31745327.65488185,33330705.147996422
pyrenees,1310,2257,45093580.33781658,43944793.38306308,46272275.7429823
pyrenees,1610,2257,62801102.548162445,61133576.78182148,64557247.371369235
pyrenees,1970,2257,86586822.30179203,84124072.9294978,89075439.4509169
pyrenees,2410,2257,118675430.02758098,115240536.80233152,122367644.89548378
pyrenees,2960,2257,162160565.8818294,157045126.02944145,167589589.64743817
pyrenees,3620,2257,217366091.5549927,209802680.80327109,225416004.22927812
pyrenees,4440,2257,287779282.13631934,276557435.7837918,299374172.19022465
pyrenees,5440,2257,373161530.3809893,356284493.73621607,390140617.0799061
pyrenees,6660,2257,471217059.47153634,446300660.32415116,496583432.051413
pyrenees,8160,2257,573543962.0501484,537112698.2179804,613526623.1917738
pyrenees,10000,2257,666297530.150088,613373852.7307607,721935971.6343
channel_coast,10,1068,11756.42567503065,11441.05577099945,12102.080306303573
channel_coast,20,1068,40280.37684192256,38992.0294972667,41680.21626900235
channel_coast,30,1068,85325.6883453926,82435.70676450808,88505.10816219954
channel_coast,40,1068,147115.54449050504,141976.90872434122,152746.19768722146
channel_coast,50,1068,224961.7447229908,216908.89068202,233782.2090162536
channel_coast,60,1068,318478.0542008543,306813.7844653754,331121.7489947125
channel_coast,80,1068,551359.9458929305,530553.9228301906,573817.251773177
channel_coast,90,1068,690209.8455472073,663943.6973786677,718593.5870570951
channel_coast,100,1068,843695.8968810261,811341.6737029724,878741.3289544311
channel_coast,110,1068,1011594.2337563216,972532.1002833629,1053989.140808659
channel_coast,140,1068,1599838.2190335528,1536624.5545643761,1668356.5990281063
channel_coast,170,1068,2311355.499361473,2218183.961257287,2412033.5856154184
channel_coast,210,1068,3445377.2105600135,3303537.1505837026,3598091.2131095254
channel_coast,260,1068,5151313.92951467,4934864.597203285,5383910.0962480055
channel_coast,320,1068,7609179.269687209,7283232.925545824,7960385.328086538
channel_coast,390,1068,11029833.147448966,10545980.132056871,11552610.345149593
channel_coast,470,1068,15656730.397339314,14952705.723300202,16417831.229231158
channel_coast,580,1068,23257383.589662973,22185345.119143333,24422542.18784545
channel_coast,710,1068,34085349.71589432,32482145.74445492,35839932.503392085
channel_coast,870,1068,50157575.39794314,47758511.38771492,52813607.73026355
channel_coast,1000,1068,65451709.31368837,62274553.74468293,68961486.28972284
channel_coast,1070,1068,74519186.95388255,70868311.85246801,78526475.49554172
channel_coast,1310,1068,110040227.19697021,104507074.71140149,116057180.49220516
channel_coast,1610,1068,164117449.45929405,155728933.01205286,173136375.31471598
channel_coast,1970,1068,243240063.2966925,230773169.52865025,256793817.54462242
channel_coast,2410,1068,360967301.1506764,342339918.6168649,381310666.84512126
channel_coast,2960,1068,540440281.6310563,512137286.27996385,571237326.6838238
channel_coast,3620,1068,803153798.0345429,760717310.004562,849185739.6999667
channel_coast,4440,1068,1200609174.9543939,1136682431.030839,1269987142.759876
channel_coast,5440,1068,1789634667.3786476,1692720968.4910703,1895102547.5308886
channel_coast,6660,1068,2659329827.4613037,2512793592.8307877,2818784007.4988155
channel_coast,8160,1068,3944340890.4754276,3725471629.605484,4185136818.7573047
channel_coast,10000,1068,5825499563.712254,5499236435.786938,6185041296.6199465
champagne_lorraine,10,798,12732.080374635683,12486.211577791435,12994.860858422293
champagne_lorraine,20,798,44106.39455705651,43117.87143366575,45175.25003253814
champagne_lorraine,30,798,93838.83342994808,91611.8085144259,96305.43667572725
champagne_lorraine,40,798,162175.11591555562,158224.89200417534,166603.6914782497
champagne_lorraine,50,798,248330.58600131917,242165.3591370296,255259.55946874872
champagne_lorraine,60,798,352011.6172361664,343162.2581589311,362031.39720216417
champagne_lorraine,80,798,610707.7365441971,594907.2168036845,628521.9984150215
champagne_lorraine,90,798,765184.7786625929,745099.7370251371,787724.4751614332
champagne_lorraine,100,798,936098.5535227745,911212.7471487164,963822.7522989376
champagne_lorraine,110,798,1123216.946392606,1093166.0363338036,1156799.4897379414
champagne_lorraine,140,798,1779760.0183882082,1730906.838852048,1833792.9505722881
champagne_lorraine,170,798,2575403.2859269893,2503817.0752899996,2654640.1525959447
champagne_lorraine,210,798,3845596.3383067274,3735329.655749979,3965982.6588797346
champagne_lorraine,260,798,5759318.982347569,5589635.394289925,5942957.1703041075
champagne_lorraine,320,798,8520031.103143195,8265867.970098959,8796686.452831782
champagne_lorraine,390,798,12365421.431041813,11988636.090449061,12774249.069803467
champagne_lorraine,470,798,17569651.148981404,17015343.674137622,18162515.288080093
champagne_lorraine,580,798,26121547.932757568,25270266.21507624,27018582.088287372
champagne_lorraine,710,798,38301674.960021414,37021157.515857145,39645254.66739529
champagne_lorraine,870,798,56377323.06169739,54463985.79755613,58419130.50751049
champagne_lorraine,1000,798,73580915.42610282,71068003.93760122,76276721.71282536
champagne_lorraine,1070,798,83782553.04154065,80907299.19378614,86853366.83980694
champagne_lorraine,1310,798,123745910.3185119,119420873.50135535,128296759.20668933
champagne_lorraine,1610,798,184539896.3212075,177859819.1352108,191340316.46597
champagne_lorraine,1970,798,273334514.4971391,263273065.7987184,283569485.55837005
champagne_lorraine,2410,798,405388073.3438337,390225871.7010115,420754692.5471323
champagne_lorraine,2960,798,606893284.1336422,583630499.4026936,630133767.5021805
champagne_lorraine,3620,798,901731187.3955188,866245361.4123862,937122619.5255835
champagne_lorraine,4440,798,1347072232.1731343,1292632627.5839636,1401680738.6995015
champagne_lorraine,5440,798,2005779872.1665053,1923651209.2091846,2087929386.876944
champagne_lorraine,6660,798,2977390872.6644387,2853268632.5346627,3102946410.302263
champagne_lorraine,8160,798,4413802585.798513,4223292306.2037396,4601574945.761845
champagne_lorraine,10000,798,6514633614.903697,6225895611.112383,6802778813.960232
