discipline,statistic,days,offset_days,seed,archive_blocks,contributing_blocks,cohort_flights,flights_per_block_median,flights_per_block_p95,largest_block_fraction,size_balance_index,point,se,se_monte_carlo,low,high,valid_replicates,invalid_replicates,se_ratio
para,msd_100,1,0,20260918,6086,3642,46273,4.0,57.94999999999982,0.005597216519352538,829.5519419512533,614697.1473775379,2396.0045215497694,52.58439630615399,610834.3865885527,618848.4503124942,1000,0,1.6534320974618082
para,msd_1000,1,0,20260918,6086,3642,46273,4.0,57.94999999999982,0.005597216519352538,829.5519419512533,38415664.97888111,230406.00233728814,5073.817557058731,38038924.04889597,38823600.67728441,1000,0,1.6565839987736837
para,msd_10000,1,0,20260918,6086,3642,46273,4.0,57.94999999999982,0.005597216519352538,829.5519419512533,1444562811.0101764,22063309.628657144,502675.13164822606,1411335924.780979,1483201165.1500745,1000,0,1.4046737908371194
para,hurst,1,0,20260918,6086,3642,46273,4.0,57.94999999999982,0.005597216519352538,829.5519419512533,0.8822765078884933,0.0007368312634435882,1.6692126507288117e-05,0.8811685460432178,0.8835327778295574,1000,0,1.4217401688694713
para,msd_100,1,0,20260919,6086,3642,46273,4.0,57.94999999999982,0.005597216519352538,829.5519419512533,614697.1473775379,2475.7899876951287,56.427057340143385,610602.9999488108,618856.9720273318,1000,0,1.708490361938856
para,msd_1000,1,0,20260919,6086,3642,46273,4.0,57.94999999999982,0.005597216519352538,829.5519419512533,38415664.97888111,240556.3017668082,5498.356701425386,38016374.33119012,38821287.30482597,1000,0,1.7295631028210237
para,msd_10000,1,0,20260919,6086,3642,46273,4.0,57.94999999999982,0.005597216519352538,829.5519419512533,1444562811.0101764,22861121.477393515,515142.1800205613,1409173445.33838,1484580160.5265195,1000,0,1.4554669588976221
para,hurst,1,0,20260919,6086,3642,46273,4.0,57.94999999999982,0.005597216519352538,829.5519419512533,0.8822765078884933,0.0007729116812816521,1.752170696938979e-05,0.8810363494209088,0.8836282676592936,1000,0,1.491358522344639
para,msd_100,2,0,20260918,3438,2413,46273,5.0,90.0,0.007736693103969918,547.5564632380901,614697.1473775363,2706.6412971456834,57.73140580505883,610229.2823568017,619102.3051546612,1000,0,1.8677959731568803
para,msd_1000,2,0,20260918,3438,2413,46273,5.0,90.0,0.007736693103969918,547.5564632380901,38415664.97888111,256098.39831779728,5428.02327353302,37995701.7450971,38826051.85545919,1000,0,1.8413084054285216
para,msd_10000,2,0,20260918,3438,2413,46273,5.0,90.0,0.007736693103969918,547.5564632380901,1444562811.010176,25033204.77255572,580987.7117527849,1403837891.7456567,1486019915.7458389,1000,0,1.5937539397532308
para,hurst,2,0,20260918,3438,2413,46273,5.0,90.0,0.007736693103969918,547.5564632380901,0.8822765078884934,0.0008343303004405375,1.9590458151690943e-05,0.8809107301291221,0.8836091119791774,1000,0,1.6098677690432472
para,msd_100,2,0,20260919,3438,2413,46273,5.0,90.0,0.007736693103969918,547.5564632380901,614697.1473775363,2609.2616134277487,59.21064627106495,610405.2906957201,619022.5007940576,1000,0,1.8005963108641863
para,msd_1000,2,0,20260919,3438,2413,46273,5.0,90.0,0.007736693103969918,547.5564632380901,38415664.97888111,251807.68750470437,5626.931479976485,37994552.22455347,38831918.51301793,1000,0,1.8104588494090141
para,msd_10000,2,0,20260919,3438,2413,46273,5.0,90.0,0.007736693103969918,547.5564632380901,1444562811.010176,25115215.588444006,592321.338842661,1403406267.6843495,1486328520.997725,1000,0,1.5989752073500838
para,hurst,2,0,20260919,3438,2413,46273,5.0,90.0,0.007736693103969918,547.5564632380901,0.8822765078884934,0.0008399473059126604,1.9740550538623693e-05,0.8808056218092161,0.8836258598163638,1000,0,1.6207059659340177
para,msd_100,2,1,20260918,3434,2368,46273,5.0,88.65000000000009,0.008687571586022087,535.3946725343968,614697.1473775362,2650.3007415561287,59.027514779124765,610160.2162899845,619116.5798034968,1000,0,1.8289165461095778
para,msd_1000,2,1,20260918,3434,2368,46273,5.0,88.65000000000009,0.008687571586022087,535.3946725343968,38415664.97888108,253793.32999817087,5720.712254662903,37987989.71891497,38853588.690505035,1000,0,1.8247353159445794
para,msd_10000,2,1,20260918,3434,2368,46273,5.0,88.65000000000009,0.008687571586022087,535.3946725343968,1444562811.0101771,24689032.659072977,571666.9898267998,1406344779.2888565,1487505785.6369298,1000,0,1.5718420164976963
para,hurst,2,1,20260918,3434,2368,46273,5.0,88.65000000000009,0.008687571586022087,535.3946725343968,0.8822765078884934,0.0008289277354509815,1.9267062316752744e-05,0.8809500704113434,0.8836638879846084,1000,0,1.599443342119935
para,msd_100,2,1,20260919,3434,2368,46273,5.0,88.65000000000009,0.008687571586022087,535.3946725343968,614697.1473775362,2763.4645471532654,62.41832258665185,610233.2090653164,619502.3612610464,1000,0,1.9070084974236803
para,msd_1000,2,1,20260919,3434,2368,46273,5.0,88.65000000000009,0.008687571586022087,535.3946725343968,38415664.97888108,262563.32646119205,5923.678694664804,37985608.89880858,38867491.10173216,1000,0,1.8877902522854957
para,msd_10000,2,1,20260919,3434,2368,46273,5.0,88.65000000000009,0.008687571586022087,535.3946725343968,1444562811.0101771,25920893.753747195,578302.551903551,1403634769.7462444,1487789660.765548,1000,0,1.6502691891551158
para,hurst,2,1,20260919,3434,2368,46273,5.0,88.65000000000009,0.008687571586022087,535.3946725343968,0.8822765078884934,0.0008555180326102995,1.8903568626540153e-05,0.8809495797821467,0.8836600570469502,1000,0,1.6507501954650259
para,msd_100,4,0,20260918,1863,1476,46273,8.0,148.25,0.009487173945929591,381.63463918238705,614697.1473775364,2904.6343176342393,62.91565599204588,609657.1847846521,619329.5334585777,1000,0,2.004426773393203
para,msd_1000,4,0,20260918,1863,1476,46273,8.0,148.25,0.009487173945929591,381.63463918238705,38415664.97888116,277726.7308716198,5871.7654050238425,37940312.942347474,38866934.88141753,1000,0,1.996812816187615
para,msd_10000,4,0,20260918,1863,1476,46273,8.0,148.25,0.009487173945929591,381.63463918238705,1444562811.010181,26776889.677763917,594738.4581808848,1402146387.9115088,1487736666.849064,1000,0,1.7047666811346485
para,hurst,4,0,20260918,1863,1476,46273,8.0,148.25,0.009487173945929591,381.63463918238705,0.8822765078884938,0.000905822280396349,2.0161575407513648e-05,0.8808247577495514,0.8837037466221122,1000,0,1.7478138968719699
para,msd_100,4,0,20260919,1863,1476,46273,8.0,148.25,0.009487173945929591,381.63463918238705,614697.1473775364,2894.3064819166393,72.26895738846393,610015.977926258,619465.286925328,1000,0,1.9972997521713283
para,msd_1000,4,0,20260919,1863,1476,46273,8.0,148.25,0.009487173945929591,381.63463918238705,38415664.97888116,278737.1800267626,6851.338898347859,37960739.766454004,38889134.949496575,1000,0,2.004077791426991
para,msd_10000,4,0,20260919,1863,1476,46273,8.0,148.25,0.009487173945929591,381.63463918238705,1444562811.010181,27800459.889454767,658623.3284127567,1400778925.900747,1491117721.5705614,1000,0,1.769932890268398
para,hurst,4,0,20260919,1863,1476,46273,8.0,148.25,0.009487173945929591,381.63463918238705,0.8822765078884938,0.0009419485116042494,2.1941602976544213e-05,0.8807800434237042,0.8838086730097396,1000,0,1.8175206487517646
para,msd_100,4,1,20260918,1848,1465,46273,9.0,146.0,0.011432152659218119,363.45556739429963,614697.1473775369,2848.468849597777,62.9200540199393,609933.2688787173,619451.9172733218,1000,0,1.965668170567034
para,msd_1000,4,1,20260918,1848,1465,46273,9.0,146.0,0.011432152659218119,363.45556739429963,38415664.97888113,271970.8600361019,5972.921308484567,37965390.26891544,38868496.18207818,1000,0,1.9554289831780534
para,msd_10000,4,1,20260918,1848,1465,46273,9.0,146.0,0.011432152659218119,363.45556739429963,1444562811.0101788,25560337.744233586,555798.9569158728,1403946195.6418893,1487899625.346506,1000,0,1.6273141753690263
para,hurst,4,1,20260918,1848,1465,46273,9.0,146.0,0.011432152659218119,363.45556739429963,0.8822765078884935,0.0008552394017874985,1.857097581767319e-05,0.8808940103223017,0.8837108434454192,1000,0,1.6502125681238486
para,msd_100,4,1,20260919,1848,1465,46273,9.0,146.0,0.011432152659218119,363.45556739429963,614697.1473775369,2883.2387510584867,65.01831088181488,609873.5179846155,619359.6675737968,1000,0,1.9896621449454865
para,msd_1000,4,1,20260919,1848,1465,46273,9.0,146.0,0.011432152659218119,363.45556739429963,38415664.97888113,273014.2174957689,6041.708851966815,37961701.9014174,38862705.01722359,1000,0,1.9629305641054258
para,msd_10000,4,1,20260919,1848,1465,46273,9.0,146.0,0.011432152659218119,363.45556739429963,1444562811.0101788,26392478.831690926,556103.2248453799,1404393133.3608963,1488178693.7384503,1000,0,1.6802929349251994
para,hurst,4,1,20260919,1848,1465,46273,9.0,146.0,0.011432152659218119,363.45556739429963,0.8822765078884935,0.0008764127809701578,1.800554244231992e-05,0.8809242849172875,0.88369266407055,1000,0,1.6910672999847154
para,msd_100,4,2,20260918,1854,1477,46273,8.0,142.20000000000005,0.013377131372506646,352.1751134845408,614697.1473775373,3022.5070018929637,68.88794292762611,609628.8768326223,619638.8980534569,1000,0,2.085768222382329
para,msd_1000,4,2,20260918,1854,1477,46273,8.0,142.20000000000005,0.013377131372506646,352.1751134845408,38415664.9788811,287472.0123509198,6526.84607142075,37936054.11553071,38882992.68002718,1000,0,2.066879902975229
para,msd_10000,4,2,20260918,1854,1477,46273,8.0,142.20000000000005,0.013377131372506646,352.1751134845408,1444562811.0101771,26973923.022094958,623499.9976608261,1400336172.952422,1488988219.930343,1000,0,1.717310926733383
para,hurst,4,2,20260918,1854,1477,46273,8.0,142.20000000000005,0.013377131372506646,352.1751134845408,0.8822765078884934,0.0009136124097059524,2.1163227173257694e-05,0.8808121424421214,0.8837234041063481,1000,0,1.7628452077156342
para,msd_100,4,2,20260919,1854,1477,46273,8.0,142.20000000000005,0.013377131372506646,352.1751134845408,614697.1473775373,2859.0305640433576,64.18345307734842,609869.3821898333,619431.8859338984,1000,0,1.9729565865576906
para,msd_1000,4,2,20260919,1854,1477,46273,8.0,142.20000000000005,0.013377131372506646,352.1751134845408,38415664.9788811,275536.15945402614,6309.646451491169,37974462.42822266,38869853.37932424,1000,0,1.9810629419580177
para,msd_10000,4,2,20260919,1854,1477,46273,8.0,142.20000000000005,0.013377131372506646,352.1751134845408,1444562811.0101771,26504732.088182606,641785.3500339101,1402608268.0397,1488052720.15968,1000,0,1.6874396055736127
para,hurst,4,2,20260919,1854,1477,46273,8.0,142.20000000000005,0.013377131372506646,352.1751134845408,0.8822765078884934,0.0008871001441596566,2.126419582106515e-05,0.8808975249458859,0.8837297228390207,1000,0,1.7116889189355657
para,msd_100,8,0,20260918,972,844,46273,16.0,234.8499999999999,0.016834871307241803,246.10782850948593,614697.1473775365,3165.4322958253324,74.90909357008637,609654.6095789438,619963.3613910566,1000,0,2.1843979479949036
para,msd_1000,8,0,20260918,972,844,46273,16.0,234.8499999999999,0.016834871307241803,246.10782850948593,38415664.97888114,301006.16794696584,7092.489168150723,37936587.4597576,38905099.13542102,1000,0,2.1641884165117045
para,msd_10000,8,0,20260918,972,844,46273,16.0,234.8499999999999,0.016834871307241803,246.10782850948593,1444562811.0101793,28568871.660343505,597743.0096159341,1397865537.2221029,1489895960.4039743,1000,0,1.8188542848055167
para,hurst,8,0,20260918,972,844,46273,16.0,234.8499999999999,0.016834871307241803,246.10782850948593,0.8822765078884935,0.0009653617645373482,2.052815573473962e-05,0.8806816902875401,0.8837858630783623,1000,0,1.862697290719042
para,msd_100,8,0,20260919,972,844,46273,16.0,234.8499999999999,0.016834871307241803,246.10782850948593,614697.1473775365,3225.8970840122483,70.00656102487345,609474.964470711,620131.4409802809,1000,0,2.2261234208207274
para,msd_1000,8,0,20260919,972,844,46273,16.0,234.8499999999999,0.016834871307241803,246.10782850948593,38415664.97888114,308074.27055510844,6751.306316581859,37912456.02359921,38924138.77916273,1000,0,2.21500699573083
para,msd_10000,8,0,20260919,972,844,46273,16.0,234.8499999999999,0.016834871307241803,246.10782850948593,1444562811.0101793,28459089.38157904,615361.6049807493,1398126125.5713258,1490531652.2431126,1000,0,1.811864930430572
para,hurst,8,0,20260919,972,844,46273,16.0,234.8499999999999,0.016834871307241803,246.10782850948593,0.8822765078884935,0.0009658128580631831,2.1072377721246548e-05,0.8807157626550488,0.8837941668978476,1000,0,1.8635676905207539
para,msd_100,8,2,20260918,970,846,46273,16.0,241.0,0.017828971538478164,240.79740697427138,614697.1473775374,3175.854132059764,70.01276413043594,609310.0730531254,619814.926414123,1000,0,2.1915898369873976
para,msd_1000,8,2,20260918,970,846,46273,16.0,241.0,0.017828971538478164,240.79740697427138,38415664.978881136,302051.83185097843,6645.384216301102,37902056.537257105,38906889.22014087,1000,0,2.1717065804219775
para,msd_10000,8,2,20260918,970,846,46273,16.0,241.0,0.017828971538478164,240.79740697427138,1444562811.010177,28188545.019221384,612095.8377732002,1399815753.7892654,1491790313.7711854,1000,0,1.79464056194467
para,hurst,8,2,20260918,970,846,46273,16.0,241.0,0.017828971538478164,240.79740697427138,0.8822765078884937,0.0009497481449901342,2.0693918114156495e-05,0.8807452805166194,0.8838359591950171,1000,0,1.8325702980233536
para,msd_100,8,2,20260919,970,846,46273,16.0,241.0,0.017828971538478164,240.79740697427138,614697.1473775374,3267.7409751046957,73.39149879503641,609192.2756466508,619991.2319911959,1000,0,2.254999005984564
para,msd_1000,8,2,20260919,970,846,46273,16.0,241.0,0.017828971538478164,240.79740697427138,38415664.978881136,307323.5926864487,6782.169621043788,37886933.652696125,38913723.2217227,1000,0,2.2096097364023395
para,msd_10000,8,2,20260919,970,846,46273,16.0,241.0,0.017828971538478164,240.79740697427138,1444562811.010177,27210630.699394487,609327.2555743979,1398808016.2150812,1485937024.5294735,1000,0,1.7323810624468714
para,hurst,8,2,20260919,970,846,46273,16.0,241.0,0.017828971538478164,240.79740697427138,0.8822765078884937,0.0009214253973326031,2.0620563512251156e-05,0.8807167959831282,0.8836309317199794,1000,0,1.7779206244342138
para,msd_100,8,5,20260918,970,842,46273,15.0,240.94999999999993,0.011972424524020487,244.04783470416137,614697.1473775373,3234.422127454398,69.73472193598958,609582.7697333337,619802.0436946691,1000,0,2.232006373182766
para,msd_1000,8,5,20260918,970,842,46273,15.0,240.94999999999993,0.011972424524020487,244.04783470416137,38415664.97888108,304715.82865830645,6600.073836264809,37921993.65258888,38906307.774872705,1000,0,2.190860310963005
para,msd_10000,8,5,20260918,970,842,46273,15.0,240.94999999999993,0.011972424524020487,244.04783470416137,1444562811.0101788,26833003.95877438,586964.1983449821,1399169389.1054156,1488893608.6614895,1000,0,1.7083392303647371
para,hurst,8,5,20260918,970,842,46273,15.0,240.94999999999993,0.011972424524020487,244.04783470416137,0.8822765078884937,0.000910195361850592,2.0175009770880176e-05,0.8807746087548232,0.883757069634798,1000,0,1.7562519014378704
para,msd_100,8,5,20260919,970,842,46273,15.0,240.94999999999993,0.011972424524020487,244.04783470416137,614697.1473775373,3342.2079905252726,72.00721263990243,608926.0337064158,619986.2393823032,1000,0,2.306387119984836
para,msd_1000,8,5,20260919,970,842,46273,15.0,240.94999999999993,0.011972424524020487,244.04783470416137,38415664.97888108,309053.6077814913,6610.469191364142,37897332.08851279,38903389.52855714,1000,0,2.2220482809498425
para,msd_10000,8,5,20260919,970,842,46273,15.0,240.94999999999993,0.011972424524020487,244.04783470416137,1444562811.0101788,26906676.094395544,569422.1375540383,1401424460.8339074,1490809102.4508622,1000,0,1.713029610899833
para,hurst,8,5,20260919,970,842,46273,15.0,240.94999999999993,0.011972424524020487,244.04783470416137,0.8822765078884937,0.0009032571833148357,1.892412890473361e-05,0.8808492599111293,0.8838267299718128,1000,0,1.742864457646504
para,msd_100,16,0,20260918,502,457,46273,30.0,408.4,0.01886629351889871,153.8739202026672,614697.147377537,3697.9456328861356,81.0603403026467,608250.8592912364,620618.7390348308,1000,0,2.5518741509418525
para,msd_1000,16,0,20260918,502,457,46273,30.0,408.4,0.01886629351889871,153.8739202026672,38415664.97888112,345350.3269123948,7756.441687928066,37839050.62951583,38974032.29731914,1000,0,2.483016152924879
para,msd_10000,16,0,20260918,502,457,46273,30.0,408.4,0.01886629351889871,153.8739202026672,1444562811.010179,29842892.766182017,658499.0337918169,1395065964.0973299,1495007350.6771185,1000,0,1.8999655997652751
para,hurst,16,0,20260918,502,457,46273,30.0,408.4,0.01886629351889871,153.8739202026672,0.8822765078884934,0.0010161400613124423,2.2850094398912698e-05,0.8806537064010724,0.8839830804900074,1000,0,1.96067568524933
para,msd_100,16,0,20260919,502,457,46273,30.0,408.4,0.01886629351889871,153.8739202026672,614697.147377537,3757.794452098066,83.24425802461278,608170.7963397078,620503.0777612253,1000,0,2.593174556592251
para,msd_1000,16,0,20260919,502,457,46273,30.0,408.4,0.01886629351889871,153.8739202026672,38415664.97888112,346871.5307763397,7577.605149343952,37830760.95640017,38963533.04967149,1000,0,2.4939533765836397
para,msd_10000,16,0,20260919,502,457,46273,30.0,408.4,0.01886629351889871,153.8739202026672,1444562811.010179,29990581.37458063,691548.8633554578,1395563316.394647,1494544710.5395691,1000,0,1.909368283266271
para,hurst,16,0,20260919,502,457,46273,30.0,408.4,0.01886629351889871,153.8739202026672,0.8822765078884934,0.0010197079732955853,2.3377741382036444e-05,0.8806029184364578,0.8839640052950585,1000,0,1.9675600888259617
para,msd_100,16,5,20260918,503,456,46273,30.5,435.0,0.02163248546668684,145.4470549524255,614697.1473775373,3768.778702477187,79.66683637943434,608665.6905540491,620962.434655596,1000,0,2.600754555703291
para,msd_1000,16,5,20260918,503,456,46273,30.5,435.0,0.02163248546668684,145.4470549524255,38415664.9788811,353766.9236052019,7270.903612175468,37852704.830932446,38996607.76732877,1000,0,2.543530198843809
para,msd_10000,16,5,20260918,503,456,46273,30.5,435.0,0.02163248546668684,145.4470549524255,1444562811.0101776,30688778.59382096,640479.697295433,1394578855.290638,1496741147.7072556,1000,0,1.9538194264179045
para,hurst,16,5,20260918,503,456,46273,30.5,435.0,0.02163248546668684,145.4470549524255,0.8822765078884937,0.001033248198876208,2.1361361976834036e-05,0.8805849353453623,0.883980397818637,1000,0,1.9936863996363323
para,msd_100,16,5,20260919,503,456,46273,30.5,435.0,0.02163248546668684,145.4470549524255,614697.1473775373,3685.120893475719,85.02142380681862,608656.9164314148,621010.4936731213,1000,0,2.543024069236226
para,msd_1000,16,5,20260919,503,456,46273,30.5,435.0,0.02163248546668684,145.4470549524255,38415664.9788811,345476.2484494857,7871.7839973748505,37857516.55202469,39009375.882191084,1000,0,2.4839215095619878
para,msd_10000,16,5,20260919,503,456,46273,30.5,435.0,0.02163248546668684,145.4470549524255,1444562811.0101776,30441308.73466992,682357.866210126,1395401437.9659233,1494852843.7040048,1000,0,1.9380641099661915
para,hurst,16,5,20260919,503,456,46273,30.5,435.0,0.02163248546668684,145.4470549524255,0.8822765078884937,0.0010241257632240448,2.307297910283287e-05,0.8805765666675732,0.8839740377579862,1000,0,1.9760843598640332
para,msd_100,16,10,20260918,505,454,46273,31.0,417.9999999999993,0.01828279990491215,157.0281771926931,614697.1473775369,3693.803702235865,82.40049802941901,608477.4707318696,620803.354626296,1000,0,2.549015892110943
para,msd_1000,16,10,20260918,505,454,46273,31.0,417.9999999999993,0.01828279990491215,157.0281771926931,38415664.97888112,343913.3640171861,7694.253745096373,37840791.361438274,38969725.91686649,1000,0,2.4726846089768637
para,msd_10000,16,10,20260918,505,454,46273,31.0,417.9999999999993,0.01828279990491215,157.0281771926931,1444562811.0101783,29152077.32549298,663997.5377155883,1397841642.418085,1493284241.6119273,1000,0,1.8559844219558903
para,hurst,16,10,20260918,505,454,46273,31.0,417.9999999999993,0.01828279990491215,157.0281771926931,0.8822765078884934,0.0009962077239060651,2.3058198077598013e-05,0.8806127854063658,0.8838663674370992,1000,0,1.9222155843333273
para,msd_100,16,10,20260919,505,454,46273,31.0,417.9999999999993,0.01828279990491215,157.0281771926931,614697.1473775369,3803.8472747378787,84.24030881064743,608507.3868310985,620907.6553386024,1000,0,2.6249546364904854
para,msd_1000,16,10,20260919,505,454,46273,31.0,417.9999999999993,0.01828279990491215,157.0281771926931,38415664.97888112,355466.39184938575,7714.80266112197,37826365.589992784,38987845.10993707,1000,0,2.555749116194832
para,msd_10000,16,10,20260919,505,454,46273,31.0,417.9999999999993,0.01828279990491215,157.0281771926931,1444562811.0101783,30422047.985689733,642359.633442901,1396060289.861731,1495703345.5446155,1000,0,1.936837862873633
para,hurst,16,10,20260919,505,454,46273,31.0,417.9999999999993,0.01828279990491215,157.0281771926931,0.8822765078884934,0.0010262355027430402,2.1998750850827018e-05,0.8805971310665186,0.8839543160967924,1000,0,1.9801551716886956
para,msd_100,32,0,20260918,262,237,46273,60.0,716.3999999999996,0.024636397034988006,89.3778933413801,614697.147377537,4568.678446180585,100.06837114238158,607368.4117450415,622073.9134661242,1000,0,3.1527484685257967
para,msd_1000,32,0,20260918,262,237,46273,60.0,716.3999999999996,0.024636397034988006,89.3778933413801,38415664.97888109,422587.2653564707,8978.782354921295,37718046.13253755,39098359.680539355,1000,0,3.038337954626124
para,msd_10000,32,0,20260918,262,237,46273,60.0,716.3999999999996,0.024636397034988006,89.3778933413801,1444562811.010179,34517022.09586201,737724.3674447202,1388653426.0799387,1501783659.7740805,1000,0,2.1975468364377972
para,hurst,32,0,20260918,262,237,46273,60.0,716.3999999999996,0.024636397034988006,89.3778933413801,0.8822765078884934,0.0011770785781841566,2.44271698710273e-05,0.8803479330785541,0.8842733567951642,1000,0,2.2712118493711326
para,msd_100,32,0,20260919,262,237,46273,60.0,716.3999999999996,0.024636397034988006,89.3778933413801,614697.147377537,4519.817630702489,93.79296345433413,607286.1668805985,621752.3733312797,1000,0,3.119030652097225
para,msd_1000,32,0,20260919,262,237,46273,60.0,716.3999999999996,0.024636397034988006,89.3778933413801,38415664.97888109,416713.4936478154,8853.376567595998,37717473.36059599,39089989.33189695,1000,0,2.996106432329393
para,msd_10000,32,0,20260919,262,237,46273,60.0,716.3999999999996,0.024636397034988006,89.3778933413801,1444562811.010179,34515152.9467274,775779.9443307027,1385696591.8326287,1501049452.1026776,1000,0,2.1974278359412835
para,hurst,32,0,20260919,262,237,46273,60.0,716.3999999999996,0.024636397034988006,89.3778933413801,0.8822765078884934,0.0011729692966831536,2.7038751402018583e-05,0.8802482846801536,0.8841418820569428,1000,0,2.2632828554955684
para,msd_100,32,10,20260918,260,238,46273,59.0,751.3999999999992,0.023707129427527934,88.21288357087927,614697.147377537,4205.692356380356,87.42842395812451,607549.4405872717,621754.938176276,1000,0,2.9022594371363013
para,msd_1000,32,10,20260918,260,238,46273,59.0,751.3999999999992,0.023707129427527934,88.21288357087927,38415664.97888112,388301.72935277404,8121.237713333411,37773169.270702064,39050737.08624296,1000,0,2.7918301824459584
para,msd_10000,32,10,20260918,260,238,46273,59.0,751.3999999999992,0.023707129427527934,88.21288357087927,1444562811.0101795,32448668.098294858,712607.8521538398,1389960814.166824,1498015318.3747106,1000,0,2.0658638432941894
para,hurst,32,10,20260918,260,238,46273,59.0,751.3999999999992,0.023707129427527934,88.21288357087927,0.8822765078884935,0.0010883593611759664,2.38885860347349e-05,0.8804799562482161,0.8840527491005307,1000,0,2.1000252007730595
para,msd_100,32,10,20260919,260,238,46273,59.0,751.3999999999992,0.023707129427527934,88.21288357087927,614697.147377537,4259.627268842662,91.4181078299918,607540.6470293269,621149.753349948,1000,0,2.9394787806879936
para,msd_1000,32,10,20260919,260,238,46273,59.0,751.3999999999992,0.023707129427527934,88.21288357087927,38415664.97888112,394106.88120418985,8744.348046594023,37739572.28561172,39019214.97326141,1000,0,2.833568338439955
para,msd_10000,32,10,20260919,260,238,46273,59.0,751.3999999999992,0.023707129427527934,88.21288357087927,1444562811.0101795,32092644.301398456,783009.5711397545,1392190855.7202528,1496767248.1024451,1000,0,2.043197375532474
para,hurst,32,10,20260919,260,238,46273,59.0,751.3999999999992,0.023707129427527934,88.21288357087927,0.8822765078884935,0.0010807250918715748,2.6124721819411496e-05,0.88042851801363,0.883949309524457,1000,0,2.0852946269381567
para,msd_100,32,21,20260918,261,241,46273,57.0,762.0,0.024960560153869427,87.18072915447307,614697.1473775372,4322.0301735234425,101.1398983617652,607654.5676812608,621617.744346908,1000,0,2.982541706757647
para,msd_1000,32,21,20260918,261,241,46273,57.0,762.0,0.024960560153869427,87.18072915447307,38415664.97888109,396089.3141604653,9181.63926807199,37775380.86139102,39051101.1486557,1000,0,2.8478217288928653
para,msd_10000,32,21,20260918,261,241,46273,57.0,762.0,0.024960560153869427,87.18072915447307,1444562811.0101788,33154743.168735884,718068.3035984354,1394493828.5926766,1500733842.2215757,1000,0,2.11081653454971
para,hurst,32,21,20260918,261,241,46273,57.0,762.0,0.024960560153869427,87.18072915447307,0.8822765078884934,0.001121830174814959,2.4942135088205077e-05,0.8805468464927838,0.8841620305734086,1000,0,2.164608237074889
para,msd_100,32,21,20260919,261,241,46273,57.0,762.0,0.024960560153869427,87.18072915447307,614697.1473775372,4257.568921322417,91.56362336465664,607350.6291416287,621562.6804383488,1000,0,2.938058358553105
para,msd_1000,32,21,20260919,261,241,46273,57.0,762.0,0.024960560153869427,87.18072915447307,38415664.97888109,390049.2864233778,8366.181393599316,37755504.84602202,39010733.60667395,1000,0,2.8043948511209877
para,msd_10000,32,21,20260919,261,241,46273,57.0,762.0,0.024960560153869427,87.18072915447307,1444562811.0101788,33505209.304794796,711549.3657704615,1388896508.4701,1499245063.088267,1000,0,2.1331291705133775
para,hurst,32,21,20260919,261,241,46273,57.0,762.0,0.024960560153869427,87.18072915447307,0.8822765078884934,0.0011232798135173104,2.4082376126543208e-05,0.8803556785588116,0.8841079415695037,1000,0,2.1674053626526617
para,msd_100,64,0,20260918,136,125,46273,139.0,1342.8,0.034750286344088346,50.38818225287519,614697.1473775371,4837.652074476082,112.5840423818898,606736.4752450378,622980.4387716509,1000,0,3.338361486529151
para,msd_1000,64,0,20260918,136,125,46273,139.0,1342.8,0.034750286344088346,50.38818225287519,38415664.978881106,436713.8707655639,10164.52058376276,37694685.84039181,39144102.96865933,1000,0,3.139906091915516
para,msd_10000,64,0,20260918,136,125,46273,139.0,1342.8,0.034750286344088346,50.38818225287519,1444562811.0101788,34562601.616111994,779628.800119942,1384500668.7847087,1498369587.0811548,1000,0,2.200448683829311
para,hurst,64,0,20260918,136,125,46273,139.0,1342.8,0.034750286344088346,50.38818225287519,0.8822765078884934,0.0011744540052599306,2.6656271244310748e-05,0.8802754644745509,0.8840553248455606,1000,0,2.2661476495500494
para,msd_100,64,0,20260919,136,125,46273,139.0,1342.8,0.034750286344088346,50.38818225287519,614697.1473775371,4552.849274141365,99.10549034773531,607050.0864370649,622286.4303958912,1000,0,3.141825091340781
para,msd_1000,64,0,20260919,136,125,46273,139.0,1342.8,0.034750286344088346,50.38818225287519,38415664.978881106,415569.01308968465,9236.36599211561,37737365.72682161,39086505.13928714,1000,0,2.987877791754606
para,msd_10000,64,0,20260919,136,125,46273,139.0,1342.8,0.034750286344088346,50.38818225287519,1444562811.0101788,32719800.30424686,708739.6651960232,1389945900.3329163,1498042670.0266428,1000,0,2.0831256371937754
para,hurst,64,0,20260919,136,125,46273,139.0,1342.8,0.034750286344088346,50.38818225287519,0.8822765078884934,0.001107907718174988,2.444645813080921e-05,0.8805060568882506,0.8841403652602169,1000,0,2.13774439885787
para,msd_100,64,21,20260918,136,126,46273,136.5,1311.25,0.04049877898558555,48.396659824607205,614697.147377537,5209.706526824945,115.78243705076699,605909.9688878498,622578.2165622701,1000,0,3.5951084033168073
para,msd_1000,64,21,20260918,136,126,46273,136.5,1311.25,0.04049877898558555,48.396659824607205,38415664.97888111,464512.8567562839,10238.417733028224,37599710.239323355,39152487.10576934,1000,0,3.3397765592957303
para,msd_10000,64,21,20260918,136,126,46273,136.5,1311.25,0.04049877898558555,48.396659824607205,1444562811.0101783,35961341.77692926,815930.7811856668,1384172239.1199868,1501218839.022726,1000,0,2.2895003119467603
para,hurst,64,21,20260918,136,126,46273,136.5,1311.25,0.04049877898558555,48.396659824607205,0.8822765078884934,0.0011900959935013714,2.6950872701755768e-05,0.8802650530517437,0.8841840115637596,1000,0,2.2963293805747442
para,msd_100,64,21,20260919,136,126,46273,136.5,1311.25,0.04049877898558555,48.396659824607205,614697.147377537,5349.925971411589,130.43982393513951,606142.511849414,623496.130211403,1000,0,3.6918708794651676
para,msd_1000,64,21,20260919,136,126,46273,136.5,1311.25,0.04049877898558555,48.396659824607205,38415664.97888111,474642.9216728988,11672.236460577646,37669975.836262286,39178183.56500487,1000,0,3.4126101802828996
para,msd_10000,64,21,20260919,136,126,46273,136.5,1311.25,0.04049877898558555,48.396659824607205,1444562811.0101783,35511238.17345544,802465.1754370447,1386138067.6332629,1506328581.4357007,1000,0,2.260844197084473
para,hurst,64,21,20260919,136,126,46273,136.5,1311.25,0.04049877898558555,48.396659824607205,0.8822765078884934,0.0011655349840847618,2.5872927871204582e-05,0.8803066562583705,0.8842055183444365,1000,0,2.2489381047046364
para,msd_100,64,42,20260918,136,125,46273,122.0,1234.8,0.03609016056879822,50.872495646464515,614697.1473775371,4984.169196968608,120.22898254130676,605707.0676058199,621988.5117846542,1000,0,3.4394698571428224
para,msd_1000,64,42,20260918,136,125,46273,122.0,1234.8,0.03609016056879822,50.872495646464515,38415664.9788811,450624.4615465198,10435.814477881893,37631633.1724366,39066207.578743845,1000,0,3.2399211169906277
para,msd_10000,64,42,20260918,136,125,46273,122.0,1234.8,0.03609016056879822,50.872495646464515,1444562811.010179,35782959.53939949,769470.8673154588,1383792683.236351,1500744313.5489454,1000,0,2.2781435002069887
para,hurst,64,42,20260918,136,125,46273,122.0,1234.8,0.03609016056879822,50.872495646464515,0.8822765078884934,0.0012084806506817267,2.571022674524862e-05,0.8801682353505063,0.8841081202537141,1000,0,2.3318031815669125
para,msd_100,64,42,20260919,136,125,46273,122.0,1234.8,0.03609016056879822,50.872495646464515,614697.1473775371,5082.883854476819,115.09882896886893,606344.6417417368,622693.9541596567,1000,0,3.5075907566428173
para,msd_1000,64,42,20260919,136,125,46273,122.0,1234.8,0.03609016056879822,50.872495646464515,38415664.9788811,463468.2055842992,10719.099851337223,37650587.67904483,39137032.14403288,1000,0,3.3322656767742034
para,msd_10000,64,42,20260919,136,125,46273,122.0,1234.8,0.03609016056879822,50.872495646464515,1444562811.010179,37192554.18252679,869301.9566900685,1381631806.0044398,1501352606.6269777,1000,0,2.367886185426506
para,hurst,64,42,20260919,136,125,46273,122.0,1234.8,0.03609016056879822,50.872495646464515,0.8822765078884934,0.001253258158168528,2.8624859306883878e-05,0.8801252556980884,0.8841576466562576,1000,0,2.4182028557043993
para,msd_100,0,0,archived,82669,25682,46273,1.0,5.0,0.0010157111058284529,9746.373447250913,614697.1473775381,1449.1097186439574,33.81075630829389,612302.4096878341,617125.4148394295,1000,0,1.0
para,msd_1000,0,0,archived,82669,25682,46273,1.0,5.0,0.0010157111058284529,9746.373447250913,38415664.97888091,139085.0101823091,3280.9916849611777,38197268.30729045,38657633.69937909,1000,0,1.0
para,msd_10000,0,0,archived,82669,25682,46273,1.0,5.0,0.0010157111058284529,9746.373447250913,1444562811.0101824,15707070.048988706,363894.90664340026,1419444243.357916,1470705816.0374694,1000,0,1.0
para,hurst,0,0,archived,82669,25682,46273,1.0,5.0,0.0010157111058284529,9746.373447250913,0.8822765078884937,0.0005182601431522443,1.2178810195290614e-05,0.8814560484165418,0.8831537990842846,1000,0,1.0
hang,msd_100,1,0,20260918,1881,1017,2326,1.0,7.0,0.006878761822871883,534.5066192452085,1542699.1148747413,16063.929075885135,355.09153164895025,1516903.0017509828,1568810.4535257837,1000,0,1.033923264728765
hang,msd_1000,1,0,20260918,1881,1017,2326,1.0,7.0,0.006878761822871883,534.5066192452085,86537905.27886848,1136565.8152795031,25435.24319949534,84731577.01391335,88462249.63242547,1000,0,1.0126561842548996
hang,msd_10000,1,0,20260918,1881,1017,2326,1.0,7.0,0.006878761822871883,534.5066192452085,2121003932.630214,81513590.69845572,1787932.0119455277,1993650608.1220844,2259493061.3279653,1000,0,1.0323553812746848
hang,hurst,1,0,20260918,1881,1017,2326,1.0,7.0,0.006878761822871883,534.5066192452085,0.8518430396421116,0.00162932091352276,3.473659157498226e-05,0.8491496418337803,0.8545355236178704,1000,0,1.0144330804093615
hang,msd_100,1,0,20260919,1881,1017,2326,1.0,7.0,0.006878761822871883,534.5066192452085,1542699.1148747413,15849.979057556977,346.17801830908763,1515504.3501503454,1566534.15101714,1000,0,1.0201527917396442
hang,msd_1000,1,0,20260919,1881,1017,2326,1.0,7.0,0.006878761822871883,534.5066192452085,86537905.27886848,1122094.4471645725,24372.89121983114,84617504.21838725,88280663.74528734,1000,0,0.99976250029995
hang,msd_10000,1,0,20260919,1881,1017,2326,1.0,7.0,0.006878761822871883,534.5066192452085,2121003932.630214,82069646.0932212,1961212.4876434577,1995261960.3325448,2261653161.6390343,1000,0,1.0393977256758358
hang,hurst,1,0,20260919,1881,1017,2326,1.0,7.0,0.006878761822871883,534.5066192452085,0.8518430396421116,0.0016419717114893096,3.778695050826199e-05,0.8492018141128992,0.8545081792416032,1000,0,1.0223096060491734
hang,msd_100,2,0,20260918,1368,812,2326,2.0,9.0,0.009458297506448839,397.3469447708579,1542699.114874739,16649.347434371677,366.0522624757296,1516581.1537437274,1570896.2097363728,1000,0,1.0716025683150334
hang,msd_1000,2,0,20260918,1368,812,2326,2.0,9.0,0.009458297506448839,397.3469447708579,86537905.27886847,1167531.051558725,25746.029514954105,84701540.64020176,88523732.35676374,1000,0,1.0402455570774114
hang,msd_10000,2,0,20260918,1368,812,2326,2.0,9.0,0.009458297506448839,397.3469447708579,2121003932.630212,83234872.98952654,1804502.2868613696,1987728414.8518686,2252695169.2026763,1000,0,1.0541551206881206
hang,hurst,2,0,20260918,1368,812,2326,2.0,9.0,0.009458297506448839,397.3469447708579,0.8518430396421116,0.0016721554244693178,3.589323010086289e-05,0.8489745394275514,0.8544721660152961,1000,0,1.0411023169770037
hang,msd_100,2,0,20260919,1368,812,2326,2.0,9.0,0.009458297506448839,397.3469447708579,1542699.114874739,16664.957139451828,373.3172192874228,1515280.5670907164,1569031.2922362513,1000,0,1.0726072563438265
hang,msd_1000,2,0,20260919,1368,812,2326,2.0,9.0,0.009458297506448839,397.3469447708579,86537905.27886847,1180692.506529002,27174.95906168462,84560306.08090957,88488564.99159521,1000,0,1.0519721360315442
hang,msd_10000,2,0,20260919,1368,812,2326,2.0,9.0,0.009458297506448839,397.3469447708579,2121003932.630212,84655942.3474028,1891938.8595705861,1990983599.598133,2269066989.9234667,1000,0,1.0721527157664086
hang,hurst,2,0,20260919,1368,812,2326,2.0,9.0,0.009458297506448839,397.3469447708579,0.8518430396421116,0.0016732277623357976,3.758497305339982e-05,0.8492303152201243,0.8547016163795117,1000,0,1.0417699663001692
hang,msd_100,2,1,20260918,1365,797,2326,2.0,9.0,0.010318142734307825,373.5862449937854,1542699.1148747401,18894.64891571652,420.76933622849685,1513359.7566150401,1575137.6522652758,1000,0,1.2161169910895548
hang,msd_1000,2,1,20260918,1365,797,2326,2.0,9.0,0.010318142734307825,373.5862449937854,86537905.27886851,1290537.5474609453,28453.35653572467,84529532.68481614,88822392.99111086,1000,0,1.1498417521277402
hang,msd_10000,2,1,20260918,1365,797,2326,2.0,9.0,0.010318142734307825,373.5862449937854,2121003932.6302106,81969395.6711391,1882004.4915060734,1996754266.2722816,2268296586.945988,1000,0,1.0381280715994454
hang,hurst,2,1,20260918,1365,797,2326,2.0,9.0,0.010318142734307825,373.5862449937854,0.8518430396421116,0.0016296050585325526,3.794748605655162e-05,0.8492616813304379,0.8545691667575711,1000,0,1.0146099922105756
hang,msd_100,2,1,20260919,1365,797,2326,2.0,9.0,0.010318142734307825,373.5862449937854,1542699.1148747401,18399.440204293114,407.1224546237265,1513976.153281272,1574504.2994427478,1000,0,1.1842438543732312
hang,msd_1000,2,1,20260919,1365,797,2326,2.0,9.0,0.010318142734307825,373.5862449937854,86537905.27886851,1294198.9921745928,29222.103055358573,84544229.08641471,88832247.65610974,1000,0,1.1531040221896554
hang,msd_10000,2,1,20260919,1365,797,2326,2.0,9.0,0.010318142734307825,373.5862449937854,2121003932.6302106,82656233.66921236,1917921.2580048628,1990343305.439843,2263424520.7254095,1000,0,1.046826754816553
hang,hurst,2,1,20260919,1365,797,2326,2.0,9.0,0.010318142734307825,373.5862449937854,0.8518430396421116,0.0016310853853501665,3.788355955144179e-05,0.8491490693260022,0.8546201268501358,1000,0,1.0155316599318582
hang,msd_100,4,0,20260918,936,604,2326,2.0,11.850000000000023,0.015047291487532245,279.0528161749536,1542699.1148747394,19846.223934726906,432.7891385075898,1510334.496149545,1574913.1631693612,1000,0,1.2773632494390454
hang,msd_1000,4,0,20260918,936,604,2326,2.0,11.850000000000023,0.015047291487532245,279.0528161749536,86537905.27886856,1373101.787571712,29716.29351786895,84292256.62498827,88795230.45853478,1000,0,1.2234047497319864
hang,msd_10000,4,0,20260918,936,604,2326,2.0,11.850000000000023,0.015047291487532245,279.0528161749536,2121003932.630212,88480734.08002514,1855342.4154303577,1974201322.7460551,2266910608.036432,1000,0,1.1205930346579478
hang,hurst,4,0,20260918,936,604,2326,2.0,11.850000000000023,0.015047291487532245,279.0528161749536,0.8518430396421116,0.0017594253743498465,3.686482677562199e-05,0.8488872062737632,0.8545027701583611,1000,0,1.0954375454453265
hang,msd_100,4,0,20260919,936,604,2326,2.0,11.850000000000023,0.015047291487532245,279.0528161749536,1542699.1148747394,18445.13628169723,428.0906593890461,1514218.5560164992,1572172.931637676,1000,0,1.1871849927031985
hang,msd_1000,4,0,20260919,936,604,2326,2.0,11.850000000000023,0.015047291487532245,279.0528161749536,86537905.27886856,1263681.1369603432,31621.66320367156,84569034.57958291,88661022.53802875,1000,0,1.1259132564658898
hang,msd_10000,4,0,20260919,936,604,2326,2.0,11.850000000000023,0.015047291487532245,279.0528161749536,2121003932.630212,83473603.43336359,1944598.3686092682,1991269028.5095606,2261891516.4032254,1000,0,1.0571786000399377
hang,hurst,4,0,20260919,936,604,2326,2.0,11.850000000000023,0.015047291487532245,279.0528161749536,0.8518430396421116,0.0016786364978887364,3.8596383867795624e-05,0.8491128230971057,0.8546490044205634,1000,0,1.0451375044091744
hang,msd_100,4,1,20260918,950,596,2326,2.0,11.25,0.014617368873602751,266.38483505662236,1542699.1148747404,19616.214945286454,449.3772173120681,1508670.45931601,1574098.1228639353,1000,0,1.2625591722947909
hang,msd_1000,4,1,20260918,950,596,2326,2.0,11.25,0.014617368873602751,266.38483505662236,86537905.27886848,1347029.7863733724,31637.80348932749,84223413.76894847,88621977.01878086,1000,0,1.2001751462242416
hang,msd_10000,4,1,20260918,950,596,2326,2.0,11.25,0.014617368873602751,266.38483505662236,2121003932.63021,85099336.14936666,2065265.186972542,1977454821.000753,2246909049.5047455,1000,0,1.0777682207829224
hang,hurst,4,1,20260918,950,596,2326,2.0,11.25,0.014617368873602751,266.38483505662236,0.8518430396421116,0.001708187590284611,4.1036413827733554e-05,0.8489045156591315,0.8544620345927069,1000,0,1.063536338819146
hang,msd_100,4,1,20260919,950,596,2326,2.0,11.25,0.014617368873602751,266.38483505662236,1542699.1148747404,19285.64325452658,414.01178556621,1513091.524292618,1575408.1198963115,1000,0,1.2412825742643354
hang,msd_1000,4,1,20260919,950,596,2326,2.0,11.25,0.014617368873602751,266.38483505662236,86537905.27886848,1335840.162923124,28948.830924309194,84440935.7771001,88795903.43363875,1000,0,1.1902054275911054
hang,msd_10000,4,1,20260919,950,596,2326,2.0,11.25,0.014617368873602751,266.38483505662236,2121003932.63021,86366683.82458737,1912110.0506147463,1986815978.9992158,2272387042.9200373,1000,0,1.0938189576140365
hang,hurst,4,1,20260919,950,596,2326,2.0,11.25,0.014617368873602751,266.38483505662236,0.8518430396421116,0.0017177695618162312,3.873800494162036e-05,0.8492646024908175,0.8547773770386732,1000,0,1.0695021794442443
hang,msd_100,4,2,20260918,933,606,2326,2.0,12.0,0.012467755803955288,271.21896932023265,1542699.1148747401,19949.402677811187,441.37529426433014,1510039.3428494441,1576884.65420592,1000,0,1.2840041467186813
hang,msd_1000,4,2,20260918,933,606,2326,2.0,12.0,0.012467755803955288,271.21896932023265,86537905.27886847,1400903.906927629,31255.470549574795,84287942.52978133,88884705.69618438,1000,0,1.248175852049751
hang,msd_10000,4,2,20260918,933,606,2326,2.0,12.0,0.012467755803955288,271.21896932023265,2121003932.6302116,89911488.60893314,2093053.5628530297,1982106292.7520537,2269966020.60702,1000,0,1.1387132907348192
hang,hurst,4,2,20260918,933,606,2326,2.0,12.0,0.012467755803955288,271.21896932023265,0.8518430396421116,0.0017707141314254706,4.118291915688579e-05,0.8488814862440008,0.8546853553786756,1000,0,1.1024660494798437
hang,msd_100,4,2,20260919,933,606,2326,2.0,12.0,0.012467755803955288,271.21896932023265,1542699.1148747401,20095.38609842534,467.37194304242354,1509521.544333704,1574233.2974068834,1000,0,1.2934000830506116
hang,msd_1000,4,2,20260919,933,606,2326,2.0,12.0,0.012467755803955288,271.21896932023265,86537905.27886847,1393772.4382741416,32482.879048346076,84287810.53037678,88721468.43135406,1000,0,1.241821863800511
hang,msd_10000,4,2,20260919,933,606,2326,2.0,12.0,0.012467755803955288,271.21896932023265,2121003932.6302116,88447343.51371281,2003370.4733457337,1976241557.457481,2270577007.0383096,1000,0,1.120170148970776
hang,hurst,4,2,20260919,933,606,2326,2.0,12.0,0.012467755803955288,271.21896932023265,0.8518430396421116,0.0017825885423048502,4.028045923285016e-05,0.8489380452198474,0.8548542176815912,1000,0,1.1098591879993582
hang,msd_100,8,0,20260918,596,411,2326,3.0,17.5,0.017196904557179708,185.9456970030245,1542699.114874741,22184.79122834069,487.93555391328755,1505405.3085757333,1579836.4126751001,1000,0,1.42788054315835
hang,msd_1000,8,0,20260918,596,411,2326,3.0,17.5,0.017196904557179708,185.9456970030245,86537905.27886857,1530527.982611129,34005.912025299614,84038374.43001106,89049720.14521405,1000,0,1.3636681711962153
hang,msd_10000,8,0,20260918,596,411,2326,3.0,17.5,0.017196904557179708,185.9456970030245,2121003932.63021,88103181.51806964,1883808.9173940793,1975500655.0265942,2265291634.9595947,1000,0,1.1158113974400428
hang,hurst,8,0,20260918,596,411,2326,3.0,17.5,0.017196904557179708,185.9456970030245,0.8518430396421116,0.0017567636997793455,3.712968474971478e-05,0.8488531015398457,0.8546350357130161,1000,0,1.0937803576493614
hang,msd_100,8,0,20260919,596,411,2326,3.0,17.5,0.017196904557179708,185.9456970030245,1542699.114874741,21355.37948811935,474.54271729483185,1507568.1067487625,1578955.8224379523,1000,0,1.3744970844663322
hang,msd_1000,8,0,20260919,596,411,2326,3.0,17.5,0.017196904557179708,185.9456970030245,86537905.27886857,1472496.584764296,32364.1702757621,84171204.03600815,89073278.1467024,1000,0,1.3119634189323963
hang,msd_10000,8,0,20260919,596,411,2326,3.0,17.5,0.017196904557179708,185.9456970030245,2121003932.63021,91709517.80923684,1993764.8775503614,1977191823.951497,2280775765.020934,1000,0,1.16148501634177
hang,hurst,8,0,20260919,596,411,2326,3.0,17.5,0.017196904557179708,185.9456970030245,0.8518430396421116,0.0018492266625609653,3.911121736727871e-05,0.8489238375883158,0.8550029658017234,1000,0,1.1513488129363771
hang,msd_100,8,2,20260918,595,424,2326,3.0,17.849999999999966,0.021926053310404127,180.5712569254389,1542699.1148747408,22349.959425683763,476.29504246188685,1504981.8592795427,1578492.19498748,1000,0,1.438511269988604
hang,msd_1000,8,2,20260918,595,424,2326,3.0,17.849999999999966,0.021926053310404127,180.5712569254389,86537905.2788685,1528317.519491841,32825.20217367142,83945967.30841948,88956612.10603324,1000,0,1.3616986951502865
hang,msd_10000,8,2,20260918,595,424,2326,3.0,17.849999999999966,0.021926053310404127,180.5712569254389,2121003932.630211,95767899.51323217,2042718.9343235153,1969864184.8269022,2280994901.236408,1000,0,1.2128837113996935
hang,hurst,8,2,20260918,595,424,2326,3.0,17.849999999999966,0.021926053310404127,180.5712569254389,0.8518430396421118,0.001911329582410112,4.1265846114536716e-05,0.8487729805980545,0.8550027590972913,1000,0,1.190014772332169
hang,msd_100,8,2,20260919,595,424,2326,3.0,17.849999999999966,0.021926053310404127,180.5712569254389,1542699.1148747408,22150.04217016149,490.38765145486764,1508128.7915634338,1580441.8637474538,1000,0,1.4256439882340117
hang,msd_1000,8,2,20260919,595,424,2326,3.0,17.849999999999966,0.021926053310404127,180.5712569254389,86537905.2788685,1534675.13059854,33393.22784057708,84100829.75364561,89133128.94931151,1000,0,1.367363192637133
hang,msd_10000,8,2,20260919,595,424,2326,3.0,17.849999999999966,0.021926053310404127,180.5712569254389,2121003932.630211,98065647.00370537,2380206.836965426,1967185983.8645847,2287756915.9441833,1000,0,1.2419842818232874
hang,hurst,8,2,20260919,595,424,2326,3.0,17.849999999999966,0.021926053310404127,180.5712569254389,0.8518430396421118,0.001961470501393817,4.7302912657245854e-05,0.8487118164878802,0.8551335711655211,1000,0,1.2212330587219395
hang,msd_100,8,5,20260918,603,414,2326,3.0,18.0,0.019776440240756664,184.21096356826695,1542699.1148747404,20620.344854446288,464.11331392035186,1509770.1463852327,1576623.1146587199,1000,0,1.3271880229941413
hang,msd_1000,8,5,20260918,603,414,2326,3.0,18.0,0.019776440240756664,184.21096356826695,86537905.2788685,1389680.9226510075,30491.65200814088,84311412.3421177,88839509.82897015,1000,0,1.2381764096235144
hang,msd_10000,8,5,20260918,603,414,2326,3.0,18.0,0.019776440240756664,184.21096356826695,2121003932.6302094,88621823.23842596,1984184.1403470992,1979284131.7250745,2268734662.296096,1000,0,1.1223799041930345
hang,hurst,8,5,20260918,603,414,2326,3.0,18.0,0.019776440240756664,184.21096356826695,0.8518430396421116,0.0017524941115708715,4.071461196635707e-05,0.8489758226572414,0.8547067562654198,1000,0,1.0911220651776607
hang,msd_100,8,5,20260919,603,414,2326,3.0,18.0,0.019776440240756664,184.21096356826695,1542699.1148747404,21501.71096818295,473.3575218177622,1509106.1726661313,1580082.1104774147,1000,0,1.3839154229615558
hang,msd_1000,8,5,20260919,603,414,2326,3.0,18.0,0.019776440240756664,184.21096356826695,86537905.2788685,1435633.8595032569,30963.827182339926,84329012.21490002,88955178.28705561,1000,0,1.2791195077376007
hang,msd_10000,8,5,20260919,603,414,2326,3.0,18.0,0.019776440240756664,184.21096356826695,2121003932.6302094,85147256.03704427,1856396.1530678165,1988575733.0315619,2272965317.6332335,1000,0,1.0783751177861114
hang,hurst,8,5,20260919,603,414,2326,3.0,18.0,0.019776440240756664,184.21096356826695,0.8518430396421116,0.0016866357604258515,3.819636545064874e-05,0.849045807919713,0.8546877358762296,1000,0,1.0501179330461483
hang,msd_100,16,0,20260918,357,260,2326,5.0,30.0,0.027944969905417026,118.16441707072032,1542699.1148747408,21927.836987903855,498.9289950320249,1508875.5574266878,1579041.8886057169,1000,0,1.4113421878217856
hang,msd_1000,16,0,20260918,357,260,2326,5.0,30.0,0.027944969905417026,118.16441707072032,86537905.2788685,1467961.8056933847,33023.58450599458,84295332.30525279,89009102.53009872,1000,0,1.307923026366781
hang,msd_10000,16,0,20260918,357,260,2326,5.0,30.0,0.027944969905417026,118.16441707072032,2121003932.6302087,84041717.58269279,1925396.8589137637,1988354122.6648662,2261947015.8825397,1000,0,1.0643736664603083
hang,hurst,16,0,20260918,357,260,2326,5.0,30.0,0.027944969905417026,118.16441707072032,0.8518430396421116,0.0017440922388784947,4.033226303690467e-05,0.848932972544407,0.8548246807138777,1000,0,1.0858909670399053
hang,msd_100,16,0,20260919,357,260,2326,5.0,30.0,0.027944969905417026,118.16441707072032,1542699.1148747408,23720.36782751798,532.4312095153886,1504854.6380232705,1584077.6567604404,1000,0,1.5267149169384144
hang,msd_1000,16,0,20260919,357,260,2326,5.0,30.0,0.027944969905417026,118.16441707072032,86537905.2788685,1568233.0511980741,35892.90869619497,84052427.0792428,89293378.76245606,1000,0,1.3972625925390174
hang,msd_10000,16,0,20260919,357,260,2326,5.0,30.0,0.027944969905417026,118.16441707072032,2121003932.6302087,84794508.66368416,1875982.4122366332,1985516116.2597337,2261874653.9106894,1000,0,1.073907633946932
hang,hurst,16,0,20260919,357,260,2326,5.0,30.0,0.027944969905417026,118.16441707072032,0.8518430396421116,0.0017632654367915573,3.8845806406080446e-05,0.8490779695951342,0.8547413242597134,1000,0,1.0978284104611609
hang,msd_100,16,5,20260918,360,259,2326,5.0,31.099999999999994,0.02407566638005159,113.82386602709754,1542699.1148747418,22207.169226703892,461.9105302736539,1503937.75147179,1577172.6680567053,1000,0,1.429320859099517
hang,msd_1000,16,5,20260918,360,259,2326,5.0,31.099999999999994,0.02407566638005159,113.82386602709754,86537905.27886845,1486869.8549909866,31800.023059803993,84014329.72591396,89053776.09470105,1000,0,1.3247696997366856
hang,msd_10000,16,5,20260918,360,259,2326,5.0,31.099999999999994,0.02407566638005159,113.82386602709754,2121003932.6302104,90402294.51400852,2076918.2424882653,1981622389.5981777,2269863769.0196095,1000,0,1.1449292617517304
hang,hurst,16,5,20260918,360,259,2326,5.0,31.099999999999994,0.02407566638005159,113.82386602709754,0.8518430396421116,0.0018788303208237386,4.172304381233168e-05,0.8490252753248312,0.855002153918458,1000,0,1.169780375431921
hang,msd_100,16,5,20260919,360,259,2326,5.0,31.099999999999994,0.02407566638005159,113.82386602709754,1542699.1148747418,23648.927657269578,534.7053926488646,1506624.6148326306,1583703.543126426,1000,0,1.5221168106029668
hang,msd_1000,16,5,20260919,360,259,2326,5.0,31.099999999999994,0.02407566638005159,113.82386602709754,86537905.27886845,1547445.5114727805,35883.54400455802,84146051.33328718,89183148.77643754,1000,0,1.378741332814972
hang,msd_10000,16,5,20260919,360,259,2326,5.0,31.099999999999994,0.02407566638005159,113.82386602709754,2121003932.6302104,86713718.71568164,1959794.8078037822,1989996700.231066,2279656639.7858853,1000,0,1.0982140938636047
hang,hurst,16,5,20260919,360,259,2326,5.0,31.099999999999994,0.02407566638005159,113.82386602709754,0.8518430396421116,0.001758556553026092,3.857101837293921e-05,0.8490989449428454,0.8549453702612972,1000,0,1.0948966077549878
hang,msd_100,16,10,20260918,354,268,2326,5.0,27.299999999999955,0.02536543422184007,118.09219889116862,1542699.1148747408,23653.62274969794,567.2980296383079,1505783.3346954926,1583313.2379963084,1000,0,1.5224190010116025
hang,msd_1000,16,10,20260918,354,268,2326,5.0,27.299999999999955,0.02536543422184007,118.09219889116862,86537905.27886851,1615085.5245305465,36868.19139307503,84089991.65100843,89365147.13770533,1000,0,1.439007158696058
hang,msd_10000,16,10,20260918,354,268,2326,5.0,27.299999999999955,0.02536543422184007,118.09219889116862,2121003932.6302087,98165316.89894213,2284722.882367213,1973056594.5316699,2298188906.4856777,1000,0,1.2432465836286315
hang,hurst,16,10,20260918,354,268,2326,5.0,27.299999999999955,0.02536543422184007,118.09219889116862,0.8518430396421116,0.00197353178290841,4.592240718038548e-05,0.8487582070469512,0.85540758366728,1000,0,1.2287425449495968
hang,msd_100,16,10,20260919,354,268,2326,5.0,27.299999999999955,0.02536543422184007,118.09219889116862,1542699.1148747408,24890.006565496125,537.0911170468594,1503052.7759804365,1587148.4535218452,1000,0,1.601996418544332
hang,msd_1000,16,10,20260919,354,268,2326,5.0,27.299999999999955,0.02536543422184007,118.09219889116862,86537905.27886851,1684364.742178313,36750.06472830947,83777379.32077512,89492070.50579926,1000,0,1.5007334813147786
hang,msd_10000,16,10,20260919,354,268,2326,5.0,27.299999999999955,0.02536543422184007,118.09219889116862,2121003932.6302087,97908348.25221345,2218358.343872511,1966505067.2391164,2285956708.9393883,1000,0,1.239992120624412
hang,hurst,16,10,20260919,354,268,2326,5.0,27.299999999999955,0.02536543422184007,118.09219889116862,0.8518430396421116,0.0019547546810469107,4.39170313549988e-05,0.8486774391497718,0.8549817570442466,1000,0,1.2170517152766767
hang,msd_100,32,0,20260918,208,156,2326,9.0,49.25,0.043852106620808254,69.24178355687519,1542699.114874741,26981.11048492708,629.5706706759754,1499614.37942869,1585206.9192504608,1000,0,1.7365862179048626
hang,msd_1000,32,0,20260918,208,156,2326,9.0,49.25,0.043852106620808254,69.24178355687519,86537905.27886842,1749202.1230054095,40451.40956992383,83713071.73400219,89292877.2487766,1000,0,1.558502220953761
hang,msd_10000,32,0,20260918,208,156,2326,9.0,49.25,0.043852106620808254,69.24178355687519,2121003932.63021,88005415.35721357,1875334.484931922,1978209772.577245,2271465725.563177,1000,0,1.1145732060979427
hang,hurst,32,0,20260918,208,156,2326,9.0,49.25,0.043852106620808254,69.24178355687519,0.8518430396421116,0.0018292322057060042,3.8406896586348965e-05,0.8488632818982758,0.8549100992423497,1000,0,1.1389000446856608
hang,msd_100,32,0,20260919,208,156,2326,9.0,49.25,0.043852106620808254,69.24178355687519,1542699.114874741,27016.98369263167,602.9169080929952,1498483.1461965535,1588814.7204645977,1000,0,1.7388951265069243
hang,msd_1000,32,0,20260919,208,156,2326,9.0,49.25,0.043852106620808254,69.24178355687519,86537905.27886842,1755394.271289263,39338.105979079184,83638716.06636538,89510744.25131997,1000,0,1.5640192945531683
hang,msd_10000,32,0,20260919,208,156,2326,9.0,49.25,0.043852106620808254,69.24178355687519,2121003932.63021,86906327.70873375,2011402.0753506932,1989865961.1547158,2265067462.0754533,1000,0,1.1006534531011927
hang,hurst,32,0,20260919,208,156,2326,9.0,49.25,0.043852106620808254,69.24178355687519,0.8518430396421116,0.0018650493599337455,4.200638651592998e-05,0.8488512603118787,0.8550362295530366,1000,0,1.1612001979539244
hang,msd_100,32,10,20260918,209,157,2326,9.0,50.599999999999966,0.037403267411865865,68.1171908443079,1542699.114874741,25773.076780895317,594.4725887485196,1499629.805032143,1584294.0654583843,1000,0,1.6588334996704486
hang,msd_1000,32,10,20260918,209,157,2326,9.0,50.599999999999966,0.037403267411865865,68.1171908443079,86537905.27886847,1661083.1289249908,38597.23852380686,83783116.05460073,89355668.77459559,1000,0,1.4799900546487128
hang,msd_10000,32,10,20260918,209,157,2326,9.0,50.599999999999966,0.037403267411865865,68.1171908443079,2121003932.6302104,87203045.06689337,1984113.6297213226,1981004083.2147937,2265803046.3340483,1000,0,1.1044113265893925
hang,hurst,32,10,20260918,209,157,2326,9.0,50.599999999999966,0.037403267411865865,68.1171908443079,0.8518430396421116,0.001809792364320242,3.950078853584769e-05,0.8489491738584342,0.8548299168928838,1000,0,1.1267965861122415
hang,msd_100,32,10,20260919,209,157,2326,9.0,50.599999999999966,0.037403267411865865,68.1171908443079,1542699.114874741,25821.482049184255,571.1237957260649,1503701.9843087378,1585829.3519002113,1000,0,1.6619490097541243
hang,msd_1000,32,10,20260919,209,157,2326,9.0,50.599999999999966,0.037403267411865865,68.1171908443079,86537905.27886847,1638746.0116213432,36901.45596202092,84014316.89905056,89373094.87384842,1000,0,1.4600881539652024
hang,msd_10000,32,10,20260919,209,157,2326,9.0,50.599999999999966,0.037403267411865865,68.1171908443079,2121003932.6302104,86573054.48619975,2383862.3287190027,1986971785.5900066,2268669759.114784,1000,0,1.0964326059790177
hang,hurst,32,10,20260919,209,157,2326,9.0,50.599999999999966,0.037403267411865865,68.1171908443079,0.8518430396421116,0.001806397333584082,4.632731413286154e-05,0.8488904934176968,0.8548576169704825,1000,0,1.1246828027199196
hang,msd_100,32,21,20260918,204,154,2326,9.0,52.349999999999994,0.03353396388650043,69.23469492219492,1542699.114874741,26761.79326819073,613.025728637461,1498407.0217980463,1589162.5730908294,1000,0,1.722470295724922
hang,msd_1000,32,21,20260918,204,154,2326,9.0,52.349999999999994,0.03353396388650043,69.23469492219492,86537905.27886842,1702448.5506611054,39757.834105615606,83819651.94933489,89451706.14330581,1000,0,1.516845773492489
hang,msd_10000,32,21,20260918,204,154,2326,9.0,52.349999999999994,0.03353396388650043,69.23469492219492,2121003932.6302104,87258820.69520126,1913965.7829515934,1984002573.9302332,2270584295.674616,1000,0,1.1051177151748326
hang,hurst,32,21,20260918,204,154,2326,9.0,52.349999999999994,0.03353396388650043,69.23469492219492,0.8518430396421116,0.0017983136638277796,3.847870506756583e-05,0.8490080246530545,0.8548921593862127,1000,0,1.119649821222022
hang,msd_100,32,21,20260919,204,154,2326,9.0,52.349999999999994,0.03353396388650043,69.23469492219492,1542699.114874741,26967.58931329744,585.9608783640402,1498377.847925338,1586603.2160648666,1000,0,1.7357159542322431
hang,msd_1000,32,21,20260919,204,154,2326,9.0,52.349999999999994,0.03353396388650043,69.23469492219492,86537905.27886842,1742555.030820375,39307.825389751924,83694836.6588754,89494319.19135667,1000,0,1.5525798019279589
hang,msd_10000,32,21,20260919,204,154,2326,9.0,52.349999999999994,0.03353396388650043,69.23469492219492,2121003932.6302104,89209246.48459911,2059291.7375518626,1987577918.466599,2277548620.589602,1000,0,1.1298195169505694
hang,hurst,32,21,20260919,204,154,2326,9.0,52.349999999999994,0.03353396388650043,69.23469492219492,0.8518430396421116,0.0018494009733923931,4.224089304663657e-05,0.8490743512518762,0.8549503743365844,1000,0,1.1514573407728557
hang,msd_100,64,0,20260918,117,94,2326,15.0,87.04999999999987,0.055460017196904556,41.0846711115836,1542699.114874741,29950.494743217518,653.2128083737131,1495678.0156827408,1591932.3054297129,1000,0,1.9277048073895888
hang,msd_1000,64,0,20260918,117,94,2326,15.0,87.04999999999987,0.055460017196904556,41.0846711115836,86537905.27886845,1842131.3129857134,40396.218154188544,83712891.6376689,89680649.7279136,1000,0,1.641300170413653
hang,msd_10000,64,0,20260918,117,94,2326,15.0,87.04999999999987,0.055460017196904556,41.0846711115836,2121003932.6302094,79751561.56410412,1864931.0619505413,2002302980.2375517,2254409717.617538,1000,0,1.0100395902118198
hang,hurst,64,0,20260918,117,94,2326,15.0,87.04999999999987,0.055460017196904556,41.0846711115836,0.8518430396421116,0.0018289527813586724,4.550031583328082e-05,0.8490069904769411,0.8549084975359081,1000,0,1.138726072020698
hang,msd_100,64,0,20260919,117,94,2326,15.0,87.04999999999987,0.055460017196904556,41.0846711115836,1542699.114874741,30543.608002134293,724.0658237244575,1495338.1116342454,1595411.947928119,1000,0,1.9658793781385175
hang,msd_1000,64,0,20260919,117,94,2326,15.0,87.04999999999987,0.055460017196904556,41.0846711115836,86537905.27886845,1879458.4514938171,45675.212264972695,83622042.80902019,89768023.345943,1000,0,1.6745578640224255
hang,msd_10000,64,0,20260919,117,94,2326,15.0,87.04999999999987,0.055460017196904556,41.0846711115836,2121003932.6302094,78609368.53186621,1785082.9803543736,1987454200.3400044,2246012262.8470645,1000,0,0.9955739150626621
hang,hurst,64,0,20260919,117,94,2326,15.0,87.04999999999987,0.055460017196904556,41.0846711115836,0.8518430396421116,0.0017496078486730043,3.660241453995818e-05,0.8488303594666601,0.8546933321611797,1000,0,1.0893250462245165
hang,msd_100,64,21,20260918,119,94,2326,11.5,76.49999999999994,0.05331040412725709,41.105897369660674,1542699.114874741,31831.457835616853,771.513985221842,1493936.9502537088,1597098.1052490782,1000,0,2.0487693048821285
hang,msd_1000,64,21,20260918,119,94,2326,11.5,76.49999999999994,0.05331040412725709,41.105897369660674,86537905.27886845,1992641.4944018826,47521.26185925716,83568431.05133604,90147002.45977527,1000,0,1.7754015695191054
hang,msd_10000,64,21,20260918,119,94,2326,11.5,76.49999999999994,0.05331040412725709,41.105897369660674,2121003932.63021,86405177.0287694,2062845.6528511,1993813489.661431,2266624255.353037,1000,0,1.0943064673181155
hang,hurst,64,21,20260918,119,94,2326,11.5,76.49999999999994,0.05331040412725709,41.105897369660674,0.8518430396421116,0.0018474704151481805,4.1997743045392405e-05,0.8489481348288377,0.855030302023886,1000,0,1.150255354024676
hang,msd_100,64,21,20260919,119,94,2326,11.5,76.49999999999994,0.05331040412725709,41.105897369660674,1542699.114874741,31224.037535119172,709.6950292337366,1492512.5028592332,1599119.7890004045,1000,0,2.009673889483671
hang,msd_1000,64,21,20260919,119,94,2326,11.5,76.49999999999994,0.05331040412725709,41.105897369660674,86537905.27886845,1927946.6896330176,42526.668473010846,83505935.75548555,89898978.01099272,1000,0,1.7177598621427108
hang,msd_10000,64,21,20260919,119,94,2326,11.5,76.49999999999994,0.05331040412725709,41.105897369660674,2121003932.63021,88235211.334517,2077386.2081699518,1984648276.0195074,2270130337.3625684,1000,0,1.1174835319924559
hang,hurst,64,21,20260919,119,94,2326,11.5,76.49999999999994,0.05331040412725709,41.105897369660674,0.8518430396421116,0.0019478561041602674,4.6338510344679205e-05,0.8486597518386579,0.8550407183261954,1000,0,1.2127565856042615
hang,msd_100,64,42,20260918,115,94,2326,15.0,80.0,0.049011177987962166,43.1022131578528,1542699.1148747404,30166.158724834295,675.621437108275,1493111.700787686,1597409.4734913157,1000,0,1.9415855962616186
hang,msd_1000,64,42,20260918,115,94,2326,15.0,80.0,0.049011177987962166,43.1022131578528,86537905.27886848,1842280.0863170517,41513.68304227369,83649142.50764427,89730599.81188756,1000,0,1.6414327243159492
hang,msd_10000,64,42,20260918,115,94,2326,15.0,80.0,0.049011177987962166,43.1022131578528,2121003932.6302104,88156434.4632847,1998159.4617760377,1986319667.8221786,2268591351.8786616,1000,0,1.1164858366849642
hang,hurst,64,42,20260918,115,94,2326,15.0,80.0,0.049011177987962166,43.1022131578528,0.8518430396421116,0.0019443900133289632,4.530772973061016e-05,0.8488852101155882,0.8550852851140606,1000,0,1.2105985594169117
hang,msd_100,64,42,20260919,115,94,2326,15.0,80.0,0.049011177987962166,43.1022131578528,1542699.1148747404,31118.261562061383,707.8437103488226,1492061.4858367457,1594531.0734907354,1000,0,2.002865826594627
hang,msd_1000,64,42,20260919,115,94,2326,15.0,80.0,0.049011177987962166,43.1022131578528,86537905.27886848,1900679.8587058824,43043.834160396866,83526843.9044946,89789357.46464205,1000,0,1.693465690531887
hang,msd_10000,64,42,20260919,115,94,2326,15.0,80.0,0.049011177987962166,43.1022131578528,2121003932.6302104,88222964.95108716,1941438.5522979365,1975895618.9646242,2271305570.4639397,1000,0,1.1173284336864358
hang,hurst,64,42,20260919,115,94,2326,15.0,80.0,0.049011177987962166,43.1022131578528,0.8518430396421116,0.0019485741858165614,4.358507793868384e-05,0.8486690870270274,0.8550894029717583,1000,0,1.21320367112347
hang,msd_100,0,0,archived,4264,1768,2326,1.0,3.0,0.005588993981083405,1230.7270245677887,1542699.1148747394,15536.86779656639,316.0743808036249,1517909.4996335255,1569031.5973930594,1000,0,1.0
hang,msd_1000,0,0,archived,4264,1768,2326,1.0,3.0,0.005588993981083405,1230.7270245677887,86537905.27886862,1122361.0075672176,23263.15752933741,84787687.93525508,88410970.14159966,1000,0,1.0
hang,msd_10000,0,0,archived,4264,1768,2326,1.0,3.0,0.005588993981083405,1230.7270245677887,2121003932.6302078,78958847.0956659,1860529.3830530075,1995400307.6070714,2258420486.6360183,1000,0,1.0
hang,hurst,0,0,archived,4264,1768,2326,1.0,3.0,0.005588993981083405,1230.7270245677887,0.8518430396421116,0.001606139374777948,3.707269815677379e-05,0.8491487385657572,0.8545092040692838,1000,0,1.0
