discipline,statistic,variant,days,rho,occupied_day_pairs,bartlett_variance_factor
para,msd_100,raw,0,1.0,3642,
para,msd_100,raw,1,0.2348850808570942,2503,1.0
para,msd_100,raw,2,0.14136108954538976,2312,1.2348850808570941
para,msd_100,raw,3,0.09863754520336837,2257,1.407420834173052
para,msd_100,raw,4,0.07268052067650976,2246,1.5430074834327152
para,msd_100,raw,5,0.04460945128635437,2183,1.653431681259117
para,msd_100,raw,6,0.032682853161630304,2214,1.7419176302388362
para,msd_100,raw,7,0.09311431044064401,2181,1.8144598375562446
para,msd_100,raw,8,0.06694378320682814,2174,1.8921450706544618
para,msd_100,raw,9,0.07215620695138578,2171,1.9674433148879256
para,msd_100,raw,10,0.07851274597408536,2183,2.0421131516649744
para,msd_100,raw,11,0.06509056968663567,2130,2.11748169920512
para,msd_100,raw,12,0.06475911940717168,2155,2.1911372504363475
para,msd_100,raw,13,0.04614686579034737,2172,2.26342411984849
para,msd_100,raw,14,0.05235195808918287,2167,2.331976703028947
para,msd_100,raw,15,0.07034441617193037,2158,2.398369202863901
para,msd_100,raw,16,0.05138033441950364,2165,2.465255692240977
para,msd_100,raw,17,0.06775142225597847,2115,2.5303179280936323
para,msd_100,raw,18,0.08382104638263557,2132,2.5956789624355467
para,msd_100,raw,19,0.04224911392415013,2139,2.6629831559396413
para,msd_100,raw,20,0.06581068632439661,2121,2.7277818414857418
para,msd_100,raw,21,0.06188329474862561,2114,2.792676908058347
para,msd_100,raw,22,0.03594456643951101,2144,2.8572981771924075
para,msd_100,raw,23,0.03303136078041682,2077,2.9194258200052046
para,msd_100,raw,24,0.021385729941820274,2108,2.979128772648635
para,msd_100,raw,25,0.025902666759365922,2079,3.035766347475938
para,msd_100,raw,26,0.04077601619535386,2083,3.0900396986057066
para,msd_100,raw,27,0.04852449348549899,2071,3.143313247147741
para,msd_100,raw,28,0.053698444326108596,2104,3.196247577471451
para,msd_100,raw,29,0.0646540247646951,2078,3.249234605312567
para,msd_100,raw,30,0.05926167774647302,2066,3.3029994329485906
para,msd_100,raw,31,0.02084352389933075,2065,3.3571188960756095
para,msd_100,raw,32,0.017279947129118626,2082,3.4091586130008977
para,msd_100,raw,33,0.01226255167694419,2052,3.459091677211267
para,msd_100,raw,34,0.032020167470666376,2045,3.506808828919671
para,msd_100,raw,35,0.005936222544500915,2056,3.5536290101002033
para,msd_100,raw,36,0.023919655669036505,2041,3.5981778602454
para,msd_100,raw,37,0.015862635038887487,2030,3.6416116187972905
para,msd_100,raw,38,0.023931115308050737,2022,3.6835942655853398
para,msd_100,raw,39,0.013958195662004094,2024,3.7246511928103114
para,msd_100,raw,40,0.007823457491467619,2066,3.764353183457135
para,msd_100,raw,41,-0.0013209268429932928,2054,3.802500123706137
para,msd_100,raw,42,-0.007344980457084968,2029,3.8387676417126633
para,msd_100,raw,43,-0.007956719651495915,2045,3.8730066714185556
para,msd_100,raw,44,0.021549669449067728,2025,3.9053277125172943
para,msd_100,raw,45,0.024167579175799776,2004,3.9371700259871596
para,msd_100,raw,46,0.03928827600491105,1974,3.96867865535728
para,msd_100,raw,47,0.039278381894487104,1990,4.000518333520373
para,msd_100,raw,48,0.010563987252899983,1991,4.032667957672274
para,msd_100,raw,49,0.015059072037475332,1983,4.063936535420131
para,msd_100,raw,50,0.018666838438825356,1982,4.094556732939575
para,msd_100,raw,51,0.03168769879552443,1967,4.124708171279389
para,msd_100,raw,52,0.010267920844689728,1950,4.154918696559804
para,msd_100,raw,53,0.029331273157442175,1981,4.1843766707294385
para,msd_100,raw,54,0.005309331511157363,1985,4.21382995226899
para,msd_100,raw,55,0.007886793446657749,1954,4.24240527198933
para,msd_100,raw,56,0.02294583203672387,1950,4.2702417157713235
para,msd_100,raw,57,0.024605906250175457,1948,4.2979065591412
para,msd_100,raw,58,0.020559838104580046,1924,4.325465921920745
para,msd_100,raw,59,0.02776766414237499,1933,4.352788012677408
para,msd_100,raw,60,0.01400974129458613,1934,4.3801249558802615
para,msd_100,raw,61,0.02607808258301483,1945,4.407024941643501
para,msd_100,raw,62,0.04428982750662295,1929,4.4338984144009235
para,msd_100,raw,63,0.017379611203822493,1920,4.461324787309117
para,msd_100,raw,64,0.02328918961379909,1921,4.488437198914047
para,msd_1000,raw,0,1.0,3642,
para,msd_1000,raw,1,0.2141049929116781,2503,1.0
para,msd_1000,raw,2,0.13138500934956776,2312,1.214104992911678
para,msd_1000,raw,3,0.08694253147375797,2257,1.3730633301152828
para,msd_1000,raw,4,0.062557747958524,2246,1.496013764453964
para,msd_1000,raw,5,0.036765542726127386,2183,1.5948071242405821
para,msd_1000,raw,6,0.022973181036877885,2214,1.672924545007037
para,msd_1000,raw,7,0.08982351800483443,2181,1.7352864687078984
para,msd_1000,raw,8,0.05330982958929254,2174,1.8045137909847528
para,msd_1000,raw,9,0.05944954024521334,2171,1.8702038926643714
para,msd_1000,raw,10,0.06838306032500172,2183,1.9346458820571089
para,msd_1000,raw,11,0.053376887443360985,2130,1.9998044298011672
para,msd_1000,raw,12,0.05471267490613107,2155,2.0629993674951095
para,msd_1000,raw,13,0.04142936404783209,2172,2.124889341683234
para,msd_1000,raw,14,0.04670096344295616,2167,2.183856371565603
para,msd_1000,raw,15,0.06490165269931997,2158,2.241187925922717
para,msd_1000,raw,16,0.046608877326518756,2165,2.2994657425726066
para,msd_1000,raw,17,0.058734217885610375,2115,2.3563707428315115
para,msd_1000,raw,18,0.0786100053149459,2132,2.4134789894933832
para,msd_1000,raw,19,0.03403830684894891,2139,2.472850579171369
para,msd_1000,raw,20,0.05838170110198257,2121,2.5296888405664504
para,msd_1000,raw,21,0.059695549814935966,2114,2.5866740962193315
para,msd_1000,raw,22,0.030415219967254842,2144,2.643905742250582
para,msd_1000,raw,23,0.029058347413148316,2077,2.6988055251458327
para,msd_1000,raw,24,0.005254934715126634,2108,2.7515518550842413
para,msd_1000,raw,25,0.01553134537111332,2079,2.8004988734047878
para,msd_1000,raw,26,0.025058380991772742,2083,2.846875455344608
para,msd_1000,raw,27,0.03586417175501659,2071,2.8916729112882775
para,msd_1000,raw,28,0.0433733227006052,2104,2.9358322755041852
para,msd_1000,raw,29,0.05083534352359487,2078,2.9799374299604167
para,msd_1000,raw,30,0.04468389066197125,2066,3.0244912636878065
para,msd_1000,raw,31,0.014781486284817033,2065,3.0690534881851685
para,msd_1000,raw,32,0.0031780412956553712,2082,3.111754416544247
para,msd_1000,raw,33,0.006356509958580966,2052,3.152060018414634
para,msd_1000,raw,34,0.022036364149176684,2045,3.1903686148784423
para,msd_1000,raw,35,-0.010569432471173326,2056,3.227747369495701
para,msd_1000,raw,36,0.015065470551622901,2041,3.262462335941381
para,msd_1000,raw,37,0.004075665310886799,2030,3.2961151674738676
para,msd_1000,raw,38,0.013271952050531242,2022,3.3282113060473226
para,msd_1000,raw,39,0.01010336015970433,2024,3.359342101722166
para,msd_1000,raw,40,-0.0010588931046972949,2066,3.3894215256212537
para,msd_1000,raw,41,-0.008322082310745351,2054,3.4179820072274754
para,msd_1000,raw,42,-0.023303663865387247,2029,3.444786176266218
para,msd_1000,raw,43,-0.015757671314532193,2045,3.4692597484257015
para,msd_1000,raw,44,0.017485838332428644,2025,3.4919046277000025
para,msd_1000,raw,45,0.019268590216336468,2004,3.5143202162657756
para,msd_1000,raw,46,0.03392630404668144,1974,3.536598978816356
para,msd_1000,raw,47,0.026977448616840413,1990,3.559373381430599
para,msd_1000,raw,48,-0.003231737656441365,1991,3.5823229109616164
para,msd_1000,raw,49,-0.003884052541281258,1983,3.604203817342128
para,msd_1000,raw,50,0.005199518608007379,1982,3.6250541253657653
para,msd_1000,raw,51,0.017413323256802397,1967,3.645290676941732
para,msd_1000,raw,52,-0.00031844620608284426,1950,3.665418642813115
para,msd_1000,raw,53,0.01783181621233212,1981,3.684775045964596
para,msd_1000,raw,54,-0.0013719261028639158,1985,3.7040749829331423
para,msd_1000,raw,55,0.012390832976620882,1954,3.7226232157900028
para,msd_1000,raw,56,0.01709177351024453,1950,3.740951541508283
para,msd_1000,raw,57,0.014756326248928498,1948,3.7592364794297906
para,msd_1000,raw,58,0.01309056628526535,1924,3.7773997410867257
para,msd_1000,raw,59,0.021177739377796757,1933,3.7953910469683496
para,msd_1000,raw,60,0.004644958437329919,1934,3.813488567299846
para,msd_1000,raw,61,0.008069731726392578,1945,3.831145020028257
para,msd_1000,raw,62,0.037488746959691184,1929,3.8484922236920847
para,msd_1000,raw,63,0.006319580740597211,1920,3.866478841428796
para,msd_1000,raw,64,0.017684751742438602,1921,3.8841008642593806
para,msd_10000,raw,0,1.0,3642,
para,msd_10000,raw,1,0.1678939591289314,2503,1.0
para,msd_10000,raw,2,0.07405905132214495,2312,1.1678939591289315
para,msd_10000,raw,3,0.036986387949553154,2257,1.2732313130533386
para,msd_10000,raw,4,0.01930263183791852,2246,1.3443931839903187
para,msd_10000,raw,5,0.008106841339773692,2183,1.394811359287674
para,msd_10000,raw,6,0.018042207359391754,2214,1.431125756599169
para,msd_10000,raw,7,0.06110874379998722,2181,1.462219528210063
para,msd_10000,raw,8,0.01796704800495206,2174,1.5008170428682304
para,msd_10000,raw,9,-0.003627563016882414,2171,1.5348300093812386
para,msd_10000,raw,10,0.031172306165885982,2183,1.5613148699882688
para,msd_10000,raw,11,0.02391901708125667,2130,1.5886519934241816
para,msd_10000,raw,12,0.03153144407335223,2155,1.615419432467652
para,msd_10000,raw,13,0.03261902858079473,2172,1.6429197953618737
para,msd_10000,raw,14,0.030312723752525424,2167,1.6711513962113198
para,msd_10000,raw,15,0.05091723283006627,2158,1.69966048011451
para,msd_10000,raw,16,0.024590833011272933,2165,1.7309705826335595
para,msd_10000,raw,17,0.0195354816846302,2115,1.7614901828575764
para,msd_10000,raw,18,0.018622232465556315,2132,1.7907893254661063
para,msd_10000,raw,19,0.0012850433633652253,2139,1.8189645827964278
para,msd_10000,raw,20,0.014701389295083904,2121,1.8444508187300541
para,msd_10000,raw,21,0.02940176473214091,2114,1.8689099264123907
para,msd_10000,raw,22,-0.004550411559516392,2144,1.8938183665538004
para,msd_10000,raw,23,0.02905772522573693,2077,1.9161651674168687
para,msd_10000,raw,24,0.009719468837708514,2108,1.939071211976826
para,msd_10000,raw,25,0.005965242962170765,2079,1.9609223304790033
para,msd_10000,raw,26,0.018933715632308334,2083,1.9815514585550262
para,msd_10000,raw,27,0.028491018331001122,2071,2.0020550005241073
para,msd_10000,raw,28,0.03290056534838893,2104,2.02312907651904
para,msd_10000,raw,29,0.025571485690624816,2078,2.0450187724693834
para,msd_10000,raw,30,0.0074580195179489535,2066,2.0671539210690786
para,msd_10000,raw,31,-0.004442435281922448,2065,2.088342158115114
para,msd_10000,raw,32,-0.02792816581501405,2082,2.10792847814065
para,msd_10000,raw,33,-0.008553170850854346,2052,2.1246351323576693
para,msd_10000,raw,34,-0.01299810251608266,2045,2.139855914511872
para,msd_10000,raw,35,-0.038739680070421466,2056,2.1534641889706307
para,msd_10000,raw,36,-0.01633645008580038,2041,2.1641642437333224
para,msd_10000,raw,37,-0.012113419932971603,2030,2.173402865801502
para,msd_10000,raw,38,-0.004718639484076841,2022,2.18151769618541
para,msd_10000,raw,39,-0.003351457258760147,2024,2.188974399909422
para,msd_10000,raw,40,-0.012418721168313197,2066,2.1958906955842954
para,msd_10000,raw,41,-0.008452771097197595,2054,2.201863819705841
para,msd_10000,raw,42,-0.019844025349091833,2029,2.207149996436019
para,msd_10000,raw,43,-0.024916405412932104,2045,2.211267326557859
para,msd_10000,raw,44,0.008957994010576271,2025,2.214064941428118
para,msd_10000,raw,45,0.0060116002103473955,2004,2.217136350926836
para,msd_10000,raw,46,0.007481076760707684,1974,2.220335594804321
para,msd_10000,raw,47,0.026618826371013125,1990,2.223717044336409
para,msd_10000,raw,48,-0.015427454113552248,1991,2.228066717903456
para,msd_10000,raw,49,0.00020580849647272074,1983,2.231609161769251
para,msd_10000,raw,50,-0.0020498992572214113,1982,2.235018140220274
para,msd_10000,raw,51,0.0022598772675392043,1967,2.2382130450356796
para,msd_10000,raw,52,-0.0029932210091154444,1950,2.24137198725309
para,msd_10000,raw,53,0.010942120609069692,1981,2.244298772367612
para,msd_10000,raw,54,-0.004980917719343327,1985,2.247522421759712
para,msd_10000,raw,55,0.0011606154714295387,1954,2.2504477232568476
para,msd_10000,raw,56,0.013035252637433783,1950,2.2533100002530677
para,msd_10000,raw,57,-0.0030088345189412074,1948,2.256529223763014
para,msd_10000,raw,58,-0.006123105025567844,1924,2.259533686651273
para,msd_10000,raw,59,0.020155584532960295,1933,2.262228740457709
para,msd_10000,raw,60,0.020071258681797873,1934,2.2655058119550286
para,msd_10000,raw,61,-0.0035261924861327417,1945,2.2693335125403644
para,msd_10000,raw,62,0.03117518467359474,1929,2.272923990768555
para,msd_10000,raw,63,0.014522846155559849,1920,2.277390173963267
para,msd_10000,raw,64,-0.017425236860275285,1921,2.282170627875505
para,hurst,raw,0,1.0,3642,
para,hurst,raw,1,0.17380873727002702,2503,1.0
para,hurst,raw,2,0.08287249640934427,2312,1.173808737270027
para,hurst,raw,3,0.0420278130853933,2257,1.2869933139662655
para,hurst,raw,4,0.026297919608275575,2246,1.3645995088570815
para,hurst,raw,5,0.01320319900795553,2183,1.4216823936348812
para,hurst,raw,6,0.012477101626162817,2214,1.4641387164893995
para,hurst,raw,7,0.06478763021078669,2181,1.4980295475643879
para,hurst,raw,8,0.016803739642318093,2174,1.5396445784233257
para,hurst,raw,9,0.0007282106616491585,2171,1.5757459890119034
para,hurst,raw,10,0.03331975792738689,2183,1.6047727596150958
para,hurst,raw,11,0.024369563919448778,2130,1.6345800733681415
para,hurst,raw,12,0.026747405612142162,2155,1.663481095482254
para,hurst,raw,13,0.026221097054527395,2172,1.692050791980679
para,hurst,raw,14,0.028587265617300982,2167,1.7202849742728334
para,hurst,raw,15,0.05174575818244038,2158,1.7485662343416737
para,hurst,raw,16,0.02668320068838234,2165,1.7797805566747138
para,hurst,raw,17,0.01583757143528468,2115,1.8104618058730884
para,hurst,raw,18,0.02008485361780378,2132,1.8394937575422308
para,hurst,raw,19,0.007160711939541404,2139,1.8675839094164954
para,hurst,raw,20,0.01924201780016887,2121,1.893581117297288
para,hurst,raw,21,0.038681003277104574,2114,1.9189349737418304
para,hurst,raw,22,0.005288660305087807,2144,1.9455003889893332
para,hurst,raw,23,0.029638042828942106,2077,1.9702156516331473
para,hurst,raw,24,-0.002654427949961271,2108,1.995341145959056
para,hurst,raw,25,0.005160592587554526,2079,2.0182442465028947
para,hurst,raw,26,0.016843531630922892,2083,2.0397825387424042
para,hurst,raw,27,0.02587771732502297,2071,2.0609730709368326
para,hurst,raw,28,0.029660605785299755,2104,2.0824984020691613
para,hurst,raw,29,0.026591750205129414,2078,2.104584786625833
para,hurst,raw,30,0.008170169168286721,2066,2.126971528892401
para,hurst,raw,31,-0.0050933451806211465,2065,2.148441072894564
para,hurst,raw,32,-0.030286782671902917,2082,2.1682504363228032
para,hurst,raw,33,-0.006418278555536365,2052,2.1850236696843672
para,hurst,raw,34,-0.014249670996667341,2045,2.2004326964625722
para,hurst,raw,35,-0.041559996503764234,2056,2.2141469405107843
para,hurst,raw,36,-0.013148873946789147,2041,2.22479039341722
para,hurst,raw,37,-0.012229708112862121,2030,2.23414777460186
para,hurst,raw,38,-0.010248151698586309,2022,2.242368993191895
para,hurst,raw,39,-0.0037552612139518013,2024,2.249643064587641
para,hurst,raw,40,-0.014607996445885988,2066,2.256365669352902
para,hurst,raw,41,-0.005701260125880533,2054,2.262047756985912
para,hurst,raw,42,-0.028145545883273677,2029,2.2671877804399285
para,hurst,raw,43,-0.025710327494416384,2045,2.270779637878256
para,hurst,raw,44,0.008557821836398725,2025,2.273039577819641
para,hurst,raw,45,0.005409717569661203,2004,2.275579423623026
para,hurst,raw,46,0.006798859629368276,1974,2.278244046459728
para,hurst,raw,47,0.01942088371097875,1990,2.2810845942663294
para,hurst,raw,48,-0.019846902283437728,1991,2.284615989402281
para,hurst,raw,49,-0.0076902901847496095,1983,2.2871931683170335
para,hurst,raw,50,-0.0047322479481568674,1982,2.289359648467804
para,hurst,raw,51,0.00017717363648247461,1967,2.2912555902617564
para,hurst,raw,52,-0.006156171135029524,1950,2.293085425588113
para,hurst,raw,53,0.006046270932111953,1981,2.294613902180076
para,hurst,raw,54,-0.01081198341531943,1985,2.2963097044883423
para,hurst,raw,55,0.0035956471887461233,1954,2.297550678224842
para,hurst,raw,56,0.007209063938747529,1950,2.2988757474417785
para,hurst,raw,57,0.00028815867323996183,1948,2.300407272613866
para,hurst,raw,58,-0.00254413590470459,1924,2.3018959230790967
para,hurst,raw,59,0.014580179113122944,1933,2.3032478689216194
para,hurst,raw,60,0.013464482563211597,1934,2.3050407558731605
para,hurst,raw,61,-0.010288013045650829,1945,2.3072163180906573
para,hurst,raw,62,0.02697584825604158,1929,2.308989829493216
para,hurst,raw,63,0.004709901324753933,1920,2.311563415081599
para,hurst,raw,64,-0.012937926313652417,1921,2.314203760536741
para,msd_100,month_centred,0,1.0,3642,
para,msd_100,month_centred,1,0.21255637116191678,2503,1.0
para,msd_100,month_centred,2,0.12003540361988217,2312,1.2125563711619167
para,msd_100,month_centred,3,0.09372223088106288,2257,1.3634320972958105
para,msd_100,month_centred,4,0.06510919831926161,2246,1.485731075803289
para,msd_100,month_centred,5,0.035667662135847725,2183,1.5851541422354805
para,msd_100,month_centred,6,0.02695702631936205,2214,1.6633254072355572
para,msd_100,month_centred,7,0.07929172783773883,2181,1.726864032612573
para,msd_100,month_centred,8,0.05438122146516767,2174,1.7943409336047695
para,msd_100,month_centred,9,0.05286638636590447,2171,1.8589076835909593
para,msd_100,month_centred,10,0.06651589520513308,2183,1.9211343608530922
para,msd_100,month_centred,11,0.05109343264199613,2130,1.9841408959230433
para,msd_100,month_centred,12,0.055955150404535366,2155,2.0451619139216684
para,msd_100,month_centred,13,0.045281437552574605,2172,2.105403567675049
para,msd_100,month_centred,14,0.053558271084761196,2167,2.1635080476854576
para,msd_100,month_centred,15,0.05956105106161872,2158,2.2210063665057795
para,msd_100,month_centred,16,0.039809588907334256,2165,2.2787625268562643
para,msd_100,month_centred,17,0.0511689289721048,2115,2.334407325860495
para,msd_100,month_centred,18,0.06864190043646624,2132,2.389554805972268
para,msd_100,month_centred,19,0.02782173837192444,2139,2.446122751381377
para,msd_100,month_centred,20,0.06329501254701722,2121,2.499816076086767
para,msd_100,month_centred,21,0.057893777385547254,2114,2.5544238472532648
para,msd_100,month_centred,22,0.03362316135877332,2144,2.6093303462578583
para,msd_100,month_centred,23,0.02974200191205305,2077,2.6623861202497716
para,msd_100,month_centred,24,0.018280909627504775,2108,2.7134990799016965
para,msd_100,month_centred,25,0.017441322815627103,2079,2.7619854755516675
para,msd_100,month_centred,26,0.028272627788473195,2083,2.80808378867592
para,msd_100,month_centred,27,0.04059834349757257,2071,2.852861680664189
para,msd_100,month_centred,28,0.05069747913329631,2104,2.8973410334745506
para,msd_100,month_centred,29,0.06597353063414586,2078,2.942249222583046
para,msd_100,month_centred,30,0.05841246095193889,2066,2.988561767793252
para,msd_100,month_centred,31,0.013713055392046748,2065,3.0356549527287293
para,msd_100,month_centred,32,0.015560956398838189,2082,3.0806618795677436
para,msd_100,month_centred,33,0.011104683859985615,2052,3.1238842021376563
para,msd_100,month_centred,34,0.036059306954485566,2045,3.16521725184228
para,msd_100,month_centred,35,0.01224091548605367,2056,3.2062489448183222
para,msd_100,month_centred,36,0.03194596400961349,2041,3.2456811501560336
para,msd_100,month_centred,37,0.022792585401090956,2030,3.284708693800332
para,msd_100,month_centred,38,0.027415899479305582,2022,3.3228817659581487
para,msd_100,month_centred,39,0.01982295463105678,2024,3.3605031882350156
para,msd_100,month_centred,40,0.015926493494347337,2066,3.397234687129589
para,msd_100,month_centred,41,0.007120363472518035,2054,3.4329513077119587
para,msd_100,month_centred,42,0.010064647854164513,2029,3.4673062017652887
para,msd_100,month_centred,43,0.008365584253928129,2045,3.5005313169256334
para,msd_100,month_centred,44,0.0272660657114494,2025,3.5326264534084135
para,msd_100,month_centred,45,0.025478166865986942,2004,3.5645069645235776
para,msd_100,month_centred,46,0.04860738407757066,1974,3.5961091128453013
para,msd_100,month_centred,47,0.0461418929270418,1990,3.6284348882204647
para,msd_100,month_centred,48,0.023825149616031285,1991,3.66133633516029
para,msd_100,month_centred,49,0.03270784677808931,1983,3.693867320984856
para,msd_100,month_centred,50,0.03337162592020548,1982,3.7264053812475644
para,msd_100,month_centred,51,0.0370496988677981,1967,3.758976130359589
para,msd_100,month_centred,52,0.02571594891655681,1950,3.7917191467699087
para,msd_100,month_centred,53,0.03677516124959468,1981,3.8241969908219735
para,msd_100,month_centred,54,0.013359210165245229,1985,3.856833994770246
para,msd_100,month_centred,55,0.016279036390187948,1954,3.8887699880354982
para,msd_100,month_centred,56,0.02792506283984702,1950,3.920146804269497
para,msd_100,month_centred,57,0.03207342047843861,1948,3.9514025063493152
para,msd_100,month_centred,58,0.018944087211626676,1924,3.9826864056152957
para,msd_100,month_centred,59,0.03456221679898467,1933,4.013552006167565
para,msd_100,month_centred,60,0.018831143356592316,1934,4.044540827261393
para,msd_100,month_centred,61,0.020935897137630256,1945,4.075131035970395
para,msd_100,month_centred,62,0.05041943136128803,1929,4.105409815273869
para,msd_100,month_centred,63,0.0229635352402971,1920,4.136327980356954
para,msd_100,month_centred,64,0.02864587342507826,1921,4.1669975632574525
para,msd_1000,month_centred,0,1.0,3642,
para,msd_1000,month_centred,1,0.1909746271325904,2503,1.0
para,msd_1000,month_centred,2,0.10855664432886784,2312,1.1909746271325905
para,msd_1000,month_centred,3,0.07927002008029467,2257,1.3270039323960325
para,msd_1000,month_centred,4,0.05417396424804627,2246,1.4346535950679007
para,msd_1000,month_centred,5,0.025101801948573668,2183,1.5209129783702404
para,msd_1000,month_centred,6,0.015084132117286566,2214,1.5867865012213245
para,msd_1000,month_centred,7,0.07475775502677254,2181,1.638148769577038
para,msd_1000,month_centred,8,0.03773583761113958,2174,1.6953599096005163
para,msd_1000,month_centred,9,0.035043483916900875,2171,1.7482432046434746
para,msd_1000,month_centred,10,0.0528689011573601,2183,1.7975585374612217
para,msd_1000,month_centred,11,0.0336467974554136,2130,1.8475199736134438
para,msd_1000,month_centred,12,0.04126355459599756,2155,1.894762303316198
para,msd_1000,month_centred,13,0.03794441990675805,2172,1.9410848214640666
para,msd_1000,month_centred,14,0.045649723827605446,2167,1.9862104684346331
para,msd_1000,month_centred,15,0.047464282600765365,2158,2.0314059923194723
para,msd_1000,month_centred,16,0.029358131899659426,2165,2.0768851110438016
para,msd_1000,month_centred,17,0.03481671659403522,2115,2.1204676430828755
para,msd_1000,month_centred,18,0.05637897591113183,2132,2.1630761956280566
para,msd_1000,month_centred,19,0.013689904284161045,2139,2.207134266422285
para,msd_1000,month_centred,20,0.053773915237659814,2121,2.248155520565507
para,msd_1000,month_centred,21,0.0502396907565279,2114,2.2903913138605803
para,msd_1000,month_centred,22,0.023415934290854562,2144,2.333354734197603
para,msd_1000,month_centred,23,0.022331178135953162,2077,2.374618373139308
para,msd_1000,month_centred,24,0.0019987087282094204,2108,2.4143043070138663
para,msd_1000,month_centred,25,0.0075782432577412755,2079,2.4509752628767174
para,msd_1000,month_centred,26,0.013973253221818742,2083,2.4854083177699433
para,msd_1000,month_centred,27,0.027917531580446266,2071,2.518325831798622
para,msd_1000,month_centred,28,0.04008680333863645,2104,2.550886204223855
para,msd_1000,month_centred,29,0.05267058840590795,2078,2.583965640850012
para,msd_1000,month_centred,30,0.04201443071191641,2066,2.618351154261485
para,msd_1000,month_centred,31,0.005692550922575502,2065,2.6532288558858914
para,msd_1000,month_centred,32,-0.0016833879777456077,2082,2.6862824855914322
para,msd_1000,month_centred,33,0.0026561945584481195,2052,2.717230841497987
para,msd_1000,month_centred,34,0.025036938265166682,2045,2.7465149526193584
para,msd_1000,month_centred,35,-0.005043901393950702,2056,2.7755563681489472
para,msd_1000,month_centred,36,0.022901915882770813,2041,2.802704154960561
para,msd_1000,month_centred,37,0.008573623603232525,2030,2.829622435235481
para,msd_1000,month_centred,38,0.014578045674278263,2022,2.855575207264522
para,msd_1000,month_centred,39,0.013713402976268803,2024,2.8809446599933195
para,msd_1000,month_centred,40,0.004894190680222781,2066,2.905731310234491
para,msd_1000,month_centred,41,-0.0002605090125038308,2054,2.92954759659464
para,msd_1000,month_centred,42,-0.004965039868706474,2029,2.9522173688894244
para,msd_1000,month_centred,43,0.0004946726157683815,2045,2.973601801083581
para,msd_1000,month_centred,44,0.02332848395997492,2025,2.994036698751448
para,msd_1000,month_centred,45,0.021830802074861183,2004,3.014600200254519
para,msd_1000,month_centred,46,0.045810989199027236,1974,3.0352188017824515
para,msd_1000,month_centred,47,0.03447617353198654,1990,3.0569094198070252
para,msd_1000,month_centred,48,0.011983013392314902,1991,3.079132769311075
para,msd_1000,month_centred,49,0.017720076792527746,1983,3.1009381459126044
para,msd_1000,month_centred,50,0.02298168325404807,1982,3.1225801105217745
para,msd_1000,month_centred,51,0.022877249309648816,1967,3.1442746131170187
para,msd_1000,month_centred,52,0.015127157215694964,1950,3.1660146059705077
para,msd_1000,month_centred,53,0.025639587033430986,1981,3.1875050578565345
para,msd_1000,month_centred,54,0.005868796077426108,1985,3.209149181414687
para,msd_1000,month_centred,55,0.019826273578646265,1954,3.2302196567008123
para,msd_1000,month_centred,56,0.022207842571010758,1950,3.2512456962116705
para,msd_1000,month_centred,57,0.022926033979797616,1948,3.2723132024965693
para,msd_1000,month_centred,58,0.009632449766263056,1924,3.293444795943362
para,msd_1000,month_centred,59,0.027641134341492603,1933,3.3141865879094587
para,msd_1000,month_centred,60,0.01059837949500897,1934,3.3351583579547333
para,msd_1000,month_centred,61,0.0016475691610694603,1945,3.355790016834427
para,msd_1000,month_centred,62,0.04198578051394167,1929,3.3758092857231956
para,msd_1000,month_centred,63,0.011576482665565303,1920,3.3965259041873694
para,msd_1000,month_centred,64,0.023091647258221788,1921,3.4169568934078343
para,msd_10000,month_centred,0,1.0,3642,
para,msd_10000,month_centred,1,0.14874738432567622,2503,1.0
para,msd_10000,month_centred,2,0.05708070762777502,2312,1.1487473843256761
para,msd_10000,month_centred,3,0.03157830139184785,2257,1.2363836508527517
para,msd_10000,month_centred,4,0.008763430567718958,2246,1.2959909348122132
para,msd_10000,month_centred,5,-0.0037795505069587836,2183,1.3352606774149778
para,msd_10000,month_centred,6,0.00936737271107551,2214,1.3601806556478346
para,msd_10000,month_centred,7,0.0442858408312569,2181,1.3806570323030396
para,msd_10000,month_centred,8,0.0051581862256980405,2174,1.4070857750022576
para,msd_10000,month_centred,9,-0.016344440613178305,2171,1.4287877273740266
para,msd_10000,month_centred,10,0.019246669070431658,2183,1.4428804011488063
para,msd_10000,month_centred,11,0.002966727341851701,2130,1.4579101649773407
para,msd_10000,month_centred,12,0.019659925763972647,2155,1.4709294227247616
para,msd_10000,month_centred,13,0.030682990960589605,2172,1.484970321705498
para,msd_10000,month_centred,14,0.022789131871529207,2167,1.501388662397642
para,msd_10000,month_centred,15,0.034758790493604134,2158,1.518656441913704
para,msd_10000,month_centred,16,0.0016860650353079183,2165,1.5381105978019587
para,msd_10000,month_centred,17,-0.0049635044610155,2115,1.555474390060455
para,msd_10000,month_centred,18,-0.0028190445844793804,2132,1.5703573715723391
para,msd_10000,month_centred,19,-0.017499979270766998,2139,1.583376981916185
para,msd_10000,month_centred,20,0.002667979926014126,2121,1.5933446332985688
para,msd_10000,month_centred,21,0.012768527269429888,2114,1.6026170778755848
para,msd_10000,month_centred,22,-0.011522329976928532,2144,1.6122073481519112
para,msd_10000,month_centred,23,0.018303826545607263,2077,1.6199617401453457
para,msd_10000,month_centred,24,0.005037424039805047,2108,1.6285952516847946
para,msd_10000,month_centred,25,0.007067435656249532,2079,1.6369410762242718
para,msd_10000,month_centred,26,0.014467625986319406,2083,1.645188563157347
para,msd_10000,month_centred,27,0.025046639148491177,2071,1.6538968011314035
para,msd_10000,month_centred,28,0.030279593906881088,2104,1.6637720677607764
para,msd_10000,month_centred,29,0.025585416125379616,2078,1.6750545293748051
para,msd_10000,month_centred,30,0.010805563210613706,2066,1.6872905212895906
para,msd_10000,month_centred,31,-0.0135556680038246,2065,1.6994342274815262
para,msd_10000,month_centred,32,-0.034757547268931,2082,1.7099717227862268
para,msd_10000,month_centred,33,-0.009130808576302527,2052,1.717764063995556
para,msd_10000,month_centred,34,-0.009718207614767526,2045,1.7245609258057302
para,msd_10000,month_centred,35,-0.03195825216302079,2056,1.7304140693630505
para,msd_10000,month_centred,36,-0.008986984047274183,2041,1.7341665798247967
para,msd_10000,month_centred,37,-0.004186903338257172,2030,1.7372304689617306
para,msd_10000,month_centred,38,-0.0045122364604141115,2022,1.7399127374420762
para,msd_10000,month_centred,39,-0.001557511608848097,2024,1.7422260569510999
para,msd_10000,month_centred,40,-0.008225141612202646,2066,1.7443458349042305
para,msd_10000,month_centred,41,-0.004006346330545909,2054,1.7459609826346612
para,msd_10000,month_centred,42,-0.0027897571293922343,2029,1.747308440171713
para,msd_10000,month_centred,43,-0.006850412830521478,2045,1.7484634691196277
para,msd_10000,month_centred,44,0.01875561646535588,2025,1.74925461435034
para,msd_10000,month_centred,45,0.0069820055910146455,2004,1.7508441805248152
para,msd_10000,month_centred,46,0.012353585551361066,1974,1.7526682005869654
para,msd_10000,month_centred,47,0.031777045049750006,1990,1.7549402872656783
para,msd_10000,month_centred,48,-0.004091865878124972,1991,1.7584417472098504
para,msd_10000,month_centred,49,0.011835473670124292,1983,1.7616332754878066
para,msd_10000,month_centred,50,0.007879819139580147,1982,1.76517056158145
para,msd_10000,month_centred,51,0.005739592913333981,1967,1.768878143088659
para,msd_10000,month_centred,52,0.005937909654417196,1950,1.7726638788807185
para,msd_10000,month_centred,53,0.01869905204183016,1981,1.7765308287807922
para,msd_10000,month_centred,54,-0.0017491148308146137,1985,1.7809471157972274
para,msd_10000,month_centred,55,0.005112390621669958,1954,1.785139206382853
para,msd_10000,month_centred,56,0.015148638114289178,1950,1.7893641648269092
para,msd_10000,month_centred,57,0.002908499286417063,1948,1.7939724102769383
para,msd_10000,month_centred,58,-0.0033823905786578737,1924,1.7985220437902907
para,msd_10000,month_centred,59,0.024548665077909614,1933,1.8028027951310333
para,msd_10000,month_centred,60,0.02164192020453034,1934,1.8077591435963476
para,msd_10000,month_centred,61,-0.010513534308899536,1945,1.8132625599875383
para,msd_10000,month_centred,62,0.023336578021890028,1929,1.8182493005496934
para,msd_10000,month_centred,63,0.011661077472006993,1920,1.82381857563438
para,msd_10000,month_centred,64,-0.014577248461796933,1921,1.8295782195436705
para,hurst,month_centred,0,1.0,3642,
para,hurst,month_centred,1,0.1601339200313731,2503,1.0
para,hurst,month_centred,2,0.06674608504543575,2312,1.1601339200313732
para,hurst,month_centred,3,0.036509142304021684,2257,1.2580092834054546
para,hurst,month_centred,4,0.01695437348735886,2246,1.3252015362445062
para,hurst,month_centred,5,-0.0002117556319781052,2183,1.3722986373428807
para,hurst,month_centred,6,0.0022416352977923447,2214,1.403626119531138
para,hurst,month_centred,7,0.04783149770050028,2181,1.4266433597506905
para,hurst,month_centred,8,0.0021643519234689048,2174,1.4558641643404802
para,hurst,month_centred,9,-0.016714629542344338,2171,1.4790724238933097
para,hurst,month_centred,10,0.018107047232017916,2183,1.4942961056271045
para,hurst,month_centred,11,0.0011669552887501255,2130,1.5100440356333031
para,hurst,month_centred,12,0.013073596292296881,2155,1.523361803186594
para,hurst,month_centred,13,0.02353139609451655,2172,1.5366420059305015
para,hurst,month_centred,14,0.021440889834898412,2167,1.5513866648673527
para,hurst,month_centred,15,0.03028374263030488,2158,1.56702415459061
para,hurst,month_centred,16,0.00089930209501109,2165,1.5844924259272486
para,hurst,month_centred,17,-0.011567455976538974,2115,1.600011406764872
para,hurst,month_centred,18,-0.004395378989661324,2132,1.6125207835120332
para,hurst,month_centred,19,-0.01384788865348111,2139,1.623250712286897
para,hurst,month_centred,20,0.00830615291015306,2121,1.6315228593189268
para,hurst,month_centred,21,0.02137568852079625,2114,1.6397982450060153
para,hurst,month_centred,22,-0.003547245623912855,2144,1.6492645673143504
para,hurst,month_centred,23,0.01879151068265409,2077,1.6575992750198814
para,hurst,month_centred,24,-0.0051456640961692985,2108,1.6668053829735057
para,hurst,month_centred,25,0.007763521525457216,2079,1.6748633491631466
para,hurst,month_centred,26,0.014469090958090316,2083,1.682898665763235
para,hurst,month_centred,27,0.023140223516020658,2071,1.6914105582416936
para,hurst,month_centred,28,0.0293369618468351,2104,1.7009673315085498
para,hurst,month_centred,29,0.02947285898647285,2078,1.7118882557119561
para,hurst,month_centred,30,0.009557318664868888,2066,1.7240459755675672
para,hurst,month_centred,31,-0.01270055727040531,2065,1.73603592760442
para,hurst,month_centred,32,-0.03815078280904139,2082,1.7464827228095703
para,hurst,month_centred,33,-0.008278317230437983,2052,1.7539842102562835
para,hurst,month_centred,34,-0.011143203064194378,2045,1.7605574738984595
para,hurst,month_centred,35,-0.03427834998607917,2056,1.7661183680145567
para,hurst,month_centred,36,-0.005956029822121998,2041,1.7694659707916438
para,hurst,month_centred,37,-0.005590441887854077,2030,1.7723106745093142
para,hurst,month_centred,38,-0.010967903770059717,2022,1.7747114231951155
para,hurst,month_centred,39,-0.0037709028411214342,2024,1.776426599960103
para,hurst,month_centred,40,-0.011733244330877168,2066,1.777867472744785
para,hurst,month_centred,41,-3.7915493576617544e-05,2054,1.7786657056701713
para,hurst,month_centred,42,-0.009519934554011627,2029,1.7794241220041787
para,hurst,month_centred,43,-0.007054828088212931,2045,1.7797044755061857
para,hurst,month_centred,44,0.0178226501375689,2025,1.779651411663182
para,hurst,month_centred,45,0.006737437364537321,2004,1.7803928239970928
para,hurst,month_centred,46,0.014133435059339484,1974,1.7813949330714656
para,hurst,month_centred,47,0.02606342432845242,1990,1.7829558219749857
para,hurst,month_centred,48,-0.005888112352277525,1991,1.785537649854545
para,hurst,month_centred,49,0.009713884106331262,1983,1.7877737658879065
para,hurst,month_centred,50,0.009559673916583283,1982,1.790308992644187
para,hurst,month_centred,51,0.005595469561756012,1967,1.7931196879165583
para,hurst,month_centred,52,0.005332532321467368,1950,1.796037489892367
para,hurst,month_centred,53,0.016122615929664984,1981,1.799046413768012
para,hurst,month_centred,54,-0.004149394734269282,1985,1.8025410299419542
para,hurst,month_centred,55,0.008653582804690854,1954,1.8057576820828696
para,hurst,month_centred,56,0.011007992769219767,1950,1.8091685103189206
para,hurst,month_centred,57,0.00745577275799491,1948,1.8128459057315738
para,hurst,month_centred,58,-0.002145355127541424,1924,1.816653590018205
para,hurst,month_centred,59,0.020238161142913564,1933,1.8202594763585922
para,hurst,month_centred,60,0.017031625785225164,1934,1.8244197718590645
para,hurst,month_centred,61,-0.01758632229597774,1945,1.829002078188544
para,hurst,month_centred,62,0.0195469735073652,1929,1.83286926746559
para,hurst,month_centred,63,0.0023252297750246567,1920,1.8372342276705829
para,hurst,month_centred,64,-0.011216615283591441,1921,1.8415354462996385
hang,msd_100,raw,0,1.0,1017,
hang,msd_100,raw,1,0.2053747096392962,425,1.0
hang,msd_100,raw,2,0.12711798205870356,349,1.2053747096392962
hang,msd_100,raw,3,0.1007007728793577,319,1.3585782675581974
hang,msd_100,raw,4,0.06363096918753217,316,1.4855304329573267
hang,msd_100,raw,5,0.02916536931161283,294,1.5871541198718173
hang,msd_100,raw,6,0.027227930494734612,300,1.6646250342520152
hang,msd_100,raw,7,0.01699556452663874,310,1.7277408103792236
hang,msd_100,raw,8,-0.0013485982143875935,284,1.7793265336062898
hang,msd_100,raw,9,0.016286837371758105,292,1.8191490742908103
hang,msd_100,raw,10,0.00791285745180385,301,1.8542644743127785
hang,msd_100,raw,11,0.028849647554526583,311,1.884433957503808
hang,msd_100,raw,12,0.05107670231512045,283,1.914383468088753
hang,msd_100,raw,13,0.027064578961942056,294,1.9475833158629565
hang,msd_100,raw,14,0.04686331633675278,286,1.9799066966639796
hang,msd_100,raw,15,0.03636883456235586,280,2.0141687355364333
hang,msd_100,raw,16,0.030966399614725443,286,2.0486941238701246
hang,msd_100,raw,17,0.0545353270911653,308,2.0828008076486433
hang,msd_100,raw,18,0.0310140972653276,291,2.1191773406841232
hang,msd_100,raw,19,0.07315696720771286,307,2.154989406796429
hang,msd_100,raw,20,0.026444125163529265,290,2.194535963018275
hang,msd_100,raw,21,0.05400826693447438,280,2.2328346686631386
hang,msd_100,raw,22,0.04303239542029007,277,2.272561516243422
hang,msd_100,raw,23,0.03459536470411964,286,2.3125758027663146
hang,msd_100,raw,24,0.011789534679150991,265,2.3521385124709755
hang,msd_100,raw,25,0.031086942723818234,287,2.3894793681735966
hang,msd_100,raw,26,0.05893738299868564,262,2.4263391536470786
hang,msd_100,raw,27,0.05311568689617658,269,2.4648343167150197
hang,msd_100,raw,28,0.05059164222279421,259,2.504373802913549
hang,msd_100,raw,29,0.038073538500179666,266,2.5446755067689244
hang,msd_100,raw,30,0.04423000800197297,263,2.5848286662672866
hang,msd_100,raw,31,0.03315019096857571,251,2.6252448482497535
hang,msd_100,raw,32,0.0004900231617836713,254,2.6652069057938514
hang,msd_100,raw,33,0.025578549714573223,247,2.70277671882993
hang,msd_100,raw,34,0.04140684066964304,249,2.739641163435332
hang,msd_100,raw,35,-0.008403394648549983,251,2.7767651735301193
hang,msd_100,raw,36,0.020469404671803266,268,2.811359883361389
hang,msd_100,raw,37,0.027942218264669926,246,2.8451910631840374
hang,msd_100,raw,38,0.02090765077432976,222,2.8787122976615303
hang,msd_100,raw,39,0.03227967770999209,226,2.9115866816927056
hang,msd_100,raw,40,0.020967370967537206,213,2.9444313304078227
hang,msd_100,raw,41,0.027706380132666814,241,2.9766965997206185
hang,msd_100,raw,42,0.060512896389669155,245,3.0087447790724555
hang,msd_100,raw,43,0.05846199018676907,234,3.0421168987516345
hang,msd_100,raw,44,0.020812016265471463,221,3.0766294670902496
hang,msd_100,raw,45,0.00511696484720728,213,3.1105331220033903
hang,msd_100,raw,46,0.022713853978123488,224,3.143185181696273
hang,msd_100,raw,47,0.01038863453350655,221,3.175414339018316
hang,msd_100,raw,48,0.033367250571631556,232,3.206733474557503
hang,msd_100,raw,49,0.03661000684871042,228,3.2381362066286266
hang,msd_100,raw,50,0.008529008822008003,233,3.269747229690853
hang,msd_100,raw,51,0.028207974594073697,201,3.300453075724052
hang,msd_100,raw,52,0.0375568765252204,196,3.3310628497788226
hang,msd_100,raw,53,0.032627247892733496,207,3.3619347786437985
hang,msd_100,raw,54,0.051555340548356386,192,3.3928717193246185
hang,msd_100,raw,55,0.05234126582225044,190,3.4245584200006207
hang,msd_100,raw,56,0.03156716764977962,176,3.456982783717561
hang,msd_100,raw,57,0.0618051978141484,179,3.489377070379512
hang,msd_100,raw,58,0.03673809301392284,184,3.5227855263915404
hang,msd_100,raw,59,0.049276125305909135,177,3.5563068514544782
hang,msd_100,raw,60,0.04205399668032643,191,3.5903533365255194
hang,msd_100,raw,61,0.022960698379221503,184,3.624662362960795
hang,msd_100,raw,62,0.029782792282460762,180,3.658605314297488
hang,msd_100,raw,63,0.01239207608521916,167,3.6924161970927796
hang,msd_100,raw,64,0.011624318704322494,186,3.7255577421783803
hang,msd_1000,raw,0,1.0,1017,
hang,msd_1000,raw,1,0.1860516678378679,425,1.0
hang,msd_1000,raw,2,0.11444245041416869,349,1.1860516678378679
hang,msd_1000,raw,3,0.08043733711278199,319,1.3243638573932697
hang,msd_1000,raw,4,0.04750228721569875,316,1.4337386207273615
hang,msd_1000,raw,5,0.004289956678055102,294,1.518364393614096
hang,msd_1000,raw,6,0.0228839763355924,300,1.5762115610979377
hang,msd_1000,raw,7,0.0021776223657495888,310,1.624069245396565
hang,msd_1000,raw,8,-0.010002739453062166,284,1.660506914211973
hang,msd_1000,raw,9,0.006995851562938039,292,1.6866244923010543
hang,msd_1000,raw,10,-0.004675119303981627,301,1.7089177250849068
hang,msd_1000,raw,11,0.01535249945236045,311,1.7263076211255166
hang,msd_1000,raw,12,0.0450849397800301,283,1.7433579510680854
hang,msd_1000,raw,13,0.0038834738188589543,294,1.764721297908725
hang,msd_1000,raw,14,0.033800447094806986,286,1.783587520031967
hang,msd_1000,raw,15,0.013465309249944709,280,1.8044449721514177
hang,msd_1000,raw,16,0.007630076195682925,286,1.8243784064121804
hang,msd_1000,raw,17,0.04145692899312237,308,1.8428643867829337
hang,msd_1000,raw,18,0.01583432721501474,291,1.8639026947783948
hang,msd_1000,raw,19,0.04820680919444388,307,1.8843932153232823
hang,msd_1000,raw,20,0.009909877146600389,290,1.9076553647331258
hang,msd_1000,raw,21,0.04197811553812266,280,1.9296458691655174
hang,msd_1000,raw,22,0.02810034660345809,277,1.9534534291529755
hang,msd_1000,raw,23,0.007717316961936472,286,1.9776342749331288
hang,msd_1000,raw,24,-0.007190532382786933,265,2.000443159978431
hang,msd_1000,raw,25,0.019420749246695623,287,2.0208520916294863
hang,msd_1000,raw,26,0.029109255741205188,262,2.041185009249437
hang,msd_1000,raw,27,0.03015492100672286,269,2.06216802598948
hang,msd_1000,raw,28,0.03998531657495779,259,2.083806178748572
hang,msd_1000,raw,29,0.0350696417152177,266,2.106709653150138
hang,msd_1000,raw,30,0.04307899444961904,263,2.1304242053726137
hang,msd_1000,raw,31,0.027561071161261927,251,2.155388076448453
hang,msd_1000,raw,32,-0.003975780199298374,254,2.1805142725296323
hang,msd_1000,raw,33,0.011467389682907213,247,2.2038767124725993
hang,msd_1000,raw,34,0.03425330019187152,249,2.2265394435767405
hang,msd_1000,raw,35,-0.012594713624791667,251,2.2498644929144658
hang,msd_1000,raw,36,0.012947612053164819,268,2.2711939998653845
hang,msd_1000,raw,37,0.023264324679919155,246,2.292070431416425
hang,msd_1000,raw,38,0.017389019134846508,222,2.313072541553196
hang,msd_1000,raw,39,0.024937890776753208,226,2.333889364971919
hang,msd_1000,raw,40,0.018606870938542863,213,2.3549122417585444
hang,msd_1000,raw,41,0.009394898840198604,241,2.3758172646013604
hang,msd_1000,raw,42,0.032720509538879866,245,2.396174186301195
hang,msd_1000,raw,43,0.04096820027204084,234,2.4171061585981928
hang,msd_1000,raw,44,0.009893009432064455,221,2.4389488685304217
hang,msd_1000,raw,45,-0.0011962897228198516,213,2.460260480662643
hang,msd_1000,raw,46,0.01663518901843288,224,2.4805934883663836
hang,msd_1000,raw,47,0.005595169577733167,221,2.5007691420835156
hang,msd_1000,raw,48,0.029138992470513346,232,2.5203372756281723
hang,msd_1000,raw,49,0.030153743363519944,228,2.5402960564759263
hang,msd_1000,raw,50,0.007523054537481946,233,2.5606626358243103
hang,msd_1000,raw,51,0.02418818194454473,201,2.58052554753305
hang,msd_1000,raw,52,0.027155373194679457,196,2.600554815789323
hang,msd_1000,raw,53,0.026191742816730288,207,2.6208529936659115
hang,msd_1000,raw,54,0.037683550968767444,192,2.6413694517254687
hang,msd_1000,raw,55,0.03429542365965956,190,2.662510167708997
hang,msd_1000,raw,56,0.019830472649944274,176,2.684120694680959
hang,msd_1000,raw,57,0.04790431320097661,179,2.705668763606535
hang,msd_1000,raw,58,0.02406545487128523,184,2.728125668541606
hang,msd_1000,raw,59,0.04532831640691286,177,2.75063710059316
hang,msd_1000,raw,60,0.03403264834708955,191,2.773909095456558
hang,msd_1000,raw,61,0.017796447388824025,184,2.797533898630898
hang,msd_1000,raw,62,0.013029920279587435,180,2.8209706903282856
hang,msd_1000,raw,63,-4.215248109378166e-05,167,2.844077105155266
hang,msd_1000,raw,64,0.009101348852512894,186,2.8664601272538697
hang,msd_10000,raw,0,1.0,1017,
hang,msd_10000,raw,1,0.05332962578395976,425,1.0
hang,msd_10000,raw,2,0.03744506689043342,349,1.0533296257839597
hang,msd_10000,raw,3,0.04527510022501644,319,1.096069545638902
hang,msd_10000,raw,4,0.019592254124784575,316,1.1400770556788813
hang,msd_10000,raw,5,-0.033357965024234625,294,1.1743184633527828
hang,msd_10000,raw,6,0.018561531135225195,300,1.186026746793972
hang,msd_10000,raw,7,-0.005303048219212115,310,1.1996931010048861
hang,msd_10000,raw,8,-0.01018638512522089,284,1.2086171046082683
hang,msd_10000,raw,9,-0.0104072308864347,292,1.2132943551608502
hang,msd_10000,raw,10,-0.023399149996573252,301,1.2149547094256286
hang,msd_10000,raw,11,-0.005546416508981251,311,1.212058790188343
hang,msd_10000,raw,12,0.04220636780556262,283,1.208721121405775
hang,msd_10000,raw,13,-0.03223432322168949,294,1.212390227482919
hang,msd_10000,raw,14,0.03228116253070718,286,1.2109302722316586
hang,msd_10000,raw,15,-0.029779967982606518,280,1.2139691326846602
hang,msd_10000,raw,16,-0.03452233765774181,286,1.2129056395832112
hang,msd_10000,raw,17,0.009598341145756572,308,1.2079058118280803
hang,msd_10000,raw,18,-0.019901574955477196,291,1.204528002839715
hang,msd_10000,raw,19,-0.02605150258159544,307,1.1994108500653378
hang,msd_10000,raw,20,-0.017357806889341635,290,1.1922002623102386
hang,msd_10000,raw,21,-0.008654031949906714,280,1.1840232727328308
hang,msd_10000,raw,22,-0.0014347232606340373,277,1.175802915667014
hang,msd_10000,raw,23,0.00209604521474208,286,1.1681726137146913
hang,msd_10000,raw,24,-0.015400651391145034,265,1.1613528406929574
hang,msd_10000,raw,25,0.012542268085398916,287,1.1538465974016705
hang,msd_10000,raw,26,-8.45463394327967e-05,262,1.1478825472932055
hang,msd_10000,raw,27,-0.018387650584035544,269,1.1423540159824468
hang,msd_10000,raw,28,0.011270278504688059,259,1.1359069761521683
hang,msd_10000,raw,29,0.02137761562134215,266,1.1306818203449909
hang,msd_10000,raw,30,0.003904030091266032,263,1.1272301826330482
hang,msd_10000,raw,31,0.011660943544710506,251,1.1242531041342156
hang,msd_10000,raw,32,0.009603816403887609,254,1.1221909020131045
hang,msd_10000,raw,33,-0.012958345371590714,247,1.1208357313177508
hang,msd_10000,raw,34,-0.009318421618176038,249,1.11879802093556
hang,msd_10000,raw,35,0.013281370800868837,251,1.1163442699113124
hang,msd_10000,raw,36,0.010931929138704794,268,1.114764692321794
hang,msd_10000,raw,37,-0.0007321148813253129,246,1.1138614123932604
hang,msd_10000,raw,38,0.0037219617734680316,222,1.112967141151422
hang,msd_10000,raw,39,0.00036194519793274275,226,1.1123095998078043
hang,msd_10000,raw,40,-0.007910289935173077,213,1.111703032791264
hang,msd_10000,raw,41,-0.00297789802089687,241,1.1107401866079614
hang,msd_10000,raw,42,-0.014886281474992697,245,1.1096813855752496
hang,msd_10000,raw,43,0.0052124256478644476,234,1.1079794459173151
hang,msd_10000,raw,44,-0.005048651474309331,221,1.1065917955914628
hang,msd_10000,raw,45,-0.0022826227328239324,213,1.1050414341034567
hang,msd_10000,raw,46,-0.002052606764483102,224,1.1034592351700234
hang,msd_10000,raw,47,0.008282223709701905,221,1.1018570188820778
hang,msd_10000,raw,48,-0.00844988996559591,232,1.1006666542607006
hang,msd_10000,raw,49,0.013044051374793024,228,1.0991799824824167
hang,msd_10000,raw,50,0.006405722224895889,233,1.0982745396302556
hang,msd_10000,raw,51,-0.012109751653131285,201,1.0976558091340578
hang,msd_10000,raw,52,-0.006706317947361796,196,1.0965951162856702
hang,msd_10000,raw,53,0.0037503306783590704,207,1.0953213809807174
hang,msd_10000,raw,54,-0.007694333493994532,192,1.094233722193665
hang,msd_10000,raw,55,0.0016095706618037007,190,1.0929058206899966
hang,msd_10000,raw,56,0.003923169595943148,176,1.0916828289065237
hang,msd_10000,raw,57,0.0032889564096048023,179,1.0906404041889952
hang,msd_10000,raw,58,-0.00353153885295173,184,1.089747337441368
hang,msd_10000,raw,59,0.024888572499525245,177,1.0887648309613567
hang,msd_10000,raw,60,-0.01121699130963264,191,1.0886446937806633
hang,msd_10000,raw,61,0.03707727625522086,184,1.0881607253170538
hang,msd_10000,raw,62,-0.0268341749185604,180,1.0888884099088905
hang,msd_10000,raw,63,-0.006761101972493243,167,1.0887411148337305
hang,msd_10000,raw,64,0.023546631386594803,186,1.0883871382930288
hang,hurst,raw,0,1.0,1017,
hang,hurst,raw,1,0.056468149988487946,425,1.0
hang,hurst,raw,2,0.04172943727853764,349,1.056468149988488
hang,hurst,raw,3,0.042265315603271764,319,1.1031104915036758
hang,hurst,raw,4,0.026941000944423733,316,1.1475643200629055
hang,hurst,raw,5,-0.024133116999971883,294,1.1850130175762128
hang,hurst,raw,6,0.024647169995946985,300,1.2019344435850938
hang,hurst,raw,7,0.009713818575146357,310,1.2210632250188507
hang,hurst,raw,8,0.0019404560353611035,284,1.237838265737955
hang,hurst,raw,9,-0.004332046419500101,292,1.2513167320828942
hang,hurst,raw,10,-0.02985194845698292,301,1.2612330958749454
hang,hurst,raw,11,-0.0041061959429148625,311,1.2639188574398996
hang,hurst,raw,12,0.03855200902760929,283,1.2654726260868756
hang,hurst,raw,13,-0.03340554123464561,294,1.2727184317154876
hang,hurst,raw,14,0.03266937479673013,286,1.2741569020779198
hang,hurst,raw,15,-0.01717813813139464,280,1.2797594930315916
hang,hurst,raw,16,-0.03194736222424421,286,1.2825144928496304
hang,hurst,raw,17,0.01234132135321518,308,1.281186861839165
hang,hurst,raw,18,-0.0032356980730397474,291,1.2813780033135531
hang,hurst,raw,19,-0.028872855291026144,307,1.2812084248355806
hang,hurst,raw,20,-0.012205974789299124,290,1.2781685186763025
hang,hurst,raw,21,-0.002296206925092014,280,1.2742556535998797
hang,hurst,raw,22,0.0008709717211880574,277,1.270489757446305
hang,hurst,raw,23,-0.0056283065282705155,286,1.2671270671948835
hang,hurst,raw,24,-0.012582719955320591,265,1.2635755755870584
hang,hurst,raw,25,0.01662899814386422,287,1.2593015857114331
hang,hurst,raw,26,-0.001143040455406771,262,1.2566355179911535
hang,hurst,raw,27,-0.010460898920868586,269,1.2540822671053085
hang,hurst,raw,28,0.011978260662525192,259,1.2509641842169623
hang,hurst,raw,29,0.034255792850869674,266,1.2488872284700552
hang,hurst,raw,30,0.012562086208438399,263,1.2492324559630001
hang,hurst,raw,31,0.01897287323091418,251,1.2503658678892025
hang,hurst,raw,32,0.013554986691363423,254,1.2526142461469496
hang,hurst,raw,33,-0.012939262278790253,247,1.255547873400673
hang,hurst,raw,34,-0.00948457704315721,249,1.257547801270131
hang,hurst,raw,35,0.02470164707154142,251,1.2588914717160113
hang,hurst,raw,36,0.019143355837951695,268,1.2615328075299839
hang,hurst,raw,37,-0.0004973722613633652,246,1.2650661444263336
hang,hurst,raw,38,0.0035190758985404807,222,1.2683873387354352
hang,hurst,raw,39,0.0003264945405036126,226,1.2717186808183543
hang,hurst,raw,40,-0.003499067535662314,213,1.2748997805241524
hang,hurst,raw,41,-0.0011707719822122663,241,1.277755018413294
hang,hurst,raw,42,-0.010717700271344822,245,1.280418541546657
hang,hurst,raw,43,0.015012776327428378,234,1.2824596821960799
hang,hurst,raw,44,-0.007294865597348697,221,1.2850904426490488
hang,hurst,raw,45,0.004351310323855234,213,1.2872800641664477
hang,hurst,raw,46,0.004672404598528007,224,1.2895636721536925
hang,hurst,raw,47,0.014652463574685456,221,1.2919489310605665
hang,hurst,raw,48,-0.0033931208709992904,232,1.2948453234952662
hang,hurst,raw,49,0.012303684665741764,228,1.2974850011011614
hang,hurst,raw,50,0.009770757498589095,233,1.3005112389894506
hang,hurst,raw,51,-0.0068534680499931664,201,1.3038019678428499
hang,hurst,raw,52,-0.010774688344075118,196,1.3067025352768877
hang,hurst,raw,53,0.01211653406296652,207,1.3090870553230722
hang,hurst,raw,54,-0.005859140666551932,192,1.3118320203328413
hang,hurst,raw,55,-0.004693968508466715,190,1.3142641087725624
hang,hurst,raw,56,0.005955990685512931,176,1.3164416951784197
hang,hurst,raw,57,0.004560982892701156,179,1.3187518571730363
hang,hurst,raw,58,-0.005155424438137926,184,1.3211396336813808
hang,hurst,raw,59,0.028987664049842005,177,1.3232717084627252
hang,hurst,raw,60,0.0002461037327594501,191,1.3262989695530198
hang,hurst,raw,61,0.04445227208133479,184,1.329235045156182
hang,hurst,raw,62,-0.007083160448278269,180,1.3335103529038017
hang,hurst,raw,63,0.003278229103943115,167,1.3374250743594875
hang,hurst,raw,64,0.0267241237538479,186,1.3413199054291822
hang,msd_100,month_centred,0,1.0,1017,
hang,msd_100,month_centred,1,0.19440712011951597,425,1.0
hang,msd_100,month_centred,2,0.1222144135777466,349,1.1944071201195159
hang,msd_100,month_centred,3,0.09220478290528183,319,1.3406857692111858
hang,msd_100,month_centred,4,0.06101431157612076,316,1.4599274852096613
hang,msd_100,month_centred,5,0.028848391112187493,294,1.5558782394391955
hang,msd_100,month_centred,6,0.028251724707249234,300,1.6294615392962803
hang,msd_100,month_centred,7,0.017417025757888425,310,1.6900929605391264
hang,msd_100,month_centred,8,0.00035342676309636724,284,1.7399207829107333
hang,msd_100,month_centred,9,0.015300477914634836,292,1.7787542951471154
hang,msd_100,month_centred,10,0.005627773814845691,301,1.812881200519148
hang,msd_100,month_centred,11,0.02633818277067481,311,1.841826445608056
hang,msd_100,month_centred,12,0.050806425004452004,283,1.8703371803105917
hang,msd_100,month_centred,13,0.027717817625696358,294,1.902278021213422
hang,msd_100,month_centred,14,0.04751226411193772,286,1.9336155730766622
hang,msd_100,month_centred,15,0.036738916556514345,280,1.9671097532397286
hang,msd_100,month_centred,16,0.02978260279269227,286,2.0010095254519755
hang,msd_100,month_centred,17,0.05169693977982809,308,2.034424924791334
hang,msd_100,month_centred,18,0.029979264298277925,291,2.0698716064018563
hang,msd_100,month_centred,19,0.07549665119038018,307,2.104742770400563
hang,msd_100,month_centred,20,0.025170169083169568,290,2.143676483118437
hang,msd_100,month_centred,21,0.05226885019929493,280,2.1812993821568147
hang,msd_100,month_centred,22,0.042020374203516564,277,2.2202537313007307
hang,msd_100,month_centred,23,0.03660625420058564,286,2.2594746913193955
hang,msd_100,month_centred,24,0.012647773647043815,265,2.298477759186553
hang,msd_100,month_centred,25,0.029224942510146863,287,2.3353724035161005
hang,msd_100,month_centred,26,0.055449270238875116,262,2.3716770707826185
hang,msd_100,month_centred,27,0.04845004599772874,269,2.4093998567878288
hang,msd_100,month_centred,28,0.050501241441470925,259,2.447888875649648
hang,msd_100,month_centred,29,0.038810876802207094,266,2.4872063236548914
hang,msd_100,month_centred,30,0.04318812649610409,263,2.526490000246599
hang,msd_100,month_centred,31,0.03520044910000779,251,2.566025576832139
hang,msd_100,month_centred,32,0.0003167092355997605,254,2.6052902079498326
hang,msd_100,month_centred,33,0.027432378975245954,247,2.6421943589534598
hang,msd_100,month_centred,34,0.04335150276744669,249,2.678541346896595
hang,msd_100,month_centred,35,-0.007029140365226702,251,2.7152885928296904
hang,msd_100,month_centred,36,0.022231905297071818,268,2.749603817301767
hang,msd_100,month_centred,37,0.027104083681124803,246,2.7832658893860063
hang,msd_100,month_centred,38,0.021959575254235877,222,2.8165828041858716
hang,msd_100,month_centred,39,0.029630566091443166,226,2.84931729131673
hang,msd_100,month_centred,40,0.020129100207527797,213,2.8818965823956173
hang,msd_100,month_centred,41,0.026066102435452196,241,2.9138685470905354
hang,msd_100,month_centred,42,0.06057677653149144,245,2.9455592802492894
hang,msd_100,month_centred,43,0.05849973429033054,234,2.978593550309101
hang,msd_100,month_centred,44,0.02243506020782426,221,3.0127853414702996
hang,msd_100,month_centred,45,0.006645732721917475,213,3.0464546112557924
hang,msd_100,month_centred,46,0.02518096778778373,224,3.0789489446472165
hang,msd_100,month_centred,47,0.009464702242538313,221,3.1111320709916774
hang,msd_100,month_centred,48,0.03512504953178952,232,3.142368596331892
hang,msd_100,month_centred,49,0.03968688251318637,228,3.1737638369452315
hang,msd_100,month_centred,50,0.010385013151559755,233,3.2054907432345647
hang,msd_100,month_centred,51,0.02434769943132166,201,3.2363807125381046
hang,msd_100,month_centred,52,0.03480777739018997,196,3.2670190560773262
hang,msd_100,month_centred,53,0.028268206241773865,207,3.2978147367429997
hang,msd_100,month_centred,54,0.04882503968636912,192,3.3285168072448257
hang,msd_100,month_centred,55,0.05021497065977072,190,3.359877894807908
hang,msd_100,month_centred,56,0.029896007480688352,176,3.3919123353387293
hang,msd_100,month_centred,57,0.05859196856544569,179,3.42387174313095
hang,msd_100,month_centred,58,0.033955243706441755,184,3.456749515087762
hang,msd_100,month_centred,59,0.04737781781285064,177,3.4896638115106664
hang,msd_100,month_centred,60,0.04017347248216553,191,3.523060225313233
hang,msd_100,month_centred,61,0.022071849460554183,184,3.5566788377610328
hang,msd_100,month_centred,62,0.025484501002718932,180,3.5899249739834405
hang,msd_100,month_centred,63,0.0077259049968756415,167,3.6229247090877625
hang,msd_100,month_centred,64,0.00901986376029212,186,3.655134637001221
hang,msd_1000,month_centred,0,1.0,1017,
hang,msd_1000,month_centred,1,0.16943861928220794,425,1.0
hang,msd_1000,month_centred,2,0.10514600251574037,349,1.169438619282208
hang,msd_1000,month_centred,3,0.06982335168559112,319,1.2960154940534374
hang,msd_1000,month_centred,4,0.04416044605948643,316,1.394215607281848
hang,msd_1000,month_centred,5,0.002139006686416485,294,1.4707998536426885
hang,msd_1000,month_centred,6,0.02238259156176315,300,1.5225690201120547
hang,msd_1000,month_centred,7,0.0016097727106500531,310,1.5659420223221057
hang,msd_1000,month_centred,8,-0.008544516642254231,284,1.5988742171573063
hang,msd_1000,month_centred,9,0.004173199395334712,292,1.622589364997517
hang,msd_1000,month_centred,10,-0.008365782610056657,301,1.6423961231487525
hang,msd_1000,month_centred,11,0.01323681290176136,311,1.6570806011615713
hang,msd_1000,month_centred,12,0.04396448488409266,283,1.6715238016558804
hang,msd_1000,month_centred,13,0.004978016077050398,294,1.6905087382101562
hang,msd_1000,month_centred,14,0.034512742044214194,286,1.7074926861248287
hang,msd_1000,month_centred,15,0.01280847881448425,280,1.7268138065901064
hang,msd_1000,month_centred,16,0.0034951745312088345,286,1.7453208468490349
hang,msd_1000,month_centred,17,0.03705450771946755,308,1.7620617852576437
hang,msd_1000,month_centred,18,0.01437327441048347,291,1.7810597869230143
hang,msd_1000,month_centred,19,0.050721960844903435,307,1.799570975193134
hang,msd_1000,month_centred,20,0.00855588032533331,290,1.8213032407207321
hang,msd_1000,month_centred,21,0.04104445106129456,280,1.8417806124195424
hang,msd_1000,month_centred,22,0.02593517216411963,277,1.864127718605852
hang,msd_1000,month_centred,23,0.007259001670652006,286,1.886786830529362
hang,msd_1000,month_centred,24,-0.008100942933012223,265,1.9081625999318006
hang,msd_1000,month_centred,25,0.016075983773121482,287,1.9271802323474034
hang,msd_1000,month_centred,26,0.024313811646628145,262,1.9459715840981997
hang,msd_1000,month_centred,27,0.022970314117228344,269,1.965172006952391
hang,msd_1000,month_centred,28,0.03756062975299547,259,1.984641707753942
hang,msd_1000,month_centred,29,0.03262134013472085,266,2.0053590588280064
hang,msd_1000,month_centred,30,0.03908565958167513,263,2.026870009172782
hang,msd_1000,month_centred,31,0.027184051217610562,251,2.0495148117263886
hang,msd_1000,month_centred,32,-0.005610444895294856,254,2.072443317321496
hang,msd_1000,month_centred,33,0.013147999931423857,247,2.093642189553549
hang,msd_1000,month_centred,34,0.03611289205763114,249,2.114367481062035
hang,msd_1000,month_centred,35,-0.011497580562473051,251,2.1359720640304727
hang,msd_1000,month_centred,36,0.013121099221069693,268,2.1557376379138597
hang,msd_1000,month_centred,37,0.022492661466007362,246,2.175144051004689
hang,msd_1000,month_centred,38,0.016919273589151365,222,2.1947128982205264
hang,msd_1000,month_centred,39,0.021182545320494343,226,2.214145869865766
hang,msd_1000,month_centred,40,0.01685098585283371,213,2.2336663201947684
hang,msd_1000,month_centred,41,0.008228495853295242,241,2.253056552744445
hang,msd_1000,month_centred,42,0.0336024877902416,245,2.2719152740228656
hang,msd_1000,month_centred,43,0.04282486667808962,234,2.291459751883231
hang,msd_1000,month_centred,44,0.011632164524182266,221,2.3120624292353114
hang,msd_1000,month_centred,45,-0.0012629867792181416,213,2.3322664171283742
hang,msd_1000,month_centred,46,0.017956548136799096,224,2.3515370582965556
hang,msd_1000,month_centred,47,0.005088091344519197,221,2.370751780612336
hang,msd_1000,month_centred,48,0.031001970337790136,232,2.3893778933043155
hang,msd_1000,month_centred,49,0.033260892422839465,228,2.4085091430430614
hang,msd_1000,month_centred,50,0.010366692828847548,233,2.4282055784891723
hang,msd_1000,month_centred,51,0.021017108861377715,201,2.4475361416757835
hang,msd_1000,month_centred,52,0.02487940888040714,196,2.4669315720037295
hang,msd_1000,month_centred,53,0.023703376222453675,207,2.4865339449185626
hang,msd_1000,month_centred,54,0.035556398527040366,192,2.506288206844789
hang,msd_1000,month_centred,55,0.03303545383080082,190,2.5266170919201345
hang,msd_1000,month_centred,56,0.01914247394661555,176,2.547399783022462
hang,msd_1000,month_centred,57,0.04539402347230359,179,2.5681249226456426
hang,msd_1000,month_centred,58,0.021246099348995164,184,2.5897007134360326
hang,msd_1000,month_centred,59,0.04355857676772575,177,2.6112653282453584
hang,msd_1000,month_centred,60,0.03424082135391694,191,2.633563075119964
hang,msd_1000,month_centred,61,0.016645483684101205,184,2.6562523982070063
hang,msd_1000,month_centred,62,0.010678411670667501,180,2.678746758732663
hang,msd_1000,month_centred,63,-0.0031469197884068435,167,2.700866009770861
hang,msd_1000,month_centred,64,0.007247433242310464,186,2.722195692970727
hang,msd_10000,month_centred,0,1.0,1017,
hang,msd_10000,month_centred,1,0.033805041903706486,425,1.0
hang,msd_10000,month_centred,2,0.029311626075244297,349,1.0338050419037066
hang,msd_10000,month_centred,3,0.03445014011024208,319,1.0646144732551048
hang,msd_10000,month_centred,4,0.019311263352753516,316,1.097244258985925
hang,msd_10000,month_centred,5,-0.03984950051158603,294,1.1245466357655185
hang,msd_10000,month_centred,6,0.01572998642729939,300,1.1294650534480524
hang,msd_10000,month_centred,7,-0.009559248771205592,310,1.1374724907719476
hang,msd_10000,month_centred,8,-0.010408892628112438,284,1.1410882565720677
hang,msd_10000,month_centred,9,-0.016766600973266634,292,1.1415874316103582
hang,msd_10000,month_centred,10,-0.031786184200945866,301,1.1386334514463377
hang,msd_10000,month_centred,11,-0.005652260367495793,311,1.130437252366512
hang,msd_10000,month_centred,12,0.047250135605399535,283,1.122665043072075
hang,msd_10000,month_centred,13,-0.03140261880429359,294,1.1233578099160744
hang,msd_10000,month_centred,14,0.034960775674020964,286,1.1194655216674603
hang,msd_10000,month_centred,15,-0.0322981533316001,280,1.1207536419418644
hang,msd_10000,month_centred,16,-0.040968240472169265,286,1.117843478015518
hang,msd_10000,month_centred,17,0.009102986326716177,308,1.1104558933190747
hang,msd_10000,month_centred,18,-0.013172190373412515,291,1.1049005942918713
hang,msd_10000,month_centred,19,-0.02453395848717575,307,1.0985435172282247
hang,msd_10000,month_centred,20,-0.013170760593665025,290,1.0903687520222254
hang,msd_10000,month_centred,21,-0.003425345362584156,280,1.0817181777316864
hang,msd_10000,month_centred,22,0.0008681332867729554,277,1.07354262425278
hang,msd_10000,month_centred,23,0.0025561578005632796,286,1.0661534783187148
hang,msd_10000,month_centred,24,-0.015867962341233433,265,1.059593107695869
hang,msd_10000,month_centred,25,0.0035574540329455055,287,1.052288129735552
hang,msd_10000,month_centred,26,0.0011151688382008312,262,1.0458187234670244
hang,msd_10000,month_centred,27,-0.020363616425787087,269,1.0399111375767731
hang,msd_10000,month_centred,28,0.01211163928655774,259,1.0329709780768406
hang,msd_10000,month_centred,29,0.0211042535108314,266,1.027344735734597
hang,msd_10000,month_centred,30,0.005912739268949881,263,1.0235005264492252
hang,msd_10000,month_centred,31,0.008825904323073898,251,1.0202857977157451
hang,msd_10000,month_centred,32,0.006343449413270955,254,1.0178236085482997
hang,msd_10000,month_centred,33,-0.015036644411232725,247,1.015895094446352
hang,msd_10000,month_centred,34,-0.010057782703108845,249,1.013195513855623
hang,msd_10000,month_centred,35,0.014352978713681373,251,1.010075464572758
hang,msd_10000,month_centred,36,0.013954536975587462,268,1.007926139067479
hang,msd_10000,month_centred,37,0.0014210926851221746,246,1.0066472926152197
hang,msd_10000,month_centred,38,0.00429182005845709,222,1.0055105482228226
hang,msd_10000,month_centred,39,-0.003441357568947121,226,1.004652191750982
hang,msd_10000,month_centred,40,-0.007212437526695218,213,1.0036646852242863
hang,msd_10000,month_centred,41,-0.0002985428313210227,241,1.002373523526859
hang,msd_10000,month_centred,42,-0.015183656179124032,245,1.0011296293944842
hang,msd_10000,month_centred,43,0.011826436822860699,234,0.999237374236679
hang,msd_10000,month_centred,44,-0.0007786639656224482,221,0.9979686959870862
hang,msd_10000,month_centred,45,-0.0024493929384670913,213,0.9967217961501141
hang,msd_10000,month_centred,46,-0.002886820349723161,224,0.9954226140043815
hang,msd_10000,month_centred,47,0.010382923312961798,221,0.9940558727861386
hang,msd_10000,month_centred,48,-0.006178683059535777,232,0.9931787009233626
hang,msd_10000,month_centred,49,0.012508868915752605,228,0.992085140848474
hang,msd_10000,month_centred,50,0.009162152069143562,233,0.991535677933211
hang,msd_10000,month_centred,51,-0.01276419735368357,201,0.9913670626643952
hang,msd_10000,month_centred,52,-0.008374823877982685,196,0.9907140019307769
hang,msd_10000,month_centred,53,0.005250219320901883,207,0.9897695539086919
hang,msd_10000,month_centred,54,-0.006143672497972792,192,0.9890545380104214
hang,msd_10000,month_centred,55,-0.0001237555511204467,190,0.9881421164176162
hang,msd_10000,month_centred,56,0.004944562868042757,176,0.987257861469157
hang,msd_10000,month_centred,57,0.005958438667498017,179,0.9865781264440836
hang,msd_10000,month_centred,58,-0.004072240204111727,184,0.9861272939601335
hang,msd_10000,month_centred,59,0.022417627892258467,177,0.9855537018924491
hang,msd_10000,month_centred,60,-0.011728403629276324,191,0.9857464838234293
hang,msd_10000,month_centred,61,0.038323210755591884,184,0.9855484072114505
hang,msd_10000,month_centred,62,-0.03135406981785554,180,0.986592952772619
hang,msd_10000,month_centred,63,-0.010800773549720184,167,0.9866089708614376
hang,msd_10000,month_centred,64,0.025143946149624685,186,0.9862869642115518
hang,hurst,month_centred,0,1.0,1017,
hang,hurst,month_centred,1,0.03421913489965786,425,1.0
hang,hurst,month_centred,2,0.031133003703916372,349,1.0342191348996579
hang,hurst,month_centred,3,0.03256025317549844,319,1.0663808490021547
hang,hurst,month_centred,4,0.026712355295119075,316,1.0987418326411524
hang,hurst,month_centred,5,-0.03266721552999159,294,1.1288433649425986
hang,hurst,month_centred,6,0.01971481383403538,300,1.1380219813002324
hang,hurst,month_centred,7,0.003968749481707174,310,1.1502109397939806
hang,hurst,month_centred,8,0.000596247986559801,284,1.1603448460347188
hang,hurst,month_centred,9,-0.009742317772393852,292,1.168359272663417
hang,hurst,month_centred,10,-0.03935903907608127,301,1.1728223504118973
hang,hurst,month_centred,11,-0.004963124926686783,311,1.1693177705559115
hang,hurst,month_centred,12,0.04130789594812182,283,1.165570099854809
hang,hurst,month_centred,13,-0.03335744842999292,294,1.1687540547920487
hang,hurst,month_centred,14,0.03497263798096591,286,1.1667178092482553
hang,hurst,month_centred,15,-0.019260571542592753,280,1.1696160815077628
hang,hurst,month_centred,16,-0.039539302212531977,286,1.169744498292008
hang,hurst,month_centred,17,0.01003887105008928,308,1.1652061246060441
hang,hurst,month_centred,18,0.0032230746382484205,291,1.1622874447796416
hang,hurst,month_centred,19,-0.028829512937901758,307,1.1600152654232025
hang,hurst,month_centred,20,-0.009636299179979477,290,1.155087352708617
hang,hurst,month_centred,21,0.003165099430208162,280,1.1497110222354225
hang,hurst,month_centred,22,0.004581603110727625,277,1.1451111853898102
hang,hurst,month_centred,23,-0.0046566659425369425,286,1.141309734627358
hang,hurst,month_centred,24,-0.012876752249128995,265,1.1374370159332319
hang,hurst,month_centred,25,0.009907416499765929,287,1.1328439745547054
hang,hurst,month_centred,26,0.002246946813381309,262,1.129366353012971
hang,hurst,month_centred,27,-0.01153075093499987,269,1.1263127735716152
hang,hurst,month_centred,28,0.012334633961706429,259,1.1226536818807136
hang,hurst,month_centred,29,0.0331773213151286,266,1.1200976057520609
hang,hurst,month_centred,30,0.013763438852709775,263,1.11992375611966
hang,hurst,month_centred,31,0.015919040153340776,251,1.1206490863895244
hang,hurst,month_centred,32,0.009518254587324203,254,1.1223240235271061
hang,hurst,month_centred,33,-0.015869269502273284,247,1.1244743132373995
hang,hurst,month_centred,34,-0.012424156152101962,249,1.1255646288763654
hang,hurst,month_centred,35,0.026735684670953785,251,1.1258826889844133
hang,hurst,month_centred,36,0.019903536040009096,268,1.1276683949015114
hang,hurst,month_centred,37,0.0029321969468478542,246,1.1304334429874154
hang,hurst,month_centred,38,0.0037247032289315905,222,1.1332072883817903
hang,hurst,month_centred,39,-0.0024439681441125994,226,1.1360298957163988
hang,hurst,month_centred,40,-0.0026526051066906157,213,1.1385891742770713
hang,hurst,month_centred,41,0.001460809615691746,241,1.1408942146100676
hang,hurst,month_centred,42,-0.011220557049617089,245,1.143159053480335
hang,hurst,month_centred,43,0.021370691058347786,234,1.1447966646333985
hang,hurst,month_centred,44,-0.0024826624053904266,221,1.147331233963975
hang,hurst,month_centred,45,0.0035348833892512852,213,1.1496428152173974
hang,hurst,month_centred,46,0.0029802534695089703,224,1.1520075835202035
hang,hurst,month_centred,47,0.016996640634263337,221,1.1543985426811672
hang,hurst,month_centred,48,-0.0005194672718560865,232,1.1573980719035184
hang,hurst,month_centred,49,0.010700185699764452,228,1.1602539686159021
hang,hurst,month_centred,50,0.012061325225807617,233,1.1634236368877808
hang,hurst,month_centred,51,-0.008125353714003657,201,1.1669419975892255
hang,hurst,month_centred,52,-0.01286423739154673,196,1.1700125231208454
hang,hurst,month_centred,53,0.01376679449881628,207,1.1724817368440434
hang,hurst,month_centred,54,-0.00596774674462072,192,1.1753693794848576
hang,hurst,month_centred,55,-0.008570857367303062,190,1.177935007966201
hang,hurst,month_centred,56,0.007604115008980859,176,1.1801029048100928
hang,hurst,month_centred,57,0.00561331644955046,179,1.1824615461510053
hang,hurst,month_centred,58,-0.007297283087699601,184,1.1849324176680778
hang,hurst,month_centred,59,0.024859603659670992,177,1.1870721653002425
hang,hurst,month_centred,60,-0.0007206512715363525,191,1.1899692414666576
hang,hurst,month_centred,61,0.04459804960130186,184,1.1927477036187137
hang,hurst,month_centred,62,-0.014695801180686944,180,1.1968751847207455
hang,hurst,month_centred,63,-0.0022818369454643103,167,1.2004051013058654
hang,hurst,month_centred,64,0.027528052455044867,186,1.2037534005931547
