epsg,ix,iy,x_min_m,y_min_m,x_max_m,y_max_m
32611,4,76,200000.0,3800000.0,250000.0,3850000.0
32611,5,76,250000.0,3800000.0,300000.0,3850000.0
32611,5,81,250000.0,4050000.0,300000.0,4100000.0
32611,6,83,300000.0,4150000.0,350000.0,4200000.0
32611,6,84,300000.0,4200000.0,350000.0,4250000.0
32611,7,82,350000.0,4100000.0,400000.0,4150000.0
32611,7,83,350000.0,4150000.0,400000.0,4200000.0
32611,8,80,400000.0,4000000.0,450000.0,4050000.0
32611,9,75,450000.0,3750000.0,500000.0,3800000.0
32611,10,74,500000.0,3700000.0,550000.0,3750000.0
32613,13,43,650000.0,2150000.0,700000.0,2200000.0
32614,7,42,350000.0,2100000.0,400000.0,2150000.0
32614,8,41,400000.0,2050000.0,450000.0,2100000.0
32614,10,60,500000.0,3000000.0,550000.0,3050000.0
32614,14,68,700000.0,3400000.0,750000.0,3450000.0
32616,13,22,650000.0,1100000.0,700000.0,1150000.0
32617,4,20,200000.0,1000000.0,250000.0,1050000.0
32617,8,63,400000.0,3150000.0,450000.0,3200000.0
32618,7,7,350000.0,350000.0,400000.0,400000.0
32618,7,8,350000.0,400000.0,400000.0,450000.0
32618,7,9,350000.0,450000.0,400000.0,500000.0
32618,7,10,350000.0,500000.0,400000.0,550000.0
32618,7,11,350000.0,550000.0,400000.0,600000.0
32618,8,12,400000.0,600000.0,450000.0,650000.0
32618,8,13,400000.0,650000.0,450000.0,700000.0
32618,8,14,400000.0,700000.0,450000.0,750000.0
32618,9,14,450000.0,700000.0,500000.0,750000.0
32618,13,100,650000.0,5000000.0,700000.0,5050000.0
32626,12,83,600000.0,4150000.0,650000.0,4200000.0
32627,15,61,750000.0,3050000.0,800000.0,3100000.0
32628,4,63,200000.0,3150000.0,250000.0,3200000.0
32628,6,62,300000.0,3100000.0,350000.0,3150000.0
32628,7,62,350000.0,3100000.0,400000.0,3150000.0
32628,7,63,350000.0,3150000.0,400000.0,3200000.0
32628,7,145,350000.0,7250000.0,400000.0,7300000.0
32628,12,64,600000.0,3200000.0,650000.0,3250000.0
32629,8,65,400000.0,3250000.0,450000.0,3300000.0
32629,9,65,450000.0,3250000.0,500000.0,3300000.0
32629,10,65,500000.0,3250000.0,550000.0,3300000.0
32629,10,69,500000.0,3450000.0,550000.0,3500000.0
32629,11,68,550000.0,3400000.0,600000.0,3450000.0
32629,11,69,550000.0,3450000.0,600000.0,3500000.0
32629,12,69,600000.0,3450000.0,650000.0,3500000.0
32629,12,87,600000.0,4350000.0,650000.0,4400000.0
32629,12,88,600000.0,4400000.0,650000.0,4450000.0
32629,12,89,600000.0,4450000.0,650000.0,4500000.0
32629,12,92,600000.0,4600000.0,650000.0,4650000.0
32629,13,91,650000.0,4550000.0,700000.0,4600000.0
32629,13,127,650000.0,6350000.0,700000.0,6400000.0
32629,14,86,700000.0,4300000.0,750000.0,4350000.0
32629,14,87,700000.0,4350000.0,750000.0,4400000.0
32629,14,88,700000.0,4400000.0,750000.0,4450000.0
32630,5,81,250000.0,4050000.0,300000.0,4100000.0
32630,5,89,250000.0,4450000.0,300000.0,4500000.0
32630,6,81,300000.0,4050000.0,350000.0,4100000.0
32630,6,89,300000.0,4450000.0,350000.0,4500000.0
32630,6,91,300000.0,4550000.0,350000.0,4600000.0
32630,7,81,350000.0,4050000.0,400000.0,4100000.0
32630,7,82,350000.0,4100000.0,400000.0,4150000.0
32630,7,89,350000.0,4450000.0,400000.0,4500000.0
32630,7,90,350000.0,4500000.0,400000.0,4550000.0
32630,8,81,400000.0,4050000.0,450000.0,4100000.0
32630,8,83,400000.0,4150000.0,450000.0,4200000.0
32630,8,87,400000.0,4350000.0,450000.0,4400000.0
32630,8,90,400000.0,4500000.0,450000.0,4550000.0
32630,8,91,400000.0,4550000.0,450000.0,4600000.0
32630,8,106,400000.0,5300000.0,450000.0,5350000.0
32630,8,107,400000.0,5350000.0,450000.0,5400000.0
32630,9,82,450000.0,4100000.0,500000.0,4150000.0
32630,9,85,450000.0,4250000.0,500000.0,4300000.0
32630,9,87,450000.0,4350000.0,500000.0,4400000.0
32630,9,91,450000.0,4550000.0,500000.0,4600000.0
32630,9,95,450000.0,4750000.0,500000.0,4800000.0
32630,9,108,450000.0,5400000.0,500000.0,5450000.0
32630,10,83,500000.0,4150000.0,550000.0,4200000.0
32630,10,84,500000.0,4200000.0,550000.0,4250000.0
32630,10,106,500000.0,5300000.0,550000.0,5350000.0
32630,10,107,500000.0,5350000.0,550000.0,5400000.0
32630,10,108,500000.0,5400000.0,550000.0,5450000.0
32630,11,89,550000.0,4450000.0,600000.0,4500000.0
32630,11,93,550000.0,4650000.0,600000.0,4700000.0
32630,11,94,550000.0,4700000.0,600000.0,4750000.0
32630,11,105,550000.0,5250000.0,600000.0,5300000.0
32630,11,106,550000.0,5300000.0,600000.0,5350000.0
32630,11,107,550000.0,5350000.0,600000.0,5400000.0
32630,11,109,550000.0,5450000.0,600000.0,5500000.0
32630,11,110,550000.0,5500000.0,600000.0,5550000.0
32630,11,118,550000.0,5900000.0,600000.0,5950000.0
32630,11,120,550000.0,6000000.0,600000.0,6050000.0
32630,12,94,600000.0,4700000.0,650000.0,4750000.0
32630,12,95,600000.0,4750000.0,650000.0,4800000.0
32630,12,103,600000.0,5150000.0,650000.0,5200000.0
32630,12,104,600000.0,5200000.0,650000.0,5250000.0
32630,12,105,600000.0,5250000.0,650000.0,5300000.0
32630,12,107,600000.0,5350000.0,650000.0,5400000.0
32630,12,108,600000.0,5400000.0,650000.0,5450000.0
32630,13,93,650000.0,4650000.0,700000.0,4700000.0
32630,13,94,650000.0,4700000.0,700000.0,4750000.0
32630,13,95,650000.0,4750000.0,700000.0,4800000.0
32630,13,98,650000.0,4900000.0,700000.0,4950000.0
32630,13,101,650000.0,5050000.0,700000.0,5100000.0
32630,13,102,650000.0,5100000.0,700000.0,5150000.0
32630,13,103,650000.0,5150000.0,700000.0,5200000.0
32630,13,104,650000.0,5200000.0,700000.0,5250000.0
32630,13,105,650000.0,5250000.0,700000.0,5300000.0
32630,13,107,650000.0,5350000.0,700000.0,5400000.0
32630,13,108,650000.0,5400000.0,700000.0,5450000.0
32630,13,109,650000.0,5450000.0,700000.0,5500000.0
32630,14,94,700000.0,4700000.0,750000.0,4750000.0
32630,14,95,700000.0,4750000.0,750000.0,4800000.0
32630,14,100,700000.0,5000000.0,750000.0,5050000.0
32630,14,103,700000.0,5150000.0,750000.0,5200000.0
32630,14,104,700000.0,5200000.0,750000.0,5250000.0
32630,14,105,700000.0,5250000.0,750000.0,5300000.0
32630,14,107,700000.0,5350000.0,750000.0,5400000.0
32630,14,108,700000.0,5400000.0,750000.0,5450000.0
32630,14,109,700000.0,5450000.0,750000.0,5500000.0
32631,5,92,250000.0,4600000.0,300000.0,4650000.0
32631,5,93,250000.0,4650000.0,300000.0,4700000.0
32631,5,94,250000.0,4700000.0,300000.0,4750000.0
32631,5,95,250000.0,4750000.0,300000.0,4800000.0
32631,5,98,250000.0,4900000.0,300000.0,4950000.0
32631,5,100,250000.0,5000000.0,300000.0,5050000.0
32631,5,101,250000.0,5050000.0,300000.0,5100000.0
32631,5,102,250000.0,5100000.0,300000.0,5150000.0
32631,5,103,250000.0,5150000.0,300000.0,5200000.0
32631,5,109,250000.0,5450000.0,300000.0,5500000.0
32631,6,92,300000.0,4600000.0,350000.0,4650000.0
32631,6,93,300000.0,4650000.0,350000.0,4700000.0
32631,6,94,300000.0,4700000.0,350000.0,4750000.0
32631,6,95,300000.0,4750000.0,350000.0,4800000.0
32631,6,97,300000.0,4850000.0,350000.0,4900000.0
32631,6,98,300000.0,4900000.0,350000.0,4950000.0
32631,6,99,300000.0,4950000.0,350000.0,5000000.0
32631,6,102,300000.0,5100000.0,350000.0,5150000.0
32631,6,103,300000.0,5150000.0,350000.0,5200000.0
32631,6,108,300000.0,5400000.0,350000.0,5450000.0
32631,6,109,300000.0,5450000.0,350000.0,5500000.0
32631,6,110,300000.0,5500000.0,350000.0,5550000.0
32631,7,93,350000.0,4650000.0,400000.0,4700000.0
32631,7,94,350000.0,4700000.0,400000.0,4750000.0
32631,7,95,350000.0,4750000.0,400000.0,4800000.0
32631,7,97,350000.0,4850000.0,400000.0,4900000.0
32631,7,98,350000.0,4900000.0,400000.0,4950000.0
32631,7,99,350000.0,4950000.0,400000.0,5000000.0
32631,7,100,350000.0,5000000.0,400000.0,5050000.0
32631,7,102,350000.0,5100000.0,400000.0,5150000.0
32631,7,104,350000.0,5200000.0,400000.0,5250000.0
32631,7,105,350000.0,5250000.0,400000.0,5300000.0
32631,7,106,350000.0,5300000.0,400000.0,5350000.0
32631,7,108,350000.0,5400000.0,400000.0,5450000.0
32631,7,109,350000.0,5450000.0,400000.0,5500000.0
32631,7,110,350000.0,5500000.0,400000.0,5550000.0
32631,7,111,350000.0,5550000.0,400000.0,5600000.0
32631,8,93,400000.0,4650000.0,450000.0,4700000.0
32631,8,94,400000.0,4700000.0,450000.0,4750000.0
32631,8,95,400000.0,4750000.0,450000.0,4800000.0
32631,8,96,400000.0,4800000.0,450000.0,4850000.0
32631,8,97,400000.0,4850000.0,450000.0,4900000.0
32631,8,98,400000.0,4900000.0,450000.0,4950000.0
32631,8,99,400000.0,4950000.0,450000.0,5000000.0
32631,8,100,400000.0,5000000.0,450000.0,5050000.0
32631,8,102,400000.0,5100000.0,450000.0,5150000.0
32631,8,104,400000.0,5200000.0,450000.0,5250000.0
32631,8,105,400000.0,5250000.0,450000.0,5300000.0
32631,8,106,400000.0,5300000.0,450000.0,5350000.0
32631,8,107,400000.0,5350000.0,450000.0,5400000.0
32631,8,108,400000.0,5400000.0,450000.0,5450000.0
32631,8,109,400000.0,5450000.0,450000.0,5500000.0
32631,8,110,400000.0,5500000.0,450000.0,5550000.0
32631,8,112,400000.0,5600000.0,450000.0,5650000.0
32631,9,93,450000.0,4650000.0,500000.0,4700000.0
32631,9,94,450000.0,4700000.0,500000.0,4750000.0
32631,9,95,450000.0,4750000.0,500000.0,4800000.0
32631,9,96,450000.0,4800000.0,500000.0,4850000.0
32631,9,97,450000.0,4850000.0,500000.0,4900000.0
32631,9,98,450000.0,4900000.0,500000.0,4950000.0
32631,9,99,450000.0,4950000.0,500000.0,5000000.0
32631,9,100,450000.0,5000000.0,500000.0,5050000.0
32631,9,101,450000.0,5050000.0,500000.0,5100000.0
32631,9,102,450000.0,5100000.0,500000.0,5150000.0
32631,9,103,450000.0,5150000.0,500000.0,5200000.0
32631,9,104,450000.0,5200000.0,500000.0,5250000.0
32631,9,105,450000.0,5250000.0,500000.0,5300000.0
32631,9,106,450000.0,5300000.0,500000.0,5350000.0
32631,9,107,450000.0,5350000.0,500000.0,5400000.0
32631,9,111,450000.0,5550000.0,500000.0,5600000.0
32631,10,88,500000.0,4400000.0,550000.0,4450000.0
32631,10,96,500000.0,4800000.0,550000.0,4850000.0
32631,10,97,500000.0,4850000.0,550000.0,4900000.0
32631,10,98,500000.0,4900000.0,550000.0,4950000.0
32631,10,99,500000.0,4950000.0,550000.0,5000000.0
32631,10,100,500000.0,5000000.0,550000.0,5050000.0
32631,10,101,500000.0,5050000.0,550000.0,5100000.0
32631,10,102,500000.0,5100000.0,550000.0,5150000.0
32631,10,104,500000.0,5200000.0,550000.0,5250000.0
32631,10,106,500000.0,5300000.0,550000.0,5350000.0
32631,10,108,500000.0,5400000.0,550000.0,5450000.0
32631,10,109,500000.0,5450000.0,550000.0,5500000.0
32631,10,111,500000.0,5550000.0,550000.0,5600000.0
32631,11,97,550000.0,4850000.0,600000.0,4900000.0
32631,11,98,550000.0,4900000.0,600000.0,4950000.0
32631,11,99,550000.0,4950000.0,600000.0,5000000.0
32631,11,100,550000.0,5000000.0,600000.0,5050000.0
32631,11,101,550000.0,5050000.0,600000.0,5100000.0
32631,11,103,550000.0,5150000.0,600000.0,5200000.0
32631,11,105,550000.0,5250000.0,600000.0,5300000.0
32631,11,106,550000.0,5300000.0,600000.0,5350000.0
32631,11,107,550000.0,5350000.0,600000.0,5400000.0
32631,11,108,550000.0,5400000.0,600000.0,5450000.0
32631,11,109,550000.0,5450000.0,600000.0,5500000.0
32631,12,80,600000.0,4000000.0,650000.0,4050000.0
32631,12,97,600000.0,4850000.0,650000.0,4900000.0
32631,12,98,600000.0,4900000.0,650000.0,4950000.0
32631,12,99,600000.0,4950000.0,650000.0,5000000.0
32631,12,100,600000.0,5000000.0,650000.0,5050000.0
32631,12,101,600000.0,5050000.0,650000.0,5100000.0
32631,12,102,600000.0,5100000.0,650000.0,5150000.0
32631,12,103,600000.0,5150000.0,650000.0,5200000.0
32631,12,104,600000.0,5200000.0,650000.0,5250000.0
32631,12,105,600000.0,5250000.0,650000.0,5300000.0
32631,12,106,600000.0,5300000.0,650000.0,5350000.0
32631,12,109,600000.0,5450000.0,650000.0,5500000.0
32631,12,110,600000.0,5500000.0,650000.0,5550000.0
32631,12,111,600000.0,5550000.0,650000.0,5600000.0
32631,13,80,650000.0,4000000.0,700000.0,4050000.0
32631,13,96,650000.0,4800000.0,700000.0,4850000.0
32631,13,97,650000.0,4850000.0,700000.0,4900000.0
32631,13,98,650000.0,4900000.0,700000.0,4950000.0
32631,13,99,650000.0,4950000.0,700000.0,5000000.0
32631,13,100,650000.0,5000000.0,700000.0,5050000.0
32631,13,101,650000.0,5050000.0,700000.0,5100000.0
32631,13,102,650000.0,5100000.0,700000.0,5150000.0
32631,13,103,650000.0,5150000.0,700000.0,5200000.0
32631,13,104,650000.0,5200000.0,700000.0,5250000.0
32631,13,106,650000.0,5300000.0,700000.0,5350000.0
32631,13,107,650000.0,5350000.0,700000.0,5400000.0
32631,13,108,650000.0,5400000.0,700000.0,5450000.0
32631,13,109,650000.0,5450000.0,700000.0,5500000.0
32631,13,111,650000.0,5550000.0,700000.0,5600000.0
32631,13,112,650000.0,5600000.0,700000.0,5650000.0
32631,14,95,700000.0,4750000.0,750000.0,4800000.0
32631,14,96,700000.0,4800000.0,750000.0,4850000.0
32631,14,97,700000.0,4850000.0,750000.0,4900000.0
32631,14,98,700000.0,4900000.0,750000.0,4950000.0
32631,14,99,700000.0,4950000.0,750000.0,5000000.0
32631,14,100,700000.0,5000000.0,750000.0,5050000.0
32631,14,101,700000.0,5050000.0,750000.0,5100000.0
32631,14,102,700000.0,5100000.0,750000.0,5150000.0
32631,14,103,700000.0,5150000.0,750000.0,5200000.0
32631,14,104,700000.0,5200000.0,750000.0,5250000.0
32631,14,106,700000.0,5300000.0,750000.0,5350000.0
32631,14,107,700000.0,5350000.0,750000.0,5400000.0
32631,14,108,700000.0,5400000.0,750000.0,5450000.0
32631,14,109,700000.0,5450000.0,750000.0,5500000.0
32631,14,111,700000.0,5550000.0,750000.0,5600000.0
32632,5,96,250000.0,4800000.0,300000.0,4850000.0
32632,5,97,250000.0,4850000.0,300000.0,4900000.0
32632,5,98,250000.0,4900000.0,300000.0,4950000.0
32632,5,99,250000.0,4950000.0,300000.0,5000000.0
32632,5,100,250000.0,5000000.0,300000.0,5050000.0
32632,5,101,250000.0,5050000.0,300000.0,5100000.0
32632,5,102,250000.0,5100000.0,300000.0,5150000.0
32632,5,103,250000.0,5150000.0,300000.0,5200000.0
32632,5,104,250000.0,5200000.0,300000.0,5250000.0
32632,5,105,250000.0,5250000.0,300000.0,5300000.0
32632,5,107,250000.0,5350000.0,300000.0,5400000.0
32632,5,108,250000.0,5400000.0,300000.0,5450000.0
32632,5,109,250000.0,5450000.0,300000.0,5500000.0
32632,5,110,250000.0,5500000.0,300000.0,5550000.0
32632,6,96,300000.0,4800000.0,350000.0,4850000.0
32632,6,97,300000.0,4850000.0,350000.0,4900000.0
32632,6,98,300000.0,4900000.0,350000.0,4950000.0
32632,6,99,300000.0,4950000.0,350000.0,5000000.0
32632,6,100,300000.0,5000000.0,350000.0,5050000.0
32632,6,101,300000.0,5050000.0,350000.0,5100000.0
32632,6,102,300000.0,5100000.0,350000.0,5150000.0
32632,6,103,300000.0,5150000.0,350000.0,5200000.0
32632,6,104,300000.0,5200000.0,350000.0,5250000.0
32632,6,105,300000.0,5250000.0,350000.0,5300000.0
32632,6,106,300000.0,5300000.0,350000.0,5350000.0
32632,6,109,300000.0,5450000.0,350000.0,5500000.0
32632,6,110,300000.0,5500000.0,350000.0,5550000.0
32632,7,96,350000.0,4800000.0,400000.0,4850000.0
32632,7,97,350000.0,4850000.0,400000.0,4900000.0
32632,7,98,350000.0,4900000.0,400000.0,4950000.0
32632,7,99,350000.0,4950000.0,400000.0,5000000.0
32632,7,100,350000.0,5000000.0,400000.0,5050000.0
32632,7,101,350000.0,5050000.0,400000.0,5100000.0
32632,7,102,350000.0,5100000.0,400000.0,5150000.0
32632,7,103,350000.0,5150000.0,400000.0,5200000.0
32632,7,104,350000.0,5200000.0,400000.0,5250000.0
32632,7,105,350000.0,5250000.0,400000.0,5300000.0
32632,7,106,350000.0,5300000.0,400000.0,5350000.0
32632,7,107,350000.0,5350000.0,400000.0,5400000.0
32632,7,108,350000.0,5400000.0,400000.0,5450000.0
32632,7,111,350000.0,5550000.0,400000.0,5600000.0
32632,8,97,400000.0,4850000.0,450000.0,4900000.0
32632,8,98,400000.0,4900000.0,450000.0,4950000.0
32632,8,100,400000.0,5000000.0,450000.0,5050000.0
32632,8,101,400000.0,5050000.0,450000.0,5100000.0
32632,8,102,400000.0,5100000.0,450000.0,5150000.0
32632,8,103,400000.0,5150000.0,450000.0,5200000.0
32632,8,105,400000.0,5250000.0,450000.0,5300000.0
32632,8,106,400000.0,5300000.0,450000.0,5350000.0
32632,8,107,400000.0,5350000.0,450000.0,5400000.0
32632,8,108,400000.0,5400000.0,450000.0,5450000.0
32632,8,110,400000.0,5500000.0,450000.0,5550000.0
32632,9,92,450000.0,4600000.0,500000.0,4650000.0
32632,9,93,450000.0,4650000.0,500000.0,4700000.0
32632,9,94,450000.0,4700000.0,500000.0,4750000.0
32632,9,101,450000.0,5050000.0,500000.0,5100000.0
32632,9,102,450000.0,5100000.0,500000.0,5150000.0
32632,9,103,450000.0,5150000.0,500000.0,5200000.0
32632,9,104,450000.0,5200000.0,500000.0,5250000.0
32632,9,137,450000.0,6850000.0,500000.0,6900000.0
32632,10,93,500000.0,4650000.0,550000.0,4700000.0
32632,10,94,500000.0,4700000.0,550000.0,4750000.0
32632,10,99,500000.0,4950000.0,550000.0,5000000.0
32632,10,101,500000.0,5050000.0,550000.0,5100000.0
32632,10,104,500000.0,5200000.0,550000.0,5250000.0
32632,11,98,550000.0,4900000.0,600000.0,4950000.0
32632,11,101,550000.0,5050000.0,600000.0,5100000.0
32632,11,104,550000.0,5200000.0,600000.0,5250000.0
32632,11,105,550000.0,5250000.0,600000.0,5300000.0
32632,11,111,550000.0,5550000.0,600000.0,5600000.0
32632,12,96,600000.0,4800000.0,650000.0,4850000.0
32632,12,98,600000.0,4900000.0,650000.0,4950000.0
32632,12,101,600000.0,5050000.0,650000.0,5100000.0
32632,12,102,600000.0,5100000.0,650000.0,5150000.0
32632,12,104,600000.0,5200000.0,650000.0,5250000.0
32632,13,101,650000.0,5050000.0,700000.0,5100000.0
32632,13,102,650000.0,5100000.0,700000.0,5150000.0
32632,13,104,650000.0,5200000.0,700000.0,5250000.0
32632,13,105,650000.0,5250000.0,700000.0,5300000.0
32632,13,110,650000.0,5500000.0,700000.0,5550000.0
32632,13,112,650000.0,5600000.0,700000.0,5650000.0
32632,14,101,700000.0,5050000.0,750000.0,5100000.0
32632,14,102,700000.0,5100000.0,750000.0,5150000.0
32632,14,103,700000.0,5150000.0,750000.0,5200000.0
32632,14,104,700000.0,5200000.0,750000.0,5250000.0
32632,14,105,700000.0,5250000.0,750000.0,5300000.0
32633,5,102,250000.0,5100000.0,300000.0,5150000.0
32633,5,104,250000.0,5200000.0,300000.0,5250000.0
32633,5,105,250000.0,5250000.0,300000.0,5300000.0
32633,6,84,300000.0,4200000.0,350000.0,4250000.0
32633,6,92,300000.0,4600000.0,350000.0,4650000.0
32633,6,94,300000.0,4700000.0,350000.0,4750000.0
32633,6,95,300000.0,4750000.0,350000.0,4800000.0
32633,6,96,300000.0,4800000.0,350000.0,4850000.0
32633,6,102,300000.0,5100000.0,350000.0,5150000.0
32633,6,103,300000.0,5150000.0,350000.0,5200000.0
32633,6,104,300000.0,5200000.0,350000.0,5250000.0
32633,6,105,300000.0,5250000.0,350000.0,5300000.0
32633,7,84,350000.0,4200000.0,400000.0,4250000.0
32633,7,92,350000.0,4600000.0,400000.0,4650000.0
32633,7,93,350000.0,4650000.0,400000.0,4700000.0
32633,7,94,350000.0,4700000.0,400000.0,4750000.0
32633,7,95,350000.0,4750000.0,400000.0,4800000.0
32633,7,102,350000.0,5100000.0,400000.0,5150000.0
32633,7,103,350000.0,5150000.0,400000.0,5200000.0
32633,7,105,350000.0,5250000.0,400000.0,5300000.0
32633,8,83,400000.0,4150000.0,450000.0,4200000.0
32633,8,93,400000.0,4650000.0,450000.0,4700000.0
32633,8,101,400000.0,5050000.0,450000.0,5100000.0
32633,8,102,400000.0,5100000.0,450000.0,5150000.0
32633,8,103,400000.0,5150000.0,450000.0,5200000.0
32633,9,99,450000.0,4950000.0,500000.0,5000000.0
32633,9,102,450000.0,5100000.0,500000.0,5150000.0
32633,13,95,650000.0,4750000.0,700000.0,4800000.0
32634,5,94,250000.0,4700000.0,300000.0,4750000.0
32634,6,93,300000.0,4650000.0,350000.0,4700000.0
32634,8,90,400000.0,4500000.0,450000.0,4550000.0
32634,9,87,450000.0,4350000.0,500000.0,4400000.0
32634,9,88,450000.0,4400000.0,500000.0,4450000.0
32634,9,90,450000.0,4500000.0,500000.0,4550000.0
32634,9,96,450000.0,4800000.0,500000.0,4850000.0
32634,10,85,500000.0,4250000.0,550000.0,4300000.0
32634,10,91,500000.0,4550000.0,550000.0,4600000.0
32634,10,99,500000.0,4950000.0,550000.0,5000000.0
32634,11,102,550000.0,5100000.0,600000.0,5150000.0
32634,12,83,600000.0,4150000.0,650000.0,4200000.0
32634,12,85,600000.0,4250000.0,650000.0,4300000.0
32634,12,88,600000.0,4400000.0,650000.0,4450000.0
32634,13,82,650000.0,4100000.0,700000.0,4150000.0
32634,13,83,650000.0,4150000.0,700000.0,4200000.0
32634,13,93,650000.0,4650000.0,700000.0,4700000.0
32634,13,94,650000.0,4700000.0,700000.0,4750000.0
32634,13,107,650000.0,5350000.0,700000.0,5400000.0
32634,14,93,700000.0,4650000.0,750000.0,4700000.0
32635,5,93,250000.0,4650000.0,300000.0,4700000.0
32635,6,92,300000.0,4600000.0,350000.0,4650000.0
32635,6,93,300000.0,4650000.0,350000.0,4700000.0
32635,6,94,300000.0,4700000.0,350000.0,4750000.0
32635,7,94,350000.0,4700000.0,400000.0,4750000.0
32635,7,100,350000.0,5000000.0,400000.0,5050000.0
32635,13,80,650000.0,4000000.0,700000.0,4050000.0
32635,14,81,700000.0,4050000.0,750000.0,4100000.0
32636,5,80,250000.0,4000000.0,300000.0,4050000.0
32636,14,75,700000.0,3750000.0,750000.0,3800000.0
32636,15,1,750000.0,50000.0,800000.0,100000.0
32638,6,95,300000.0,4750000.0,350000.0,4800000.0
32638,9,89,450000.0,4450000.0,500000.0,4500000.0
32638,13,25,650000.0,1250000.0,700000.0,1300000.0
32639,11,65,550000.0,3250000.0,600000.0,3300000.0
32643,7,39,350000.0,1950000.0,400000.0,2000000.0
32643,13,70,650000.0,3500000.0,700000.0,3550000.0
32644,15,62,750000.0,3100000.0,800000.0,3150000.0
32644,15,63,750000.0,3150000.0,800000.0,3200000.0
32645,4,61,200000.0,3050000.0,250000.0,3100000.0
32647,15,33,750000.0,1650000.0,800000.0,1700000.0
32650,8,13,400000.0,650000.0,450000.0,700000.0
32652,10,78,500000.0,3900000.0,550000.0,3950000.0
32654,8,80,400000.0,4000000.0,450000.0,4050000.0
32706,4,160,200000.0,8000000.0,250000.0,8050000.0
32706,4,161,200000.0,8050000.0,250000.0,8100000.0
32719,5,107,250000.0,5350000.0,300000.0,5400000.0
32719,5,108,250000.0,5400000.0,300000.0,5450000.0
32719,7,125,350000.0,6250000.0,400000.0,6300000.0
32719,7,126,350000.0,6300000.0,400000.0,6350000.0
32719,7,153,350000.0,7650000.0,400000.0,7700000.0
32719,7,154,350000.0,7700000.0,400000.0,7750000.0
32719,7,155,350000.0,7750000.0,400000.0,7800000.0
32720,5,140,250000.0,7000000.0,300000.0,7050000.0
32721,8,116,400000.0,5800000.0,450000.0,5850000.0
32723,3,187,150000.0,9350000.0,200000.0,9400000.0
32723,4,166,200000.0,8300000.0,250000.0,8350000.0
32723,6,151,300000.0,7550000.0,350000.0,7600000.0
32723,8,149,400000.0,7450000.0,450000.0,7500000.0
32723,8,150,400000.0,7500000.0,450000.0,7550000.0
32723,9,151,450000.0,7550000.0,500000.0,7600000.0
32723,10,150,500000.0,7500000.0,550000.0,7550000.0
32723,12,149,600000.0,7450000.0,650000.0,7500000.0
32723,13,149,650000.0,7450000.0,700000.0,7500000.0
32723,14,149,700000.0,7450000.0,750000.0,7500000.0
32724,3,158,150000.0,7900000.0,200000.0,7950000.0
32724,5,154,250000.0,7700000.0,300000.0,7750000.0
32724,5,156,250000.0,7800000.0,300000.0,7850000.0
32724,6,157,300000.0,7850000.0,350000.0,7900000.0
32724,8,171,400000.0,8550000.0,450000.0,8600000.0
32724,9,188,450000.0,9400000.0,500000.0,9450000.0
32724,12,186,600000.0,9300000.0,650000.0,9350000.0
32724,13,186,650000.0,9300000.0,700000.0,9350000.0
32724,14,185,700000.0,9250000.0,750000.0,9300000.0
32724,14,187,700000.0,9350000.0,750000.0,9400000.0
32724,15,185,750000.0,9250000.0,800000.0,9300000.0
32725,4,185,200000.0,9250000.0,250000.0,9300000.0
32733,13,144,650000.0,7200000.0,700000.0,7250000.0
32734,5,127,250000.0,6350000.0,300000.0,6400000.0
32734,6,123,300000.0,6150000.0,350000.0,6200000.0
32734,6,124,300000.0,6200000.0,350000.0,6250000.0
32734,6,125,300000.0,6250000.0,350000.0,6300000.0
32734,6,127,300000.0,6350000.0,350000.0,6400000.0
32734,6,130,300000.0,6500000.0,350000.0,6550000.0
32734,11,126,550000.0,6300000.0,600000.0,6350000.0
32734,11,137,550000.0,6850000.0,600000.0,6900000.0
32734,12,124,600000.0,6200000.0,650000.0,6250000.0
32734,13,124,650000.0,6200000.0,700000.0,6250000.0
32735,5,128,250000.0,6400000.0,300000.0,6450000.0
32735,15,133,750000.0,6650000.0,800000.0,6700000.0
32736,6,142,300000.0,7100000.0,350000.0,7150000.0
32738,13,151,650000.0,7550000.0,700000.0,7600000.0
32740,6,153,300000.0,7650000.0,350000.0,7700000.0
32740,7,152,350000.0,7600000.0,400000.0,7650000.0
32740,7,153,350000.0,7650000.0,400000.0,7700000.0
32740,10,154,500000.0,7700000.0,550000.0,7750000.0
32754,13,120,650000.0,6000000.0,700000.0,6050000.0
32754,14,130,700000.0,6500000.0,750000.0,6550000.0
32755,9,118,450000.0,5900000.0,500000.0,5950000.0
32755,11,126,550000.0,6300000.0,600000.0,6350000.0
32756,5,132,250000.0,6600000.0,300000.0,6650000.0
32758,11,151,550000.0,7550000.0,600000.0,7600000.0
32758,11,152,550000.0,7600000.0,600000.0,7650000.0
32758,12,151,600000.0,7550000.0,650000.0,7600000.0
32759,6,100,300000.0,5000000.0,350000.0,5050000.0
32759,6,101,300000.0,5050000.0,350000.0,5100000.0
32759,7,101,350000.0,5050000.0,400000.0,5100000.0
